row_id,feature_name,shap_value,feature_value,timestamp,model_name,base_value
0,Avg Draft (Calculated),-173.88836401081468,9.945,2024-12-22 11:30:00,GAM,4377.555389416918
1,Avg Draft (Calculated),255.4627663729584,11.615,2024-03-09 10:00:00,GAM,4377.555389416918
2,Avg Draft (Calculated),-1070.2460780104323,6.145,2024-04-12 18:15:00,GAM,4377.555389416918
3,Avg Draft (Calculated),897.7604686355203,14.25,2024-08-05 02:15:00,GAM,4377.555389416918
4,Avg Draft (Calculated),829.3656301938194,14.2,2024-08-24 05:00:00,GAM,4377.555389416918
5,Avg Draft (Calculated),-803.1928032450672,6.42,2024-04-28 22:15:00,GAM,4377.555389416918
6,Avg Draft (Calculated),-803.1928032450695,6.42,2024-04-29 15:00:00,GAM,4377.555389416918
7,Avg Draft (Calculated),829.3656301938189,14.2,2024-08-24 07:30:00,GAM,4377.555389416918
8,Avg Draft (Calculated),-173.88836401081332,9.945,2024-12-20 13:45:00,GAM,4377.555389416918
9,Avg Draft (Calculated),-173.88836401081394,9.945,2024-12-24 11:45:00,GAM,4377.555389416918
10,Avg Draft (Calculated),1810.3014935961226,14.7,2024-09-14 02:00:00,GAM,4377.555389416918
11,Avg Draft (Calculated),284.0567453607971,11.84,2024-02-10 19:00:00,GAM,4377.555389416918
12,Avg Draft (Calculated),1810.3014935961212,14.7,2024-09-12 02:45:00,GAM,4377.555389416918
13,Avg Draft (Calculated),-803.1928032450688,6.42,2024-05-05 15:30:00,GAM,4377.555389416918
14,Avg Draft (Calculated),1810.3014935961212,14.7,2024-09-15 02:15:00,GAM,4377.555389416918
15,Avg Draft (Calculated),-1070.246078010432,6.145,2024-04-02 01:45:00,GAM,4377.555389416918
16,Avg Draft (Calculated),-173.88836401081346,9.945,2024-12-27 03:45:00,GAM,4377.555389416918
17,Avg Draft (Calculated),255.46276637295765,11.615,2024-03-12 02:45:00,GAM,4377.555389416918
18,Avg Draft (Calculated),255.46276637295838,11.615,2024-03-17 07:45:00,GAM,4377.555389416918
19,Avg Draft (Calculated),-173.88836401081355,9.945,2024-12-14 15:15:00,GAM,4377.555389416918
20,Avg Draft (Calculated),-1119.1953433904498,6.1,2024-10-26 01:45:00,GAM,4377.555389416918
21,Avg Draft (Calculated),-1070.246078010432,6.145,2024-04-01 22:00:00,GAM,4377.555389416918
22,Avg Draft (Calculated),-803.1928032450696,6.42,2024-05-11 08:45:00,GAM,4377.555389416918
23,Avg Draft (Calculated),-803.1928032450694,6.42,2024-04-30 21:45:00,GAM,4377.555389416918
24,Avg Draft (Calculated),897.7604686355207,14.25,2024-08-02 07:15:00,GAM,4377.555389416918
25,Avg Draft (Calculated),255.46276637295824,11.615,2024-02-28 08:00:00,GAM,4377.555389416918
26,Avg Draft (Calculated),255.46276637295782,11.615,2024-03-03 03:45:00,GAM,4377.555389416918
27,Avg Draft (Calculated),-1119.1953433904487,6.1,2024-11-11 13:30:00,GAM,4377.555389416918
28,Avg Draft (Calculated),255.46276637295793,11.615,2024-02-28 17:45:00,GAM,4377.555389416918
29,Avg Draft (Calculated),255.462766372958,11.615,2024-02-17 22:00:00,GAM,4377.555389416918
30,Avg Draft (Calculated),-820.4460451972639,6.4,2024-11-20 07:00:00,GAM,4377.555389416918
31,Avg Draft (Calculated),255.46276637295864,11.615,2024-02-25 02:30:00,GAM,4377.555389416918
32,Avg Draft (Calculated),255.4627663729589,11.615,2024-03-10 23:15:00,GAM,4377.555389416918
33,Avg Draft (Calculated),255.46276637295855,11.615,2024-03-20 15:30:00,GAM,4377.555389416918
34,Avg Draft (Calculated),829.3656301938204,14.2,2024-08-17 00:15:00,GAM,4377.555389416918
35,Avg Draft (Calculated),-41.893477815738834,10.43,2024-06-05 05:15:00,GAM,4377.555389416918
36,Avg Draft (Calculated),-573.2794195096155,6.75,2024-07-20 01:30:00,GAM,4377.555389416918
37,Avg Draft (Calculated),-1119.195343390448,6.1,2024-11-11 15:15:00,GAM,4377.555389416918
38,Avg Draft (Calculated),284.0567453607979,11.84,2024-02-14 05:30:00,GAM,4377.555389416918
39,Avg Draft (Calculated),255.4627663729585,11.615,2024-02-16 01:00:00,GAM,4377.555389416918
40,Avg Draft (Calculated),1810.3014935961203,14.7,2024-09-12 03:30:00,GAM,4377.555389416918
41,Avg Draft (Calculated),-803.192803245068,6.42,2024-05-02 05:30:00,GAM,4377.555389416918
42,Avg Draft (Calculated),1810.301493596121,14.7,2024-09-15 14:15:00,GAM,4377.555389416918
43,Avg Draft (Calculated),829.3656301938202,14.2,2024-08-22 00:30:00,GAM,4377.555389416918
44,Avg Draft (Calculated),-573.279419509615,6.75,2024-07-25 09:45:00,GAM,4377.555389416918
45,Avg Draft (Calculated),-204.41531044170847,9.81,2024-12-28 23:30:00,GAM,4377.555389416918
46,Avg Draft (Calculated),1810.3014935961223,14.7,2024-09-15 19:00:00,GAM,4377.555389416918
47,Avg Draft (Calculated),-1070.2460780104323,6.145,2024-04-10 16:45:00,GAM,4377.555389416918
48,Avg Draft (Calculated),-1119.195343390448,6.1,2024-10-20 09:15:00,GAM,4377.555389416918
49,Avg Draft (Calculated),-573.2794195096151,6.75,2024-07-24 18:30:00,GAM,4377.555389416918
50,Avg Draft (Calculated),255.4627663729595,11.615,2024-02-23 12:30:00,GAM,4377.555389416918
51,Avg Draft (Calculated),-1119.1953433904482,6.1,2024-11-03 22:00:00,GAM,4377.555389416918
52,Avg Draft (Calculated),255.46276637295819,11.615,2024-02-28 14:30:00,GAM,4377.555389416918
53,Avg Draft (Calculated),-1119.1953433904478,6.1,2024-11-09 07:30:00,GAM,4377.555389416918
54,Avg Draft (Calculated),829.3656301938192,14.2,2024-08-23 03:15:00,GAM,4377.555389416918
55,Avg Draft (Calculated),255.46276637295787,11.615,2024-02-29 22:45:00,GAM,4377.555389416918
56,Avg Draft (Calculated),-173.88836401081338,9.945,2024-12-16 01:30:00,GAM,4377.555389416918
57,Avg Draft (Calculated),1810.30149359612,14.7,2024-09-18 22:45:00,GAM,4377.555389416918
58,Avg Draft (Calculated),-803.1928032450695,6.42,2024-04-24 16:30:00,GAM,4377.555389416918
59,Avg Draft (Calculated),255.46276637295838,11.615,2024-02-24 23:15:00,GAM,4377.555389416918
60,Avg Draft (Calculated),1810.301493596121,14.7,2024-09-14 11:00:00,GAM,4377.555389416918
61,Avg Draft (Calculated),-803.1928032450687,6.42,2024-04-27 12:45:00,GAM,4377.555389416918
62,Avg Draft (Calculated),-573.2794195096152,6.75,2024-07-16 23:30:00,GAM,4377.555389416918
63,Avg Draft (Calculated),-573.279419509615,6.75,2024-07-18 08:00:00,GAM,4377.555389416918
64,Avg Draft (Calculated),-1070.2460780104323,6.145,2024-04-03 06:15:00,GAM,4377.555389416918
65,Avg Draft (Calculated),897.7604686355193,14.25,2024-08-04 14:45:00,GAM,4377.555389416918
66,Avg Draft (Calculated),255.4627663729578,11.615,2024-03-17 21:45:00,GAM,4377.555389416918
67,Avg Draft (Calculated),897.7604686355191,14.25,2024-08-08 08:30:00,GAM,4377.555389416918
68,Avg Draft (Calculated),-173.88836401081414,9.945,2024-12-25 00:15:00,GAM,4377.555389416918
69,Avg Draft (Calculated),-173.88836401081454,9.945,2024-12-17 16:45:00,GAM,4377.555389416918
70,Avg Draft (Calculated),829.3656301938187,14.2,2024-08-22 22:45:00,GAM,4377.555389416918
71,Avg Draft (Calculated),255.46276637295793,11.615,2024-03-17 20:15:00,GAM,4377.555389416918
72,Avg Draft (Calculated),255.46276637295782,11.615,2024-02-17 09:15:00,GAM,4377.555389416918
73,Avg Draft (Calculated),255.4627663729586,11.615,2024-03-01 06:00:00,GAM,4377.555389416918
74,Avg Draft (Calculated),829.3656301938207,14.2,2024-08-15 18:00:00,GAM,4377.555389416918
75,Avg Draft (Calculated),-573.2794195096151,6.75,2024-07-17 19:00:00,GAM,4377.555389416918
76,Avg Draft (Calculated),-1070.2460780104325,6.145,2024-04-02 12:15:00,GAM,4377.555389416918
77,Avg Draft (Calculated),897.760468635519,14.25,2024-08-06 22:30:00,GAM,4377.555389416918
78,Avg Draft (Calculated),-173.88836401081429,9.945,2024-12-17 15:00:00,GAM,4377.555389416918
79,Avg Draft (Calculated),255.4627663729583,11.615,2024-02-20 16:15:00,GAM,4377.555389416918
80,Avg Draft (Calculated),1810.3014935961223,14.7,2024-09-19 23:30:00,GAM,4377.555389416918
81,Avg Draft (Calculated),-1119.1953433904475,6.1,2024-11-11 06:00:00,GAM,4377.555389416918
82,Avg Draft (Calculated),829.3656301938186,14.2,2024-08-19 12:30:00,GAM,4377.555389416918
83,Avg Draft (Calculated),1810.3014935961203,14.7,2024-09-17 09:00:00,GAM,4377.555389416918
84,Avg Draft (Calculated),-1119.1953433904484,6.1,2024-11-13 04:45:00,GAM,4377.555389416918
85,Avg Draft (Calculated),-1102.7426404067326,6.115,2024-05-11 13:15:00,GAM,4377.555389416918
86,Avg Draft (Calculated),-1070.2460780104334,6.145,2024-04-15 05:00:00,GAM,4377.555389416918
87,Avg Draft (Calculated),1810.3014935961194,14.7,2024-09-14 10:00:00,GAM,4377.555389416918
88,Avg Draft (Calculated),-803.1928032450692,6.42,2024-05-08 14:30:00,GAM,4377.555389416918
89,Avg Draft (Calculated),-173.88836401081346,9.945,2024-12-26 19:15:00,GAM,4377.555389416918
90,Avg Draft (Calculated),255.46276637295858,11.615,2024-02-28 15:45:00,GAM,4377.555389416918
91,Avg Draft (Calculated),-573.2794195096153,6.75,2024-07-20 22:15:00,GAM,4377.555389416918
92,Avg Draft (Calculated),255.46276637295838,11.615,2024-03-15 00:15:00,GAM,4377.555389416918
93,Avg Draft (Calculated),-803.1928032450695,6.42,2024-04-26 14:00:00,GAM,4377.555389416918
94,Avg Draft (Calculated),829.3656301938189,14.2,2024-08-20 10:00:00,GAM,4377.555389416918
95,Avg Draft (Calculated),1810.30149359612,14.7,2024-09-14 14:30:00,GAM,4377.555389416918
96,Avg Draft (Calculated),-173.8883640108147,9.945,2024-11-30 23:30:00,GAM,4377.555389416918
97,Avg Draft (Calculated),-803.1928032450679,6.42,2024-04-28 19:00:00,GAM,4377.555389416918
98,Avg Draft (Calculated),-803.1928032450696,6.42,2024-05-05 15:45:00,GAM,4377.555389416918
99,Avg Draft (Calculated),-573.2794195096161,6.75,2024-07-16 12:00:00,GAM,4377.555389416918
100,Avg Draft (Calculated),-573.2794195096158,6.75,2024-07-23 00:30:00,GAM,4377.555389416918
101,Avg Draft (Calculated),-173.88836401081355,9.945,2024-12-22 13:15:00,GAM,4377.555389416918
102,Avg Draft (Calculated),231.55557450002888,11.47,2024-03-26 15:00:00,GAM,4377.555389416918
103,Avg Draft (Calculated),897.7604686355189,14.25,2024-08-08 16:15:00,GAM,4377.555389416918
104,Avg Draft (Calculated),829.3656301938187,14.2,2024-08-14 09:30:00,GAM,4377.555389416918
105,Avg Draft (Calculated),255.46276637295804,11.615,2024-02-26 12:00:00,GAM,4377.555389416918
106,Avg Draft (Calculated),255.4627663729585,11.615,2024-02-28 09:30:00,GAM,4377.555389416918
107,Avg Draft (Calculated),284.05674536079795,11.84,2024-02-09 05:45:00,GAM,4377.555389416918
108,Avg Draft (Calculated),897.7604686355194,14.25,2024-08-04 02:30:00,GAM,4377.555389416918
109,Avg Draft (Calculated),-573.2794195096159,6.75,2024-07-20 09:00:00,GAM,4377.555389416918
110,Avg Draft (Calculated),255.46276637295793,11.615,2024-03-01 09:30:00,GAM,4377.555389416918
111,Avg Draft (Calculated),1810.3014935961214,14.7,2024-09-19 01:00:00,GAM,4377.555389416918
112,Avg Draft (Calculated),897.7604686355194,14.25,2024-08-04 01:45:00,GAM,4377.555389416918
113,Avg Draft (Calculated),-173.8883640108137,9.945,2024-12-22 01:45:00,GAM,4377.555389416918
114,Avg Draft (Calculated),284.05674536079766,11.84,2024-02-13 18:00:00,GAM,4377.555389416918
115,Avg Draft (Calculated),829.3656301938196,14.2,2024-08-17 03:45:00,GAM,4377.555389416918
116,Avg Draft (Calculated),-173.88836401081437,9.945,2024-12-01 21:30:00,GAM,4377.555389416918
117,Avg Draft (Calculated),231.555574500029,11.47,2024-03-27 03:00:00,GAM,4377.555389416918
118,Avg Draft (Calculated),-1119.195343390449,6.1,2024-10-23 08:00:00,GAM,4377.555389416918
119,Avg Draft (Calculated),255.4627663729585,11.615,2024-02-17 12:45:00,GAM,4377.555389416918
120,Avg Draft (Calculated),1810.3014935961198,14.7,2024-09-19 03:30:00,GAM,4377.555389416918
121,Avg Draft (Calculated),255.4627663729581,11.615,2024-02-23 13:30:00,GAM,4377.555389416918
122,Avg Draft (Calculated),-803.1928032450677,6.42,2024-04-28 09:30:00,GAM,4377.555389416918
123,Avg Draft (Calculated),-803.1928032450692,6.42,2024-04-28 04:30:00,GAM,4377.555389416918
124,Avg Draft (Calculated),-803.1928032450696,6.42,2024-04-26 23:15:00,GAM,4377.555389416918
125,Avg Draft (Calculated),1810.3014935961203,14.7,2024-09-18 01:00:00,GAM,4377.555389416918
126,Avg Draft (Calculated),829.3656301938187,14.2,2024-08-14 04:30:00,GAM,4377.555389416918
127,Avg Draft (Calculated),-1119.1953433904482,6.1,2024-11-13 15:00:00,GAM,4377.555389416918
128,Avg Draft (Calculated),-803.1928032450697,6.42,2024-05-06 15:00:00,GAM,4377.555389416918
129,Avg Draft (Calculated),-803.192803245068,6.42,2024-04-28 11:45:00,GAM,4377.555389416918
130,Avg Draft (Calculated),-1119.195343390448,6.1,2024-11-06 06:45:00,GAM,4377.555389416918
131,Avg Draft (Calculated),829.365630193819,14.2,2024-08-21 08:30:00,GAM,4377.555389416918
132,Avg Draft (Calculated),-1070.246078010434,6.145,2024-04-11 21:30:00,GAM,4377.555389416918
133,Avg Draft (Calculated),-1119.1953433904482,6.1,2024-11-11 10:30:00,GAM,4377.555389416918
134,Avg Draft (Calculated),-173.88836401081355,9.945,2024-12-15 14:45:00,GAM,4377.555389416918
135,Avg Draft (Calculated),-1070.246078010433,6.145,2024-04-03 04:45:00,GAM,4377.555389416918
136,Avg Draft (Calculated),-1119.1953433904496,6.1,2024-10-26 06:15:00,GAM,4377.555389416918
137,Avg Draft (Calculated),-803.1928032450679,6.42,2024-04-25 14:30:00,GAM,4377.555389416918
138,Avg Draft (Calculated),-1119.1953433904462,6.1,2024-10-18 10:45:00,GAM,4377.555389416918
139,Avg Draft (Calculated),-41.89347781573906,10.43,2024-06-02 01:30:00,GAM,4377.555389416918
140,Avg Draft (Calculated),829.3656301938189,14.2,2024-08-22 23:30:00,GAM,4377.555389416918
141,Avg Draft (Calculated),-173.88836401081394,9.945,2024-12-22 13:45:00,GAM,4377.555389416918
142,Avg Draft (Calculated),829.3656301938191,14.2,2024-08-22 17:45:00,GAM,4377.555389416918
143,Avg Draft (Calculated),231.55557450002908,11.47,2024-03-22 19:00:00,GAM,4377.555389416918
144,Avg Draft (Calculated),897.7604686355202,14.25,2024-08-02 04:45:00,GAM,4377.555389416918
145,Avg Draft (Calculated),231.55557450003002,11.47,2024-03-27 03:15:00,GAM,4377.555389416918
146,Avg Draft (Calculated),255.4627663729587,11.615,2024-03-02 08:15:00,GAM,4377.555389416918
147,Avg Draft (Calculated),255.4627663729579,11.615,2024-02-29 02:45:00,GAM,4377.555389416918
148,Avg Draft (Calculated),829.3656301938203,14.2,2024-08-15 06:30:00,GAM,4377.555389416918
149,Avg Draft (Calculated),255.46276637295782,11.615,2024-03-16 22:00:00,GAM,4377.555389416918
150,Avg Draft (Calculated),829.36563019382,14.2,2024-08-15 18:15:00,GAM,4377.555389416918
151,Avg Draft (Calculated),-803.1928032450691,6.42,2024-05-11 03:00:00,GAM,4377.555389416918
152,Avg Draft (Calculated),829.3656301938188,14.2,2024-08-22 13:15:00,GAM,4377.555389416918
153,Avg Draft (Calculated),-1119.195343390447,6.1,2024-11-05 19:30:00,GAM,4377.555389416918
154,Avg Draft (Calculated),-41.89347781573863,10.43,2024-06-10 03:00:00,GAM,4377.555389416918
155,Avg Draft (Calculated),-1070.246078010434,6.145,2024-04-14 12:00:00,GAM,4377.555389416918
156,Avg Draft (Calculated),-573.2794195096152,6.75,2024-07-17 00:30:00,GAM,4377.555389416918
157,Avg Draft (Calculated),829.3656301938189,14.2,2024-08-20 05:45:00,GAM,4377.555389416918
158,Avg Draft (Calculated),-820.4460451972642,6.4,2024-11-19 00:00:00,GAM,4377.555389416918
159,Avg Draft (Calculated),-173.8883640108129,9.945,2024-12-01 21:00:00,GAM,4377.555389416918
160,Avg Draft (Calculated),-1070.2460780104325,6.145,2024-04-02 14:30:00,GAM,4377.555389416918
161,Avg Draft (Calculated),897.7604686355193,14.25,2024-08-10 14:15:00,GAM,4377.555389416918
162,Avg Draft (Calculated),231.55557450002934,11.47,2024-03-24 01:15:00,GAM,4377.555389416918
163,Avg Draft (Calculated),-1119.1953433904466,6.1,2024-11-12 20:15:00,GAM,4377.555389416918
164,Avg Draft (Calculated),-41.89347781573834,10.43,2024-06-07 14:00:00,GAM,4377.555389416918
165,Avg Draft (Calculated),-803.1928032450678,6.42,2024-05-10 12:45:00,GAM,4377.555389416918
166,Avg Draft (Calculated),-803.1928032450676,6.42,2024-04-25 01:30:00,GAM,4377.555389416918
167,Avg Draft (Calculated),-173.88836401081466,9.945,2024-12-09 21:15:00,GAM,4377.555389416918
168,Avg Draft (Calculated),231.55557450002897,11.47,2024-03-27 10:00:00,GAM,4377.555389416918
169,Avg Draft (Calculated),255.46276637295782,11.615,2024-02-25 16:15:00,GAM,4377.555389416918
170,Avg Draft (Calculated),-803.1928032450687,6.42,2024-04-25 04:00:00,GAM,4377.555389416918
171,Avg Draft (Calculated),-204.4153104417089,9.81,2024-12-28 21:15:00,GAM,4377.555389416918
172,Avg Draft (Calculated),255.4627663729588,11.615,2024-02-26 19:00:00,GAM,4377.555389416918
173,Avg Draft (Calculated),829.36563019382,14.2,2024-08-27 13:00:00,GAM,4377.555389416918
174,Avg Draft (Calculated),-803.1928032450685,6.42,2024-04-23 21:45:00,GAM,4377.555389416918
175,Avg Draft (Calculated),255.4627663729582,11.615,2024-02-17 16:15:00,GAM,4377.555389416918
176,Avg Draft (Calculated),829.3656301938191,14.2,2024-08-19 20:15:00,GAM,4377.555389416918
177,Avg Draft (Calculated),897.7604686355189,14.25,2024-08-08 07:45:00,GAM,4377.555389416918
178,Avg Draft (Calculated),231.5555745000287,11.47,2024-03-22 20:15:00,GAM,4377.555389416918
179,Avg Draft (Calculated),829.3656301938205,14.2,2024-08-25 11:45:00,GAM,4377.555389416918
180,Avg Draft (Calculated),-1119.1953433904482,6.1,2024-10-31 09:00:00,GAM,4377.555389416918
181,Avg Draft (Calculated),-173.88836401081375,9.945,2024-12-16 02:15:00,GAM,4377.555389416918
182,Avg Draft (Calculated),-573.2794195096152,6.75,2024-07-18 00:00:00,GAM,4377.555389416918
183,Avg Draft (Calculated),829.3656301938187,14.2,2024-08-17 22:30:00,GAM,4377.555389416918
184,Avg Draft (Calculated),284.0567453607969,11.84,2024-02-14 13:45:00,GAM,4377.555389416918
185,Avg Draft (Calculated),-41.8934778157391,10.43,2024-06-08 10:30:00,GAM,4377.555389416918
186,Avg Draft (Calculated),829.365630193819,14.2,2024-08-14 20:30:00,GAM,4377.555389416918
187,Avg Draft (Calculated),255.46276637295804,11.615,2024-02-28 03:15:00,GAM,4377.555389416918
188,Avg Draft (Calculated),-1119.1953433904475,6.1,2024-10-16 23:30:00,GAM,4377.555389416918
189,Avg Draft (Calculated),-803.192803245069,6.42,2024-05-06 03:00:00,GAM,4377.555389416918
190,Avg Draft (Calculated),829.3656301938189,14.2,2024-08-18 20:15:00,GAM,4377.555389416918
191,Avg Draft (Calculated),-1119.195343390449,6.1,2024-11-02 00:45:00,GAM,4377.555389416918
192,Avg Draft (Calculated),-173.88836401081412,9.945,2024-12-23 18:30:00,GAM,4377.555389416918
193,Avg Draft (Calculated),255.46276637295853,11.615,2024-02-20 05:30:00,GAM,4377.555389416918
194,Avg Draft (Calculated),-41.893477815739516,10.43,2024-06-01 18:45:00,GAM,4377.555389416918
195,Avg Draft (Calculated),231.55557450002902,11.47,2024-03-23 23:15:00,GAM,4377.555389416918
196,Avg Draft (Calculated),-1119.1953433904484,6.1,2024-10-31 11:15:00,GAM,4377.555389416918
197,Avg Draft (Calculated),255.46276637295887,11.615,2024-03-10 10:15:00,GAM,4377.555389416918
198,Avg Draft (Calculated),255.46276637295853,11.615,2024-02-27 18:30:00,GAM,4377.555389416918
199,Avg Draft (Calculated),-173.88836401081375,9.945,2024-12-14 09:30:00,GAM,4377.555389416918
0,SOG - STW (calculated),-23.592436535871908,-0.7735992063492034,2024-12-22 11:30:00,GAM,4377.555389416918
1,SOG - STW (calculated),59.62054015686181,-0.2038983050847456,2024-03-09 10:00:00,GAM,4377.555389416918
2,SOG - STW (calculated),74.93521059618288,0.0055463435374161,2024-04-12 18:15:00,GAM,4377.555389416918
3,SOG - STW (calculated),5.543299384030945,-0.6123869047619053,2024-08-05 02:15:00,GAM,4377.555389416918
4,SOG - STW (calculated),-147.0310917801115,-1.4780423280423278,2024-08-24 05:00:00,GAM,4377.555389416918
5,SOG - STW (calculated),45.65375721518675,-0.3365893901420236,2024-04-28 22:15:00,GAM,4377.555389416918
6,SOG - STW (calculated),69.07433722320638,-0.0881981187536737,2024-04-29 15:00:00,GAM,4377.555389416918
7,SOG - STW (calculated),-166.65784012679876,-1.6937222222222204,2024-08-24 07:30:00,GAM,4377.555389416918
8,SOG - STW (calculated),29.70825003310665,-0.4589487489911228,2024-12-20 13:45:00,GAM,4377.555389416918
9,SOG - STW (calculated),59.97983395949905,-0.1999999999999993,2024-12-24 11:45:00,GAM,4377.555389416918
10,SOG - STW (calculated),-24.114124462458392,-0.7763630952380964,2024-09-14 02:00:00,GAM,4377.555389416918
11,SOG - STW (calculated),-84.87326850967338,-1.0923333333333325,2024-02-10 19:00:00,GAM,4377.555389416918
12,SOG - STW (calculated),-129.7308302111076,-1.3524940476190466,2024-09-12 02:45:00,GAM,4377.555389416918
13,SOG - STW (calculated),68.99212010455432,-0.0893542568542535,2024-05-05 15:30:00,GAM,4377.555389416918
14,SOG - STW (calculated),-133.54388434942604,-1.3780813492063526,2024-09-15 02:15:00,GAM,4377.555389416918
15,SOG - STW (calculated),83.13700564185275,0.2627567340067323,2024-04-02 01:45:00,GAM,4377.555389416918
16,SOG - STW (calculated),46.06676832535777,-0.3330833333333345,2024-12-27 03:45:00,GAM,4377.555389416918
17,SOG - STW (calculated),17.970788464381485,-0.5369249512670589,2024-03-12 02:45:00,GAM,4377.555389416918
18,SOG - STW (calculated),8.60313395965818,-0.5943227386648449,2024-03-17 07:45:00,GAM,4377.555389416918
19,SOG - STW (calculated),83.22220478078681,0.2716785714285716,2024-12-14 15:15:00,GAM,4377.555389416918
20,SOG - STW (calculated),-6.1737231468239315,-0.6791933653032771,2024-10-26 01:45:00,GAM,4377.555389416918
21,SOG - STW (calculated),83.31892788094456,0.2840515873015832,2024-04-01 22:00:00,GAM,4377.555389416918
22,SOG - STW (calculated),20.455847899590935,-0.521064030131825,2024-05-11 08:45:00,GAM,4377.555389416918
23,SOG - STW (calculated),55.16636100300781,-0.2498624794745492,2024-04-30 21:45:00,GAM,4377.555389416918
24,SOG - STW (calculated),58.5516329278843,-0.2153161375661358,2024-08-02 07:15:00,GAM,4377.555389416918
25,SOG - STW (calculated),6.156706526785001,-0.6087889983579657,2024-02-28 08:00:00,GAM,4377.555389416918
26,SOG - STW (calculated),76.76639829571218,0.041499582289056,2024-03-03 03:45:00,GAM,4377.555389416918
27,SOG - STW (calculated),52.307307482809975,-0.2773690476190502,2024-11-11 13:30:00,GAM,4377.555389416918
28,SOG - STW (calculated),5.783974487909973,-0.6109765940274414,2024-02-28 17:45:00,GAM,4377.555389416918
29,SOG - STW (calculated),-159.58337821067795,-1.5961824051654556,2024-02-17 22:00:00,GAM,4377.555389416918
30,SOG - STW (calculated),-43.646445949033335,-0.8782638888888883,2024-11-20 07:00:00,GAM,4377.555389416918
31,SOG - STW (calculated),-1.4387376505869724,-0.6525992063492083,2024-02-25 02:30:00,GAM,4377.555389416918
32,SOG - STW (calculated),61.226996922441586,-0.1862187247780493,2024-03-10 23:15:00,GAM,4377.555389416918
33,SOG - STW (calculated),70.47294708017785,-0.067976190476191,2024-03-20 15:30:00,GAM,4377.555389416918
34,SOG - STW (calculated),73.57114969787926,-0.0186944444444439,2024-08-17 00:15:00,GAM,4377.555389416918
35,SOG - STW (calculated),-95.6549076410545,-1.1505046296296282,2024-06-05 05:15:00,GAM,4377.555389416918
36,SOG - STW (calculated),62.366526601738066,-0.1732665343915354,2024-07-20 01:30:00,GAM,4377.555389416918
37,SOG - STW (calculated),11.53269003330206,-0.5767361111111118,2024-11-11 15:15:00,GAM,4377.555389416918
38,SOG - STW (calculated),-10.672595561457683,-0.704038662486937,2024-02-14 05:30:00,GAM,4377.555389416918
39,SOG - STW (calculated),-58.00094005991127,-0.9522083333333332,2024-02-16 01:00:00,GAM,4377.555389416918
40,SOG - STW (calculated),-144.43957326937658,-1.4573708635996798,2024-09-12 03:30:00,GAM,4377.555389416918
41,SOG - STW (calculated),83.39275765111685,0.2968257575757569,2024-05-02 05:30:00,GAM,4377.555389416918
42,SOG - STW (calculated),-154.07934388249635,-2.2112006261158808,2024-09-15 14:15:00,GAM,4377.555389416918
43,SOG - STW (calculated),-3.258000914365084,-0.6628756613756615,2024-08-22 00:30:00,GAM,4377.555389416918
44,SOG - STW (calculated),-159.47169629248523,-1.594925925925926,2024-07-25 09:45:00,GAM,4377.555389416918
45,SOG - STW (calculated),5.676405572431577,-0.6116071428571423,2024-12-28 23:30:00,GAM,4377.555389416918
46,SOG - STW (calculated),-169.431851886839,-1.9675694444444431,2024-09-15 19:00:00,GAM,4377.555389416918
47,SOG - STW (calculated),72.3012956521077,-0.0397454844006581,2024-04-10 16:45:00,GAM,4377.555389416918
48,SOG - STW (calculated),79.40831781398356,0.1039285714285718,2024-10-20 09:15:00,GAM,4377.555389416918
49,SOG - STW (calculated),-131.33840238587774,-1.3631712962962954,2024-07-24 18:30:00,GAM,4377.555389416918
50,SOG - STW (calculated),74.46688809374068,-0.0029885057471261,2024-02-23 12:30:00,GAM,4377.555389416918
51,SOG - STW (calculated),2.9303723536208963,-0.6275894538606401,2024-11-03 22:00:00,GAM,4377.555389416918
52,SOG - STW (calculated),22.10789566245785,-0.5103457700491596,2024-02-28 14:30:00,GAM,4377.555389416918
53,SOG - STW (calculated),-48.20966927221971,-0.9017950693374424,2024-11-09 07:30:00,GAM,4377.555389416918
54,SOG - STW (calculated),-165.79287776996588,-1.678883597883596,2024-08-23 03:15:00,GAM,4377.555389416918
55,SOG - STW (calculated),29.61064124397535,-0.4596327683615815,2024-02-29 22:45:00,GAM,4377.555389416918
56,SOG - STW (calculated),75.07277559414933,0.0080992063492075,2024-12-16 01:30:00,GAM,4377.555389416918
57,SOG - STW (calculated),-139.01055656911012,-1.4165410052910037,2024-09-18 22:45:00,GAM,4377.555389416918
58,SOG - STW (calculated),35.763825142817154,-0.41512740183793,2024-04-24 16:30:00,GAM,4377.555389416918
59,SOG - STW (calculated),14.880347727721528,-0.5562500000000021,2024-02-24 23:15:00,GAM,4377.555389416918
60,SOG - STW (calculated),-158.19520618153754,-1.5809404761904755,2024-09-14 11:00:00,GAM,4377.555389416918
61,SOG - STW (calculated),45.18244885713705,1.275059187516817,2024-04-27 12:45:00,GAM,4377.555389416918
62,SOG - STW (calculated),59.6318346014045,-0.2037762345679006,2024-07-16 23:30:00,GAM,4377.555389416918
63,SOG - STW (calculated),80.83900188118466,0.5096369047619032,2024-07-18 08:00:00,GAM,4377.555389416918
64,SOG - STW (calculated),83.42213015422436,0.3038505747126425,2024-04-03 06:15:00,GAM,4377.555389416918
65,SOG - STW (calculated),-118.86840845647993,-1.283815476190476,2024-08-04 14:45:00,GAM,4377.555389416918
66,SOG - STW (calculated),-16.994744038124963,-0.7383682266009846,2024-03-17 21:45:00,GAM,4377.555389416918
67,SOG - STW (calculated),-143.43227964904594,-1.4495600048100066,2024-08-08 08:30:00,GAM,4377.555389416918
68,SOG - STW (calculated),82.81944633876083,0.4166388888888885,2024-12-25 00:15:00,GAM,4377.555389416918
69,SOG - STW (calculated),68.10194128907892,-0.1016587301587303,2024-12-17 16:45:00,GAM,4377.555389416918
70,SOG - STW (calculated),-153.14671962814194,-1.5309398148148148,2024-08-22 22:45:00,GAM,4377.555389416918
71,SOG - STW (calculated),-30.803549459676105,-0.8115681444991782,2024-03-17 20:15:00,GAM,4377.555389416918
72,SOG - STW (calculated),-57.259765653328486,-0.948390804597704,2024-02-17 09:15:00,GAM,4377.555389416918
73,SOG - STW (calculated),34.949659112986865,-0.4211863711001644,2024-03-01 06:00:00,GAM,4377.555389416918
74,SOG - STW (calculated),21.638382345255195,-0.5134067460317464,2024-08-15 18:00:00,GAM,4377.555389416918
75,SOG - STW (calculated),51.47755704828372,1.039041666666666,2024-07-17 19:00:00,GAM,4377.555389416918
76,SOG - STW (calculated),-59.148025791644656,-0.958118326118324,2024-04-02 12:15:00,GAM,4377.555389416918
77,SOG - STW (calculated),80.42508104815967,0.1335092592592559,2024-08-06 22:30:00,GAM,4377.555389416918
78,SOG - STW (calculated),-46.21741197920937,-0.8915277777777781,2024-12-17 15:00:00,GAM,4377.555389416918
79,SOG - STW (calculated),77.11148605306266,0.0488229755178899,2024-02-20 16:15:00,GAM,4377.555389416918
80,SOG - STW (calculated),-5.818383950965199,-0.6772142857142853,2024-09-19 23:30:00,GAM,4377.555389416918
81,SOG - STW (calculated),63.71918637532476,-0.1574047619047611,2024-11-11 06:00:00,GAM,4377.555389416918
82,SOG - STW (calculated),-58.60753578134755,-0.955333333333332,2024-08-19 12:30:00,GAM,4377.555389416918
83,SOG - STW (calculated),-169.7595923376179,-1.9567367724867677,2024-09-17 09:00:00,GAM,4377.555389416918
84,SOG - STW (calculated),-73.13339279061863,-1.030536050578423,2024-11-13 04:45:00,GAM,4377.555389416918
85,SOG - STW (calculated),25.871968899324543,-0.4853472222222237,2024-05-11 13:15:00,GAM,4377.555389416918
86,SOG - STW (calculated),80.06062128296605,0.1223948412698412,2024-04-15 05:00:00,GAM,4377.555389416918
87,SOG - STW (calculated),-158.42785766443157,-1.583440476190475,2024-09-14 10:00:00,GAM,4377.555389416918
88,SOG - STW (calculated),44.868800289210185,-0.343197089947088,2024-05-08 14:30:00,GAM,4377.555389416918
89,SOG - STW (calculated),51.072998420679596,-0.2888293650793674,2024-12-26 19:15:00,GAM,4377.555389416918
90,SOG - STW (calculated),24.39050502780833,-0.4952871939736329,2024-02-28 15:45:00,GAM,4377.555389416918
91,SOG - STW (calculated),-46.530950638641876,-0.893144179894179,2024-07-20 22:15:00,GAM,4377.555389416918
92,SOG - STW (calculated),-33.73092332374722,-0.8268563357546395,2024-03-15 00:15:00,GAM,4377.555389416918
93,SOG - STW (calculated),83.46262741534713,0.3247674742411544,2024-04-26 14:00:00,GAM,4377.555389416918
94,SOG - STW (calculated),-37.973599998184746,-0.8489133597883605,2024-08-20 10:00:00,GAM,4377.555389416918
95,SOG - STW (calculated),-170.2501971406045,-1.7838396067209636,2024-09-14 14:30:00,GAM,4377.555389416918
96,SOG - STW (calculated),-23.664208610219802,-0.7739796267762369,2024-11-30 23:30:00,GAM,4377.555389416918
97,SOG - STW (calculated),69.53365127361677,-0.0816748768472894,2024-04-28 19:00:00,GAM,4377.555389416918
98,SOG - STW (calculated),64.97884517162811,-0.142111992945324,2024-05-05 15:45:00,GAM,4377.555389416918
99,SOG - STW (calculated),37.656643096468855,-0.4008234126984096,2024-07-16 12:00:00,GAM,4377.555389416918
100,SOG - STW (calculated),-37.76042091410193,-0.84780753968254,2024-07-23 00:30:00,GAM,4377.555389416918
101,SOG - STW (calculated),67.29262326990214,-0.1125260473989282,2024-12-22 13:15:00,GAM,4377.555389416918
102,SOG - STW (calculated),-27.750601930119046,-0.795552072448622,2024-03-26 15:00:00,GAM,4377.555389416918
103,SOG - STW (calculated),79.89661374026124,0.117592592592592,2024-08-08 16:15:00,GAM,4377.555389416918
104,SOG - STW (calculated),-167.93122067188662,-1.718592592592595,2024-08-14 09:30:00,GAM,4377.555389416918
105,SOG - STW (calculated),34.601874001325086,-0.423757936507938,2024-02-26 12:00:00,GAM,4377.555389416918
106,SOG - STW (calculated),54.039327485401365,-0.2608737753474592,2024-02-28 09:30:00,GAM,4377.555389416918
107,SOG - STW (calculated),74.19056562169513,-0.0079166666666665,2024-02-09 05:45:00,GAM,4377.555389416918
108,SOG - STW (calculated),77.64414833196363,0.0605416666666638,2024-08-04 02:30:00,GAM,4377.555389416918
109,SOG - STW (calculated),8.80389681921726,-0.59312697189816,2024-07-20 09:00:00,GAM,4377.555389416918
110,SOG - STW (calculated),-18.54500438779769,-0.7466959064327483,2024-03-01 09:30:00,GAM,4377.555389416918
111,SOG - STW (calculated),-49.863839528132644,-0.9103148148148144,2024-09-19 01:00:00,GAM,4377.555389416918
112,SOG - STW (calculated),57.161640474661255,-0.2297837301587293,2024-08-04 01:45:00,GAM,4377.555389416918
113,SOG - STW (calculated),21.133886242435892,-0.5166825396825399,2024-12-22 01:45:00,GAM,4377.555389416918
114,SOG - STW (calculated),-14.249003479439352,-0.7235351089588367,2024-02-13 18:00:00,GAM,4377.555389416918
115,SOG - STW (calculated),-36.269370321163564,-0.84006613756614,2024-08-17 03:45:00,GAM,4377.555389416918
116,SOG - STW (calculated),-95.00688123223699,-1.146958333333333,2024-12-01 21:30:00,GAM,4377.555389416918
117,SOG - STW (calculated),69.70524250227562,-0.0792091836734698,2024-03-27 03:00:00,GAM,4377.555389416918
118,SOG - STW (calculated),79.06464632388497,0.0948115079365106,2024-10-23 08:00:00,GAM,4377.555389416918
119,SOG - STW (calculated),-123.60635702012942,-2.4745682001614195,2024-02-17 12:45:00,GAM,4377.555389416918
120,SOG - STW (calculated),-129.57497121492685,-1.3514669312169332,2024-09-19 03:30:00,GAM,4377.555389416918
121,SOG - STW (calculated),70.71961312652628,-0.0642939244663374,2024-02-23 13:30:00,GAM,4377.555389416918
122,SOG - STW (calculated),82.98899944084273,0.4037826203927892,2024-04-28 09:30:00,GAM,4377.555389416918
123,SOG - STW (calculated),73.87912970773777,-0.0133807506053287,2024-04-28 04:30:00,GAM,4377.555389416918
124,SOG - STW (calculated),64.17500146638133,0.8375753968253932,2024-04-26 23:15:00,GAM,4377.555389416918
125,SOG - STW (calculated),-141.52203337688766,-1.4350555555555555,2024-09-18 01:00:00,GAM,4377.555389416918
126,SOG - STW (calculated),72.13618187873062,-0.0423893065998353,2024-08-14 04:30:00,GAM,4377.555389416918
127,SOG - STW (calculated),80.42559051976514,0.5237097576752774,2024-11-13 15:00:00,GAM,4377.555389416918
128,SOG - STW (calculated),38.67550928224273,-0.3929926108374388,2024-05-06 15:00:00,GAM,4377.555389416918
129,SOG - STW (calculated),74.41338596969484,-0.0039487607908661,2024-04-28 11:45:00,GAM,4377.555389416918
130,SOG - STW (calculated),41.87325364517346,-0.3677764550264566,2024-11-06 06:45:00,GAM,4377.555389416918
131,SOG - STW (calculated),-121.1406317937022,-1.297744708994708,2024-08-21 08:30:00,GAM,4377.555389416918
132,SOG - STW (calculated),53.95244150530766,-0.2617133196370478,2024-04-11 21:30:00,GAM,4377.555389416918
133,SOG - STW (calculated),51.50177016564321,-0.2848749999999977,2024-11-11 10:30:00,GAM,4377.555389416918
134,SOG - STW (calculated),15.300575802889853,-0.5536466165413518,2024-12-15 14:45:00,GAM,4377.555389416918
135,SOG - STW (calculated),83.45619498991303,0.3355277777777754,2024-04-03 04:45:00,GAM,4377.555389416918
136,SOG - STW (calculated),-70.64326600274194,-1.0175718390804604,2024-10-26 06:15:00,GAM,4377.555389416918
137,SOG - STW (calculated),70.12431550510748,0.7456362658057607,2024-04-25 14:30:00,GAM,4377.555389416918
138,SOG - STW (calculated),83.29775691064701,0.3719900793650783,2024-10-18 10:45:00,GAM,4377.555389416918
139,SOG - STW (calculated),72.93377907138515,-0.0294252873563216,2024-06-02 01:30:00,GAM,4377.555389416918
140,SOG - STW (calculated),-142.31245666620774,-1.4410102513227514,2024-08-22 23:30:00,GAM,4377.555389416918
141,SOG - STW (calculated),82.43520868703852,0.2136944444444442,2024-12-22 13:45:00,GAM,4377.555389416918
142,SOG - STW (calculated),-161.40774243733398,-1.6175773809523832,2024-08-22 17:45:00,GAM,4377.555389416918
143,SOG - STW (calculated),49.2213312464587,-0.3055952380952398,2024-03-22 19:00:00,GAM,4377.555389416918
144,SOG - STW (calculated),-25.400209548983725,-0.783164514393329,2024-08-02 04:45:00,GAM,4377.555389416918
145,SOG - STW (calculated),73.3984016342379,-0.0216374269005861,2024-03-27 03:15:00,GAM,4377.555389416918
146,SOG - STW (calculated),78.79679007274353,0.0879563492063457,2024-03-02 08:15:00,GAM,4377.555389416918
147,SOG - STW (calculated),33.75303363050557,-0.4299934291898601,2024-02-29 02:45:00,GAM,4377.555389416918
148,SOG - STW (calculated),28.962105677853742,-0.4641607142857147,2024-08-15 06:30:00,GAM,4377.555389416918
149,SOG - STW (calculated),47.91850817792215,-0.317104519774011,2024-03-16 22:00:00,GAM,4377.555389416918
150,SOG - STW (calculated),29.012270979719688,-0.4638115079365086,2024-08-15 18:15:00,GAM,4377.555389416918
151,SOG - STW (calculated),41.766572503008206,-0.368634085213035,2024-05-11 03:00:00,GAM,4377.555389416918
152,SOG - STW (calculated),-106.8454273704286,-1.2130396825396836,2024-08-22 13:15:00,GAM,4377.555389416918
153,SOG - STW (calculated),56.53799343430056,-0.2361435185185172,2024-11-05 19:30:00,GAM,4377.555389416918
154,SOG - STW (calculated),-171.04935116885758,-1.88811541565779,2024-06-10 03:00:00,GAM,4377.555389416918
155,SOG - STW (calculated),81.44853549287018,0.486730442176869,2024-04-14 12:00:00,GAM,4377.555389416918
156,SOG - STW (calculated),32.253552198095306,-0.4408703703703676,2024-07-17 00:30:00,GAM,4377.555389416918
157,SOG - STW (calculated),-69.69421267071203,-1.012640873015874,2024-08-20 05:45:00,GAM,4377.555389416918
158,SOG - STW (calculated),55.225998660241174,-0.2492733990147773,2024-11-19 00:00:00,GAM,4377.555389416918
159,SOG - STW (calculated),-95.33516767052879,-1.1487539682539678,2024-12-01 21:00:00,GAM,4377.555389416918
160,SOG - STW (calculated),-170.68440129119813,-1.9164399092970523,2024-04-02 14:30:00,GAM,4377.555389416918
161,SOG - STW (calculated),60.66363278247422,-0.1924930555555573,2024-08-10 14:15:00,GAM,4377.555389416918
162,SOG - STW (calculated),-62.57449156713051,-0.9757894736842108,2024-03-24 01:15:00,GAM,4377.555389416918
163,SOG - STW (calculated),83.01544696255914,0.4015823412698402,2024-11-12 20:15:00,GAM,4377.555389416918
164,SOG - STW (calculated),-30.76197355468172,-0.8113505515200448,2024-06-07 14:00:00,GAM,4377.555389416918
165,SOG - STW (calculated),73.50554354359956,0.6871879203658882,2024-05-10 12:45:00,GAM,4377.555389416918
166,SOG - STW (calculated),82.17140724935578,0.2001518883415443,2024-04-25 01:30:00,GAM,4377.555389416918
167,SOG - STW (calculated),37.40044650955296,-0.4027777777777803,2024-12-09 21:15:00,GAM,4377.555389416918
168,SOG - STW (calculated),21.078672767996682,-0.51704022988506,2024-03-27 10:00:00,GAM,4377.555389416918
169,SOG - STW (calculated),16.54177392066208,-0.5459131944444451,2024-02-25 16:15:00,GAM,4377.555389416918
170,SOG - STW (calculated),74.48072700492645,1.61420498084291,2024-04-25 04:00:00,GAM,4377.555389416918
171,SOG - STW (calculated),6.4952726200967845,-0.6067982456140335,2024-12-28 21:15:00,GAM,4377.555389416918
172,SOG - STW (calculated),33.37860461490181,-0.4327257799671606,2024-02-26 19:00:00,GAM,4377.555389416918
173,SOG - STW (calculated),-118.39869204795366,-1.280960978835978,2024-08-27 13:00:00,GAM,4377.555389416918
174,SOG - STW (calculated),82.38205509784919,0.4435421711057294,2024-04-23 21:45:00,GAM,4377.555389416918
175,SOG - STW (calculated),-150.83342601234403,-2.2453899835796403,2024-02-17 16:15:00,GAM,4377.555389416918
176,SOG - STW (calculated),-41.0189899584149,-0.864686507936506,2024-08-19 20:15:00,GAM,4377.555389416918
177,SOG - STW (calculated),-109.30602941700793,-1.2271752645502634,2024-08-08 07:45:00,GAM,4377.555389416918
178,SOG - STW (calculated),51.028552350132486,-0.2892376775271508,2024-03-22 20:15:00,GAM,4377.555389416918
179,SOG - STW (calculated),60.112415444722615,-0.1985535714285724,2024-08-25 11:45:00,GAM,4377.555389416918
180,SOG - STW (calculated),81.87147872000605,0.1863670634920637,2024-10-31 09:00:00,GAM,4377.555389416918
181,SOG - STW (calculated),55.80048111426345,-0.2435648148148175,2024-12-16 02:15:00,GAM,4377.555389416918
182,SOG - STW (calculated),83.36995267986964,0.292361111111111,2024-07-18 00:00:00,GAM,4377.555389416918
183,SOG - STW (calculated),-138.35944765708402,-1.4118349753694588,2024-08-17 22:30:00,GAM,4377.555389416918
184,SOG - STW (calculated),-86.32832021842205,-1.1000909090909072,2024-02-14 13:45:00,GAM,4377.555389416918
185,SOG - STW (calculated),54.46916675578666,-0.2567009685230044,2024-06-08 10:30:00,GAM,4377.555389416918
186,SOG - STW (calculated),-161.49253038199947,-1.618615819209035,2024-08-14 20:30:00,GAM,4377.555389416918
187,SOG - STW (calculated),-27.844548546435135,-0.7960461309523836,2024-02-28 03:15:00,GAM,4377.555389416918
188,SOG - STW (calculated),-103.99375423736225,-1.1968472222222228,2024-10-16 23:30:00,GAM,4377.555389416918
189,SOG - STW (calculated),30.662064608815612,-0.4522291840712871,2024-05-06 03:00:00,GAM,4377.555389416918
190,SOG - STW (calculated),-136.49283649936925,-1.3985403439153448,2024-08-18 20:15:00,GAM,4377.555389416918
191,SOG - STW (calculated),76.14961967330851,0.0288796296296283,2024-11-02 00:45:00,GAM,4377.555389416918
192,SOG - STW (calculated),-58.56440411434811,-0.95511111111111,2024-12-23 18:30:00,GAM,4377.555389416918
193,SOG - STW (calculated),77.98118525477798,0.0682438672438685,2024-02-20 05:30:00,GAM,4377.555389416918
194,SOG - STW (calculated),76.4689832457381,0.0353425229741013,2024-06-01 18:45:00,GAM,4377.555389416918
195,SOG - STW (calculated),-87.24657696511599,-1.1050000000000004,2024-03-23 23:15:00,GAM,4377.555389416918
196,SOG - STW (calculated),83.46108814692298,0.3310859788359757,2024-10-31 11:15:00,GAM,4377.555389416918
197,SOG - STW (calculated),62.48799549331337,-0.1718644067796599,2024-03-10 10:15:00,GAM,4377.555389416918
198,SOG - STW (calculated),-28.77417889907474,-0.800930735930736,2024-02-27 18:30:00,GAM,4377.555389416918
199,SOG - STW (calculated),34.77368767640187,-0.4224887566137614,2024-12-14 09:30:00,GAM,4377.555389416918
0,cumulative_fouling_penalty_index (calculated),3624.8022553972655,7567.553369004634,2024-12-22 11:30:00,GAM,4377.555389416918
1,cumulative_fouling_penalty_index (calculated),-553.0921415443374,1097.801644858641,2024-03-09 10:00:00,GAM,4377.555389416918
2,cumulative_fouling_penalty_index (calculated),-534.7293192104496,1995.1648251342367,2024-04-12 18:15:00,GAM,4377.555389416918
3,cumulative_fouling_penalty_index (calculated),-553.0901569444396,1509.142717541013,2024-08-05 02:15:00,GAM,4377.555389416918
4,cumulative_fouling_penalty_index (calculated),-391.97508672037713,2731.0455105956003,2024-08-24 05:00:00,GAM,4377.555389416918
5,cumulative_fouling_penalty_index (calculated),-435.59751219079095,2501.676275441629,2024-04-28 22:15:00,GAM,4377.555389416918
6,cumulative_fouling_penalty_index (calculated),-432.1389993661404,2517.232215366977,2024-04-29 15:00:00,GAM,4377.555389416918
7,cumulative_fouling_penalty_index (calculated),-391.5947074091949,2733.720888199718,2024-08-24 07:30:00,GAM,4377.555389416918
8,cumulative_fouling_penalty_index (calculated),3465.1598641305313,7531.368710499868,2024-12-20 13:45:00,GAM,4377.555389416918
9,cumulative_fouling_penalty_index (calculated),3732.341533300502,7592.989430514912,2024-12-24 11:45:00,GAM,4377.555389416918
10,cumulative_fouling_penalty_index (calculated),-364.0057915904185,3314.6874026448627,2024-09-14 02:00:00,GAM,4377.555389416918
11,cumulative_fouling_penalty_index (calculated),-553.0920872272375,501.0905765520628,2024-02-10 19:00:00,GAM,4377.555389416918
12,cumulative_fouling_penalty_index (calculated),-364.01412523566535,3279.268068826471,2024-09-12 02:45:00,GAM,4377.555389416918
13,cumulative_fouling_penalty_index (calculated),-388.54302396546996,2756.1308781398952,2024-05-05 15:30:00,GAM,4377.555389416918
14,cumulative_fouling_penalty_index (calculated),-364.0057859520518,3334.130601154451,2024-09-15 02:15:00,GAM,4377.555389416918
15,cumulative_fouling_penalty_index (calculated),-552.3445940067297,1660.2222551757163,2024-04-02 01:45:00,GAM,4377.555389416918
16,cumulative_fouling_penalty_index (calculated),3752.003060156026,7597.752075307371,2024-12-27 03:45:00,GAM,4377.555389416918
17,cumulative_fouling_penalty_index (calculated),-553.0921475974194,1143.0662576920856,2024-03-12 02:45:00,GAM,4377.555389416918
18,cumulative_fouling_penalty_index (calculated),-553.0921592449207,1225.5795475721852,2024-03-17 07:45:00,GAM,4377.555389416918
19,cumulative_fouling_penalty_index (calculated),2827.783634455455,7397.596970294197,2024-12-14 15:15:00,GAM,4377.555389416918
20,cumulative_fouling_penalty_index (calculated),-364.0058757067766,4026.460020676516,2024-10-26 01:45:00,GAM,4377.555389416918
21,cumulative_fouling_penalty_index (calculated),-552.4076055419312,1655.1418603362808,2024-04-01 22:00:00,GAM,4377.555389416918
22,cumulative_fouling_penalty_index (calculated),-374.6470814697996,2892.8311160290336,2024-05-11 08:45:00,GAM,4377.555389416918
23,cumulative_fouling_penalty_index (calculated),-424.96718847876133,2550.214154331404,2024-04-30 21:45:00,GAM,4377.555389416918
24,cumulative_fouling_penalty_index (calculated),-553.09219282961,1440.1209792153172,2024-08-02 07:15:00,GAM,4377.555389416918
25,cumulative_fouling_penalty_index (calculated),-553.0921198141841,915.4571290198388,2024-02-28 08:00:00,GAM,4377.555389416918
26,cumulative_fouling_penalty_index (calculated),-553.092127824856,987.1273056082964,2024-03-03 03:45:00,GAM,4377.555389416918
27,cumulative_fouling_penalty_index (calculated),-364.00591995370274,4449.31629380596,2024-11-11 13:30:00,GAM,4377.555389416918
28,cumulative_fouling_penalty_index (calculated),-553.0921205845561,922.6401427656788,2024-02-28 17:45:00,GAM,4377.555389416918
29,cumulative_fouling_penalty_index (calculated),-553.09209791496,670.4500765694837,2024-02-17 22:00:00,GAM,4377.555389416918
30,cumulative_fouling_penalty_index (calculated),-104.8915219954519,5333.52634085735,2024-11-20 07:00:00,GAM,4377.555389416918
31,cumulative_fouling_penalty_index (calculated),-553.092113287373,851.5242963006214,2024-02-25 02:30:00,GAM,4377.555389416918
32,cumulative_fouling_penalty_index (calculated),-553.0921450768187,1124.4401596640828,2024-03-10 23:15:00,GAM,4377.555389416918
33,cumulative_fouling_penalty_index (calculated),-553.0921700264306,1297.6603780828257,2024-03-20 15:30:00,GAM,4377.555389416918
34,cumulative_fouling_penalty_index (calculated),-477.5341369209244,2319.0388431814977,2024-08-17 00:15:00,GAM,4377.555389416918
35,cumulative_fouling_penalty_index (calculated),-364.0059181352074,4426.646671380408,2024-06-05 05:15:00,GAM,4377.555389416918
36,cumulative_fouling_penalty_index (calculated),-553.0920794322792,329.47050665415645,2024-07-20 01:30:00,GAM,4377.555389416918
37,cumulative_fouling_penalty_index (calculated),-364.00592002696726,4450.250045304347,2024-11-11 15:15:00,GAM,4377.555389416918
38,cumulative_fouling_penalty_index (calculated),-553.0920921433419,585.460111052185,2024-02-14 05:30:00,GAM,4377.555389416918
39,cumulative_fouling_penalty_index (calculated),-553.0920949077471,627.7475342256223,2024-02-16 01:00:00,GAM,4377.555389416918
40,cumulative_fouling_penalty_index (calculated),-364.01382283738604,3279.7481613612285,2024-09-12 03:30:00,GAM,4377.555389416918
41,cumulative_fouling_penalty_index (calculated),-417.0189554506779,2588.317025463377,2024-05-02 05:30:00,GAM,4377.555389416918
42,cumulative_fouling_penalty_index (calculated),-364.00578711783294,3344.485447954899,2024-09-15 14:15:00,GAM,4377.555389416918
43,cumulative_fouling_penalty_index (calculated),-400.4576305145035,2676.746692837274,2024-08-22 00:30:00,GAM,4377.555389416918
44,cumulative_fouling_penalty_index (calculated),-553.092094636369,623.7336949289537,2024-07-25 09:45:00,GAM,4377.555389416918
45,cumulative_fouling_penalty_index (calculated),3752.0334707430693,7597.759471088608,2024-12-28 23:30:00,GAM,4377.555389416918
46,cumulative_fouling_penalty_index (calculated),-364.00578758176783,3348.5764077456665,2024-09-15 19:00:00,GAM,4377.555389416918
47,cumulative_fouling_penalty_index (calculated),-541.2242757794936,1926.026112493296,2024-04-10 16:45:00,GAM,4377.555389416918
48,cumulative_fouling_penalty_index (calculated),-364.0058576733174,3887.109920624802,2024-10-20 09:15:00,GAM,4377.555389416918
49,cumulative_fouling_penalty_index (calculated),-553.0920936376103,608.7121934929069,2024-07-24 18:30:00,GAM,4377.555389416918
50,cumulative_fouling_penalty_index (calculated),-553.0921088879771,804.7475579315374,2024-02-23 12:30:00,GAM,4377.555389416918
51,cumulative_fouling_penalty_index (calculated),-364.00590908133006,4324.890694337119,2024-11-03 22:00:00,GAM,4377.555389416918
52,cumulative_fouling_penalty_index (calculated),-553.0921203258374,920.2354771035168,2024-02-28 14:30:00,GAM,4377.555389416918
53,cumulative_fouling_penalty_index (calculated),-364.0059155554589,4395.968903692503,2024-11-09 07:30:00,GAM,4377.555389416918
54,cumulative_fouling_penalty_index (calculated),-396.07386714908415,2703.645697619014,2024-08-23 03:15:00,GAM,4377.555389416918
55,cumulative_fouling_penalty_index (calculated),-553.0921232317498,946.821562860252,2024-02-29 22:45:00,GAM,4377.555389416918
56,cumulative_fouling_penalty_index (calculated),3000.5967022849877,7432.812490978426,2024-12-16 01:30:00,GAM,4377.555389416918
57,cumulative_fouling_penalty_index (calculated),-364.005796945455,3428.070361186562,2024-09-18 22:45:00,GAM,4377.555389416918
58,cumulative_fouling_penalty_index (calculated),-448.399847893484,2445.3957903919645,2024-04-24 16:30:00,GAM,4377.555389416918
59,cumulative_fouling_penalty_index (calculated),-553.0921129889725,848.4538302786233,2024-02-24 23:15:00,GAM,4377.555389416918
60,cumulative_fouling_penalty_index (calculated),-364.00578463016313,3322.252775582353,2024-09-14 11:00:00,GAM,4377.555389416918
61,cumulative_fouling_penalty_index (calculated),-439.08511699216797,2486.169072520933,2024-04-27 12:45:00,GAM,4377.555389416918
62,cumulative_fouling_penalty_index (calculated),-553.0920773400555,270.14282657679684,2024-07-16 23:30:00,GAM,4377.555389416918
63,cumulative_fouling_penalty_index (calculated),-553.0920780242552,290.4384266523184,2024-07-18 08:00:00,GAM,4377.555389416918
64,cumulative_fouling_penalty_index (calculated),-551.7787143542757,1696.521953703778,2024-04-03 06:15:00,GAM,4377.555389416918
65,cumulative_fouling_penalty_index (calculated),-553.091881517803,1497.8190045689405,2024-08-04 14:45:00,GAM,4377.555389416918
66,cumulative_fouling_penalty_index (calculated),-553.0921610640751,1238.002652154411,2024-03-17 21:45:00,GAM,4377.555389416918
67,cumulative_fouling_penalty_index (calculated),-551.0521339587262,1730.0278480608251,2024-08-08 08:30:00,GAM,4377.555389416918
68,cumulative_fouling_penalty_index (calculated),3741.824766589016,7595.281870965187,2024-12-25 00:15:00,GAM,4377.555389416918
69,cumulative_fouling_penalty_index (calculated),3189.11186022541,7471.920824187508,2024-12-17 16:45:00,GAM,4377.555389416918
70,cumulative_fouling_penalty_index (calculated),-396.78000641998636,2699.163983803127,2024-08-22 22:45:00,GAM,4377.555389416918
71,cumulative_fouling_penalty_index (calculated),-553.0921608781891,1236.738415800367,2024-03-17 20:15:00,GAM,4377.555389416918
72,cumulative_fouling_penalty_index (calculated),-553.0920970050037,657.8563132656457,2024-02-17 09:15:00,GAM,4377.555389416918
73,cumulative_fouling_penalty_index (calculated),-553.0921237824466,951.7598194185427,2024-03-01 06:00:00,GAM,4377.555389416918
74,cumulative_fouling_penalty_index (calculated),-486.23584771175507,2280.0643678040487,2024-08-15 18:00:00,GAM,4377.555389416918
75,cumulative_fouling_penalty_index (calculated),-553.0920777530873,282.5077990857309,2024-07-17 19:00:00,GAM,4377.555389416918
76,cumulative_fouling_penalty_index (calculated),-552.1607093515975,1673.5817166542558,2024-04-02 12:15:00,GAM,4377.555389416918
77,cumulative_fouling_penalty_index (calculated),-552.9893244554291,1575.25646061333,2024-08-06 22:30:00,GAM,4377.555389416918
78,cumulative_fouling_penalty_index (calculated),3182.1760959877447,7470.464795541713,2024-12-17 15:00:00,GAM,4377.555389416918
79,cumulative_fouling_penalty_index (calculated),-553.092103158431,738.2625993715008,2024-02-20 16:15:00,GAM,4377.555389416918
80,cumulative_fouling_penalty_index (calculated),-364.0058003988828,3456.176308068957,2024-09-19 23:30:00,GAM,4377.555389416918
81,cumulative_fouling_penalty_index (calculated),-364.00591962509844,4445.1485642853895,2024-11-11 06:00:00,GAM,4377.555389416918
82,cumulative_fouling_penalty_index (calculated),-414.44105675408804,2601.137123549333,2024-08-19 12:30:00,GAM,4377.555389416918
83,cumulative_fouling_penalty_index (calculated),-364.00579224471085,3388.8386154170903,2024-09-17 09:00:00,GAM,4377.555389416918
84,cumulative_fouling_penalty_index (calculated),-364.00592212523605,4477.74897519526,2024-11-13 04:45:00,GAM,4377.555389416918
85,cumulative_fouling_penalty_index (calculated),-374.5130652769831,2894.6257233066326,2024-05-11 13:15:00,GAM,4377.555389416918
86,cumulative_fouling_penalty_index (calculated),-524.852862788961,2073.930683194726,2024-04-15 05:00:00,GAM,4377.555389416918
87,cumulative_fouling_penalty_index (calculated),-364.0057845459153,3321.490642038481,2024-09-14 10:00:00,GAM,4377.555389416918
88,cumulative_fouling_penalty_index (calculated),-384.2178209166837,2791.3328159565963,2024-05-08 14:30:00,GAM,4377.555389416918
89,cumulative_fouling_penalty_index (calculated),3751.6622460379617,7597.669196432071,2024-12-26 19:15:00,GAM,4377.555389416918
90,cumulative_fouling_penalty_index (calculated),-553.0921204263067,921.1701999196856,2024-02-28 15:45:00,GAM,4377.555389416918
91,cumulative_fouling_penalty_index (calculated),-553.092080114539,347.22810981909527,2024-07-20 22:15:00,GAM,4377.555389416918
92,cumulative_fouling_penalty_index (calculated),-553.0921538412579,1187.9746705545415,2024-03-15 00:15:00,GAM,4377.555389416918
93,cumulative_fouling_penalty_index (calculated),-441.59548524295013,2475.10024298764,2024-04-26 14:00:00,GAM,4377.555389416918
94,cumulative_fouling_penalty_index (calculated),-409.2167594803438,2628.0151340873363,2024-08-20 10:00:00,GAM,4377.555389416918
95,cumulative_fouling_penalty_index (calculated),-364.00578493154296,3324.974041640913,2024-09-14 14:30:00,GAM,4377.555389416918
96,cumulative_fouling_penalty_index (calculated),1015.5658563256311,6987.942960168516,2024-11-30 23:30:00,GAM,4377.555389416918
97,cumulative_fouling_penalty_index (calculated),-436.01834016020877,2499.796221714676,2024-04-28 19:00:00,GAM,4377.555389416918
98,cumulative_fouling_penalty_index (calculated),-388.52164013776036,2756.2942978719366,2024-05-05 15:45:00,GAM,4377.555389416918
99,cumulative_fouling_penalty_index (calculated),-553.0920771334439,263.82184649889234,2024-07-16 12:00:00,GAM,4377.555389416918
100,cumulative_fouling_penalty_index (calculated),-553.0920914148328,573.7602865797035,2024-07-23 00:30:00,GAM,4377.555389416918
101,cumulative_fouling_penalty_index (calculated),3628.947875542723,7568.516310054611,2024-12-22 13:15:00,GAM,4377.555389416918
102,cumulative_fouling_penalty_index (calculated),-553.0921910961108,1429.6794770051897,2024-03-26 15:00:00,GAM,4377.555389416918
103,cumulative_fouling_penalty_index (calculated),-550.8437237110064,1738.1168828673178,2024-08-08 16:15:00,GAM,4377.555389416918
104,cumulative_fouling_penalty_index (calculated),-492.77685569063334,2249.8486907423694,2024-08-14 09:30:00,GAM,4377.555389416918
105,cumulative_fouling_penalty_index (calculated),-553.092116250392,881.2776631872284,2024-02-26 12:00:00,GAM,4377.555389416918
106,cumulative_fouling_penalty_index (calculated),-553.0921199295159,916.5368862035244,2024-02-28 09:30:00,GAM,4377.555389416918
107,cumulative_fouling_penalty_index (calculated),-553.0920854731316,467.370724881372,2024-02-09 05:45:00,GAM,4377.555389416918
108,cumulative_fouling_penalty_index (calculated),-553.0922001975623,1485.9214255656457,2024-08-04 02:30:00,GAM,4377.555389416918
109,cumulative_fouling_penalty_index (calculated),-553.0920796821262,336.0542864996877,2024-07-20 09:00:00,GAM,4377.555389416918
110,cumulative_fouling_penalty_index (calculated),-553.0921240435218,954.0903914150016,2024-03-01 09:30:00,GAM,4377.555389416918
111,cumulative_fouling_penalty_index (calculated),-364.0057971862385,3430.048239756573,2024-09-19 01:00:00,GAM,4377.555389416918
112,cumulative_fouling_penalty_index (calculated),-553.0922003805405,1485.114970358382,2024-08-04 01:45:00,GAM,4377.555389416918
113,cumulative_fouling_penalty_index (calculated),3598.2528333084115,7561.416979717746,2024-12-22 01:45:00,GAM,4377.555389416918
114,cumulative_fouling_penalty_index (calculated),-553.0920914191973,573.8311464352083,2024-02-13 18:00:00,GAM,4377.555389416918
115,cumulative_fouling_penalty_index (calculated),-476.21335626422615,2324.8640367525154,2024-08-17 03:45:00,GAM,4377.555389416918
116,cumulative_fouling_penalty_index (calculated),1094.3847670459652,7012.202715368434,2024-12-01 21:30:00,GAM,4377.555389416918
117,cumulative_fouling_penalty_index (calculated),-553.0921929267304,1440.7043280687951,2024-03-27 03:00:00,GAM,4377.555389416918
118,cumulative_fouling_penalty_index (calculated),-364.0058674458793,3961.556064345256,2024-10-23 08:00:00,GAM,4377.555389416918
119,cumulative_fouling_penalty_index (calculated),-553.0920972447462,661.2006842943525,2024-02-17 12:45:00,GAM,4377.555389416918
120,cumulative_fouling_penalty_index (calculated),-364.0057974512094,3432.221505421441,2024-09-19 03:30:00,GAM,4377.555389416918
121,cumulative_fouling_penalty_index (calculated),-553.0921089902646,805.8738700028889,2024-02-23 13:30:00,GAM,4377.555389416918
122,cumulative_fouling_penalty_index (calculated),-436.8494586668071,2496.090663161879,2024-04-28 09:30:00,GAM,4377.555389416918
123,cumulative_fouling_penalty_index (calculated),-437.33316327481407,2493.938478949597,2024-04-28 04:30:00,GAM,4377.555389416918
124,cumulative_fouling_penalty_index (calculated),-440.6931421929992,2479.070813799956,2024-04-26 23:15:00,GAM,4377.555389416918
125,cumulative_fouling_penalty_index (calculated),-364.00579439554866,3406.941273689128,2024-09-18 01:00:00,GAM,4377.555389416918
126,cumulative_fouling_penalty_index (calculated),-493.6663745989158,2245.660843399417,2024-08-14 04:30:00,GAM,4377.555389416918
127,cumulative_fouling_penalty_index (calculated),-364.0059226464776,4484.827290028599,2024-11-13 15:00:00,GAM,4377.555389416918
128,cumulative_fouling_penalty_index (calculated),-386.82796567144527,2769.551628310572,2024-05-06 15:00:00,GAM,4377.555389416918
129,cumulative_fouling_penalty_index (calculated),-436.66492734565907,2496.9125596749773,2024-04-28 11:45:00,GAM,4377.555389416918
130,cumulative_fouling_penalty_index (calculated),-364.00591186670096,4354.574224362583,2024-11-06 06:45:00,GAM,4377.555389416918
131,cumulative_fouling_penalty_index (calculated),-403.75626000350127,2657.7374757662064,2024-08-21 08:30:00,GAM,4377.555389416918
132,cumulative_fouling_penalty_index (calculated),-537.6832795876094,1966.170353719296,2024-04-11 21:30:00,GAM,4377.555389416918
133,cumulative_fouling_penalty_index (calculated),-364.00591983228543,4447.772510079471,2024-11-11 10:30:00,GAM,4377.555389416918
134,cumulative_fouling_penalty_index (calculated),2947.692648590764,7421.981362209379,2024-12-15 14:45:00,GAM,4377.555389416918
135,cumulative_fouling_penalty_index (calculated),-551.8148621622217,1694.5595038996642,2024-04-03 04:45:00,GAM,4377.555389416918
136,cumulative_fouling_penalty_index (calculated),-364.0058762082608,4030.4723324685606,2024-10-26 06:15:00,GAM,4377.555389416918
137,cumulative_fouling_penalty_index (calculated),-443.83796313569985,2465.268079733619,2024-04-25 14:30:00,GAM,4377.555389416918
138,cumulative_fouling_penalty_index (calculated),-364.0058488099506,3821.031741283788,2024-10-18 10:45:00,GAM,4377.555389416918
139,cumulative_fouling_penalty_index (calculated),-364.0059131366872,4368.534294868558,2024-06-02 01:30:00,GAM,4377.555389416918
140,cumulative_fouling_penalty_index (calculated),-396.6604137723618,2699.918589726343,2024-08-22 23:30:00,GAM,4377.555389416918
141,cumulative_fouling_penalty_index (calculated),3630.378686003509,7568.848962549518,2024-12-22 13:45:00,GAM,4377.555389416918
142,cumulative_fouling_penalty_index (calculated),-397.58496009959066,2694.129960557165,2024-08-22 17:45:00,GAM,4377.555389416918
143,cumulative_fouling_penalty_index (calculated),-553.0921772979003,1344.3929512459863,2024-03-22 19:00:00,GAM,4377.555389416918
144,cumulative_fouling_penalty_index (calculated),-553.0921923875686,1437.4636943877672,2024-08-02 04:45:00,GAM,4377.555389416918
145,cumulative_fouling_penalty_index (calculated),-553.0921929656417,1440.938000229224,2024-03-27 03:15:00,GAM,4377.555389416918
146,cumulative_fouling_penalty_index (calculated),-553.0921260515952,971.7970276950588,2024-03-02 08:15:00,GAM,4377.555389416918
147,cumulative_fouling_penalty_index (calculated),-553.0921212726258,928.9985827166598,2024-02-29 02:45:00,GAM,4377.555389416918
148,cumulative_fouling_penalty_index (calculated),-489.16225427562074,2266.6632461864874,2024-08-15 06:30:00,GAM,4377.555389416918
149,cumulative_fouling_penalty_index (calculated),-553.0921579171193,1216.4389801317004,2024-03-16 22:00:00,GAM,4377.555389416918
150,cumulative_fouling_penalty_index (calculated),-486.16062346259463,2280.406604797978,2024-08-15 18:15:00,GAM,4377.555389416918
151,cumulative_fouling_penalty_index (calculated),-374.7996782669557,2890.8059484714795,2024-05-11 03:00:00,GAM,4377.555389416918
152,cumulative_fouling_penalty_index (calculated),-398.359107904908,2689.359446892628,2024-08-22 13:15:00,GAM,4377.555389416918
153,cumulative_fouling_penalty_index (calculated),-364.0059114101898,4349.624412247549,2024-11-05 19:30:00,GAM,4377.555389416918
154,cumulative_fouling_penalty_index (calculated),-364.0059265086041,4541.1485354696415,2024-06-10 03:00:00,GAM,4377.555389416918
155,cumulative_fouling_penalty_index (calculated),-527.8599140685945,2052.221526736934,2024-04-14 12:00:00,GAM,4377.555389416918
156,cumulative_fouling_penalty_index (calculated),-553.0920773582401,270.6947224919676,2024-07-17 00:30:00,GAM,4377.555389416918
157,cumulative_fouling_penalty_index (calculated),-410.25419272287934,2622.5705562933254,2024-08-20 05:45:00,GAM,4377.555389416918
158,cumulative_fouling_penalty_index (calculated),-130.83361786857935,5302.813959697909,2024-11-19 00:00:00,GAM,4377.555389416918
159,cumulative_fouling_penalty_index (calculated),1091.7165264725581,7011.409246168977,2024-12-01 21:00:00,GAM,4377.555389416918
160,cumulative_fouling_penalty_index (calculated),-552.1181065017146,1676.4204111202655,2024-04-02 14:30:00,GAM,4377.555389416918
161,cumulative_fouling_penalty_index (calculated),-549.3933030345376,1783.8788950476198,2024-08-10 14:15:00,GAM,4377.555389416918
162,cumulative_fouling_penalty_index (calculated),-553.0921816592507,1371.7964629455887,2024-03-24 01:15:00,GAM,4377.555389416918
163,cumulative_fouling_penalty_index (calculated),-364.0059216755383,4471.725515473764,2024-11-12 20:15:00,GAM,4377.555389416918
164,cumulative_fouling_penalty_index (calculated),-364.0059223281874,4480.492420707255,2024-06-07 14:00:00,GAM,4377.555389416918
165,cumulative_fouling_penalty_index (calculated),-375.55003853581553,2881.1159085866093,2024-05-10 12:45:00,GAM,4377.555389416918
166,cumulative_fouling_penalty_index (calculated),-446.83891159536716,2452.178594279528,2024-04-25 01:30:00,GAM,4377.555389416918
167,cumulative_fouling_penalty_index (calculated),2076.8613054060315,7245.233337501019,2024-12-09 21:15:00,GAM,4377.555389416918
168,cumulative_fouling_penalty_index (calculated),-553.0921940083283,1447.189300101414,2024-03-27 10:00:00,GAM,4377.555389416918
169,cumulative_fouling_penalty_index (calculated),-553.0921145233007,864.0942917442113,2024-02-25 16:15:00,GAM,4377.555389416918
170,cumulative_fouling_penalty_index (calculated),-446.3487996550444,2454.3116560646527,2024-04-25 04:00:00,GAM,4377.555389416918
171,cumulative_fouling_penalty_index (calculated),3752.0334707430693,7597.759471088608,2024-12-28 21:15:00,GAM,4377.555389416918
172,cumulative_fouling_penalty_index (calculated),-553.092116852316,887.1668229502646,2024-02-26 19:00:00,GAM,4377.555389416918
173,cumulative_fouling_penalty_index (calculated),-381.3628995773799,2817.4244903541376,2024-08-27 13:00:00,GAM,4377.555389416918
174,cumulative_fouling_penalty_index (calculated),-451.101262324176,2433.6900715671754,2024-04-23 21:45:00,GAM,4377.555389416918
175,cumulative_fouling_penalty_index (calculated),-553.0920974979977,664.7128649569066,2024-02-17 16:15:00,GAM,4377.555389416918
176,cumulative_fouling_penalty_index (calculated),-412.54478840340863,2610.7434562051594,2024-08-19 20:15:00,GAM,4377.555389416918
177,cumulative_fouling_penalty_index (calculated),-551.067199222447,1729.4221447696182,2024-08-08 07:45:00,GAM,4377.555389416918
178,cumulative_fouling_penalty_index (calculated),-553.0921774713828,1345.4915353355402,2024-03-22 20:15:00,GAM,4377.555389416918
179,cumulative_fouling_penalty_index (calculated),-387.4341987142291,2764.73320263011,2024-08-25 11:45:00,GAM,4377.555389416918
180,cumulative_fouling_penalty_index (calculated),-364.00588924658655,4138.553371161896,2024-10-31 09:00:00,GAM,4377.555389416918
181,cumulative_fouling_penalty_index (calculated),3004.320281385764,7433.576830119188,2024-12-16 02:15:00,GAM,4377.555389416918
182,cumulative_fouling_penalty_index (calculated),-553.0920778591714,285.6275736003107,2024-07-18 00:00:00,GAM,4377.555389416918
183,cumulative_fouling_penalty_index (calculated),-425.3376415118861,2548.48226124179,2024-08-17 22:30:00,GAM,4377.555389416918
184,cumulative_fouling_penalty_index (calculated),-553.0920926923314,594.1159885785004,2024-02-14 13:45:00,GAM,4377.555389416918
185,cumulative_fouling_penalty_index (calculated),-364.00592404414516,4504.363234655836,2024-06-08 10:30:00,GAM,4377.555389416918
186,cumulative_fouling_penalty_index (calculated),-490.92703357459015,2258.4927138350354,2024-08-14 20:30:00,GAM,4377.555389416918
187,cumulative_fouling_penalty_index (calculated),-553.0921194440053,911.9808468127904,2024-02-28 03:15:00,GAM,4377.555389416918
188,cumulative_fouling_penalty_index (calculated),-364.00584164495615,3768.146475285272,2024-10-16 23:30:00,GAM,4377.555389416918
189,cumulative_fouling_penalty_index (calculated),-387.48656781221496,2764.320883812414,2024-05-06 03:00:00,GAM,4377.555389416918
190,cumulative_fouling_penalty_index (calculated),-418.65985947674073,2580.28650050458,2024-08-18 20:15:00,GAM,4377.555389416918
191,cumulative_fouling_penalty_index (calculated),-364.0059050101588,4283.478791185584,2024-11-02 00:45:00,GAM,4377.555389416918
192,cumulative_fouling_penalty_index (calculated),3712.2417464895148,7588.158708896675,2024-12-23 18:30:00,GAM,4377.555389416918
193,cumulative_fouling_penalty_index (calculated),-553.0921023624975,728.4434718466364,2024-02-20 05:30:00,GAM,4377.555389416918
194,cumulative_fouling_penalty_index (calculated),-364.0059127953593,4364.754027268423,2024-06-01 18:45:00,GAM,4377.555389416918
195,cumulative_fouling_penalty_index (calculated),-553.0921813803341,1370.0570304491223,2024-03-23 23:15:00,GAM,4377.555389416918
196,cumulative_fouling_penalty_index (calculated),-364.0058893759454,4139.668474599313,2024-10-31 11:15:00,GAM,4377.555389416918
197,cumulative_fouling_penalty_index (calculated),-553.092143835416,1115.152321292314,2024-03-10 10:15:00,GAM,4377.555389416918
198,cumulative_fouling_penalty_index (calculated),-553.092118756533,905.4811571582576,2024-02-27 18:30:00,GAM,4377.555389416918
199,cumulative_fouling_penalty_index (calculated),2795.1620522704584,7390.994010028731,2024-12-14 09:30:00,GAM,4377.555389416918
0,Vessel Hull Through Water Longitudinal Speed (knots),-997.3032190462733,9.613841269841268,2024-12-22 11:30:00,GAM,4377.555389416918
1,Vessel Hull Through Water Longitudinal Speed (knots),688.9972381667237,13.180310734463276,2024-03-09 10:00:00,GAM,4377.555389416918
2,Vessel Hull Through Water Longitudinal Speed (knots),-397.6943059466522,11.233526785714286,2024-04-12 18:15:00,GAM,4377.555389416918
3,Vessel Hull Through Water Longitudinal Speed (knots),82.25879136700365,11.89969246031746,2024-08-05 02:15:00,GAM,4377.555389416918
4,Vessel Hull Through Water Longitudinal Speed (knots),-585.3082587073767,10.727685185185184,2024-08-24 05:00:00,GAM,4377.555389416918
5,Vessel Hull Through Water Longitudinal Speed (knots),325.5072730083073,12.25151837928154,2024-04-28 22:15:00,GAM,4377.555389416918
6,Vessel Hull Through Water Longitudinal Speed (knots),-1184.4147173842155,8.247476484420929,2024-04-29 15:00:00,GAM,4377.555389416918
7,Vessel Hull Through Water Longitudinal Speed (knots),-616.1527673216614,10.554972222222222,2024-08-24 07:30:00,GAM,4377.555389416918
8,Vessel Hull Through Water Longitudinal Speed (knots),-1120.4439710399477,9.085980629539952,2024-12-20 13:45:00,GAM,4377.555389416918
9,Vessel Hull Through Water Longitudinal Speed (knots),-626.0805366979394,10.5,2024-12-24 11:45:00,GAM,4377.555389416918
10,Vessel Hull Through Water Longitudinal Speed (knots),81.85055335406811,11.899166666666668,2024-09-14 02:00:00,GAM,4377.555389416918
11,Vessel Hull Through Water Longitudinal Speed (knots),458.0788672603441,12.592333333333332,2024-02-10 19:00:00,GAM,4377.555389416918
12,Vessel Hull Through Water Longitudinal Speed (knots),871.000863920013,13.405886904761903,2024-09-12 02:45:00,GAM,4377.555389416918
13,Vessel Hull Through Water Longitudinal Speed (knots),-645.3840758004061,10.405344877344875,2024-05-05 15:30:00,GAM,4377.555389416918
14,Vessel Hull Through Water Longitudinal Speed (knots),412.0913037709724,12.43965277777778,2024-09-15 02:15:00,GAM,4377.555389416918
15,Vessel Hull Through Water Longitudinal Speed (knots),-534.7871648972166,10.93050925925926,2024-04-02 01:45:00,GAM,4377.555389416918
16,Vessel Hull Through Water Longitudinal Speed (knots),-570.1230282447401,10.8,2024-12-27 03:45:00,GAM,4377.555389416918
17,Vessel Hull Through Water Longitudinal Speed (knots),719.0516041268055,13.221052631578948,2024-03-12 02:45:00,GAM,4377.555389416918
18,Vessel Hull Through Water Longitudinal Speed (knots),454.0797497694803,12.577154122680438,2024-03-17 07:45:00,GAM,4377.555389416918
19,Vessel Hull Through Water Longitudinal Speed (knots),-298.52100175633177,11.39372222222222,2024-12-14 15:15:00,GAM,4377.555389416918
20,Vessel Hull Through Water Longitudinal Speed (knots),-370.2384274084712,11.28049895506792,2024-10-26 01:45:00,GAM,4377.555389416918
21,Vessel Hull Through Water Longitudinal Speed (knots),-542.0281864082823,10.90727777777778,2024-04-01 22:00:00,GAM,4377.555389416918
22,Vessel Hull Through Water Longitudinal Speed (knots),444.8685999437413,12.543474576271183,2024-05-11 08:45:00,GAM,4377.555389416918
23,Vessel Hull Through Water Longitudinal Speed (knots),553.8718224450179,12.931689244663383,2024-04-30 21:45:00,GAM,4377.555389416918
24,Vessel Hull Through Water Longitudinal Speed (knots),-95.89477642447171,11.672703703703702,2024-08-02 07:15:00,GAM,4377.555389416918
25,Vessel Hull Through Water Longitudinal Speed (knots),792.0279378975458,13.312668308702792,2024-02-28 08:00:00,GAM,4377.555389416918
26,Vessel Hull Through Water Longitudinal Speed (knots),108.58880751085768,11.933801169590645,2024-03-03 03:45:00,GAM,4377.555389416918
27,Vessel Hull Through Water Longitudinal Speed (knots),-548.285383498787,10.885916666666668,2024-11-11 13:30:00,GAM,4377.555389416918
28,Vessel Hull Through Water Longitudinal Speed (knots),873.1529248962961,13.408389830508476,2024-02-28 17:45:00,GAM,4377.555389416918
29,Vessel Hull Through Water Longitudinal Speed (knots),359.36475948747795,12.315393462469734,2024-02-17 22:00:00,GAM,4377.555389416918
30,Vessel Hull Through Water Longitudinal Speed (knots),189.6564154738685,12.042430555555557,2024-11-20 07:00:00,GAM,4377.555389416918
31,Vessel Hull Through Water Longitudinal Speed (knots),473.3530992581452,12.652599206349208,2024-02-25 02:30:00,GAM,4377.555389416918
32,Vessel Hull Through Water Longitudinal Speed (knots),493.5956721967814,12.733757062146893,2024-03-10 23:15:00,GAM,4377.555389416918
33,Vessel Hull Through Water Longitudinal Speed (knots),562.2999446024659,12.95320197044335,2024-03-20 15:30:00,GAM,4377.555389416918
34,Vessel Hull Through Water Longitudinal Speed (knots),-977.9697556107163,9.656194444444443,2024-08-17 00:15:00,GAM,4377.555389416918
35,Vessel Hull Through Water Longitudinal Speed (knots),537.1823756762636,12.885046296296297,2024-06-05 05:15:00,GAM,4377.555389416918
36,Vessel Hull Through Water Longitudinal Speed (knots),298.4162436152533,12.205185185185185,2024-07-20 01:30:00,GAM,4377.555389416918
37,Vessel Hull Through Water Longitudinal Speed (knots),-575.37286129512,10.776257936507935,2024-11-11 15:15:00,GAM,4377.555389416918
38,Vessel Hull Through Water Longitudinal Speed (knots),103.37336337565354,11.927011494252874,2024-02-14 05:30:00,GAM,4377.555389416918
39,Vessel Hull Through Water Longitudinal Speed (knots),492.72484304003706,12.730333333333332,2024-02-16 01:00:00,GAM,4377.555389416918
40,Vessel Hull Through Water Longitudinal Speed (knots),786.7884353814093,13.30632768361582,2024-09-12 03:30:00,GAM,4377.555389416918
41,Vessel Hull Through Water Longitudinal Speed (knots),-656.633374843278,10.358233766233766,2024-05-02 05:30:00,GAM,4377.555389416918
42,Vessel Hull Through Water Longitudinal Speed (knots),465.1308771569362,12.619786851566513,2024-09-15 14:15:00,GAM,4377.555389416918
43,Vessel Hull Through Water Longitudinal Speed (knots),-575.4741229249245,10.775787037037038,2024-08-22 00:30:00,GAM,4377.555389416918
44,Vessel Hull Through Water Longitudinal Speed (knots),351.34852142502115,12.29950925925926,2024-07-25 09:45:00,GAM,4377.555389416918
45,Vessel Hull Through Water Longitudinal Speed (knots),-1133.4766097425727,8.840016233766233,2024-12-28 23:30:00,GAM,4377.555389416918
46,Vessel Hull Through Water Longitudinal Speed (knots),400.1260770424922,12.407555555555556,2024-09-15 19:00:00,GAM,4377.555389416918
47,Vessel Hull Through Water Longitudinal Speed (knots),-275.2499472197498,11.428247126436782,2024-04-10 16:45:00,GAM,4377.555389416918
48,Vessel Hull Through Water Longitudinal Speed (knots),-704.7839464158981,10.20525,2024-10-20 09:15:00,GAM,4377.555389416918
49,Vessel Hull Through Water Longitudinal Speed (knots),542.723946448989,12.901171296296296,2024-07-24 18:30:00,GAM,4377.555389416918
50,Vessel Hull Through Water Longitudinal Speed (knots),196.41850152708062,12.05183908045977,2024-02-23 12:30:00,GAM,4377.555389416918
51,Vessel Hull Through Water Longitudinal Speed (knots),-1124.436910122684,9.02876647834275,2024-11-03 22:00:00,GAM,4377.555389416918
52,Vessel Hull Through Water Longitudinal Speed (knots),818.9519349564796,13.344866828087168,2024-02-28 14:30:00,GAM,4377.555389416918
53,Vessel Hull Through Water Longitudinal Speed (knots),-469.2221970794189,11.09586286594761,2024-11-09 07:30:00,GAM,4377.555389416918
54,Vessel Hull Through Water Longitudinal Speed (knots),-466.3809679596994,11.101912698412695,2024-08-23 03:15:00,GAM,4377.555389416918
55,Vessel Hull Through Water Longitudinal Speed (knots),637.4550295665013,13.102966101694914,2024-02-29 22:45:00,GAM,4377.555389416918
56,Vessel Hull Through Water Longitudinal Speed (knots),-407.63771304124333,11.21586507936508,2024-12-16 01:30:00,GAM,4377.555389416918
57,Vessel Hull Through Water Longitudinal Speed (knots),921.4330041586906,13.464476190476187,2024-09-18 22:45:00,GAM,4377.555389416918
58,Vessel Hull Through Water Longitudinal Speed (knots),914.1058267795801,13.455954469507102,2024-04-24 16:30:00,GAM,4377.555389416918
59,Vessel Hull Through Water Longitudinal Speed (knots),436.11767341633976,12.513295634920636,2024-02-24 23:15:00,GAM,4377.555389416918
60,Vessel Hull Through Water Longitudinal Speed (knots),481.43125839100696,12.685198412698412,2024-09-14 11:00:00,GAM,4377.555389416918
61,Vessel Hull Through Water Longitudinal Speed (knots),419.0784571117872,12.459732983588916,2024-04-27 12:45:00,GAM,4377.555389416918
62,Vessel Hull Through Water Longitudinal Speed (knots),991.0462876925603,13.546523148148149,2024-07-16 23:30:00,GAM,4377.555389416918
63,Vessel Hull Through Water Longitudinal Speed (knots),804.8260750137038,13.32804761904762,2024-07-18 08:00:00,GAM,4377.555389416918
64,Vessel Hull Through Water Longitudinal Speed (knots),-296.90499343616807,11.396149425287357,2024-04-03 06:15:00,GAM,4377.555389416918
65,Vessel Hull Through Water Longitudinal Speed (knots),144.34376547321767,11.980902777777777,2024-08-04 14:45:00,GAM,4377.555389416918
66,Vessel Hull Through Water Longitudinal Speed (knots),593.898010195262,13.024000410509032,2024-03-17 21:45:00,GAM,4377.555389416918
67,Vessel Hull Through Water Longitudinal Speed (knots),791.9696192814274,13.312597883597885,2024-08-08 08:30:00,GAM,4377.555389416918
68,Vessel Hull Through Water Longitudinal Speed (knots),-412.60888255226706,11.206888888888887,2024-12-25 00:15:00,GAM,4377.555389416918
69,Vessel Hull Through Water Longitudinal Speed (knots),-174.7917219952147,11.568880952380953,2024-12-17 16:45:00,GAM,4377.555389416918
70,Vessel Hull Through Water Longitudinal Speed (knots),-495.23912266801835,11.03714417989418,2024-08-22 22:45:00,GAM,4377.555389416918
71,Vessel Hull Through Water Longitudinal Speed (knots),490.72554905366434,12.722434318555008,2024-03-17 20:15:00,GAM,4377.555389416918
72,Vessel Hull Through Water Longitudinal Speed (knots),445.8449610648563,12.546954022988508,2024-02-17 09:15:00,GAM,4377.555389416918
73,Vessel Hull Through Water Longitudinal Speed (knots),539.6903103937013,12.892426108374384,2024-03-01 06:00:00,GAM,4377.555389416918
74,Vessel Hull Through Water Longitudinal Speed (knots),-628.2970427336943,10.48824007936508,2024-08-15 18:00:00,GAM,4377.555389416918
75,Vessel Hull Through Water Longitudinal Speed (knots),462.44445372326203,12.60923611111111,2024-07-17 19:00:00,GAM,4377.555389416918
76,Vessel Hull Through Water Longitudinal Speed (knots),-377.63212250180067,11.268088023088024,2024-04-02 12:15:00,GAM,4377.555389416918
77,Vessel Hull Through Water Longitudinal Speed (knots),-1016.9453723174016,9.56751851851852,2024-08-06 22:30:00,GAM,4377.555389416918
78,Vessel Hull Through Water Longitudinal Speed (knots),-158.7119490957081,11.590416666666666,2024-12-17 15:00:00,GAM,4377.555389416918
79,Vessel Hull Through Water Longitudinal Speed (knots),623.477740814064,13.079463276836158,2024-02-20 16:15:00,GAM,4377.555389416918
80,Vessel Hull Through Water Longitudinal Speed (knots),842.8652072492786,13.373047619047618,2024-09-19 23:30:00,GAM,4377.555389416918
81,Vessel Hull Through Water Longitudinal Speed (knots),-879.0938916451308,9.849380952380953,2024-11-11 06:00:00,GAM,4377.555389416918
82,Vessel Hull Through Water Longitudinal Speed (knots),-459.06102186374665,11.11722222222222,2024-08-19 12:30:00,GAM,4377.555389416918
83,Vessel Hull Through Water Longitudinal Speed (knots),-260.3838668901345,11.449855158730156,2024-09-17 09:00:00,GAM,4377.555389416918
84,Vessel Hull Through Water Longitudinal Speed (knots),-749.1900484827445,10.10138821630347,2024-11-13 04:45:00,GAM,4377.555389416918
85,Vessel Hull Through Water Longitudinal Speed (knots),517.2106882866688,12.821125,2024-05-11 13:15:00,GAM,4377.555389416918
86,Vessel Hull Through Water Longitudinal Speed (knots),-395.0390045393466,11.238180555555555,2024-04-15 05:00:00,GAM,4377.555389416918
87,Vessel Hull Through Water Longitudinal Speed (knots),529.9803585575123,12.863071428571429,2024-09-14 10:00:00,GAM,4377.555389416918
88,Vessel Hull Through Water Longitudinal Speed (knots),804.4678167339789,13.327619047619049,2024-05-08 14:30:00,GAM,4377.555389416918
89,Vessel Hull Through Water Longitudinal Speed (knots),-548.7425236652814,10.884305555555557,2024-12-26 19:15:00,GAM,4377.555389416918
90,Vessel Hull Through Water Longitudinal Speed (knots),820.7926733796577,13.34704802259887,2024-02-28 15:45:00,GAM,4377.555389416918
91,Vessel Hull Through Water Longitudinal Speed (knots),594.0940018504422,13.024398148148148,2024-07-20 22:15:00,GAM,4377.555389416918
92,Vessel Hull Through Water Longitudinal Speed (knots),263.53024888666897,12.149741727199354,2024-03-15 00:15:00,GAM,4377.555389416918
93,Vessel Hull Through Water Longitudinal Speed (knots),874.1593194857691,13.40956001113896,2024-04-26 14:00:00,GAM,4377.555389416918
94,Vessel Hull Through Water Longitudinal Speed (knots),-561.7579288689855,10.835217592592592,2024-08-20 10:00:00,GAM,4377.555389416918
95,Vessel Hull Through Water Longitudinal Speed (knots),500.43064691498205,12.760209663218138,2024-09-14 14:30:00,GAM,4377.555389416918
96,Vessel Hull Through Water Longitudinal Speed (knots),-592.8469595818674,10.687755521314845,2024-11-30 23:30:00,GAM,4377.555389416918
97,Vessel Hull Through Water Longitudinal Speed (knots),727.4002351886404,13.23198275862069,2024-04-28 19:00:00,GAM,4377.555389416918
98,Vessel Hull Through Water Longitudinal Speed (knots),-664.1187341295253,10.329796443268664,2024-05-05 15:45:00,GAM,4377.555389416918
99,Vessel Hull Through Water Longitudinal Speed (knots),1048.185575085011,13.617003968253966,2024-07-16 12:00:00,GAM,4377.555389416918
100,Vessel Hull Through Water Longitudinal Speed (knots),428.3989860789257,12.488194444444444,2024-07-23 00:30:00,GAM,4377.555389416918
101,Vessel Hull Through Water Longitudinal Speed (knots),-1142.557938851948,8.660157201555506,2024-12-22 13:15:00,GAM,4377.555389416918
102,Vessel Hull Through Water Longitudinal Speed (knots),521.0820066051297,12.834252873563218,2024-03-26 15:00:00,GAM,4377.555389416918
103,Vessel Hull Through Water Longitudinal Speed (knots),-527.5033869524357,10.952444444444444,2024-08-08 16:15:00,GAM,4377.555389416918
104,Vessel Hull Through Water Longitudinal Speed (knots),-181.25115926681212,11.560166666666667,2024-08-14 09:30:00,GAM,4377.555389416918
105,Vessel Hull Through Water Longitudinal Speed (knots),517.7177996303574,12.82286507936508,2024-02-26 12:00:00,GAM,4377.555389416918
106,Vessel Hull Through Water Longitudinal Speed (knots),781.7371290647993,13.300187969924812,2024-02-28 09:30:00,GAM,4377.555389416918
107,Vessel Hull Through Water Longitudinal Speed (knots),397.1550917095059,12.4,2024-02-09 05:45:00,GAM,4377.555389416918
108,Vessel Hull Through Water Longitudinal Speed (knots),-0.2759450589804828,11.79452777777778,2024-08-04 02:30:00,GAM,4377.555389416918
109,Vessel Hull Through Water Longitudinal Speed (knots),360.53170766039784,12.3177528921173,2024-07-20 09:00:00,GAM,4377.555389416918
110,Vessel Hull Through Water Longitudinal Speed (knots),593.7999142109528,13.023801169590644,2024-03-01 09:30:00,GAM,4377.555389416918
111,Vessel Hull Through Water Longitudinal Speed (knots),836.3718306198346,13.365425925925926,2024-09-19 01:00:00,GAM,4377.555389416918
112,Vessel Hull Through Water Longitudinal Speed (knots),15.089841493593212,11.814,2024-08-04 01:45:00,GAM,4377.555389416918
113,Vessel Hull Through Water Longitudinal Speed (knots),-1133.2912833932778,8.844373015873016,2024-12-22 01:45:00,GAM,4377.555389416918
114,Vessel Hull Through Water Longitudinal Speed (knots),133.2804470675935,11.966214689265536,2024-02-13 18:00:00,GAM,4377.555389416918
115,Vessel Hull Through Water Longitudinal Speed (knots),-621.210190381331,10.52654761904762,2024-08-17 03:45:00,GAM,4377.555389416918
116,Vessel Hull Through Water Longitudinal Speed (knots),-1199.9130791172295,8.155333333333333,2024-12-01 21:30:00,GAM,4377.555389416918
117,Vessel Hull Through Water Longitudinal Speed (knots),507.24848764965117,12.785714285714286,2024-03-27 03:00:00,GAM,4377.555389416918
118,Vessel Hull Through Water Longitudinal Speed (knots),-575.4999901349017,10.775666666666666,2024-10-23 08:00:00,GAM,4377.555389416918
119,Vessel Hull Through Water Longitudinal Speed (knots),397.15509170950713,12.4,2024-02-17 12:45:00,GAM,4377.555389416918
120,Vessel Hull Through Water Longitudinal Speed (knots),914.7185102643159,13.456666666666669,2024-09-19 03:30:00,GAM,4377.555389416918
121,Vessel Hull Through Water Longitudinal Speed (knots),175.24921145218516,12.022598522167488,2024-02-23 13:30:00,GAM,4377.555389416918
122,Vessel Hull Through Water Longitudinal Speed (knots),1185.8185703929848,13.823285579768632,2024-04-28 09:30:00,GAM,4377.555389416918
123,Vessel Hull Through Water Longitudinal Speed (knots),718.418705661247,13.220217917675544,2024-04-28 04:30:00,GAM,4377.555389416918
124,Vessel Hull Through Water Longitudinal Speed (knots),445.38557487970127,12.545314153439154,2024-04-26 23:15:00,GAM,4377.555389416918
125,Vessel Hull Through Water Longitudinal Speed (knots),599.739743061436,13.035666666666666,2024-09-18 01:00:00,GAM,4377.555389416918
126,Vessel Hull Through Water Longitudinal Speed (knots),-637.4275055512486,10.442192982456142,2024-08-14 04:30:00,GAM,4377.555389416918
127,Vessel Hull Through Water Longitudinal Speed (knots),-889.9777735266648,9.829042021197193,2024-11-13 15:00:00,GAM,4377.555389416918
128,Vessel Hull Through Water Longitudinal Speed (knots),852.0993810621711,13.383854679802957,2024-05-06 15:00:00,GAM,4377.555389416918
129,Vessel Hull Through Water Longitudinal Speed (knots),1205.4807984556737,13.863383458646616,2024-04-28 11:45:00,GAM,4377.555389416918
130,Vessel Hull Through Water Longitudinal Speed (knots),-354.9028321256277,11.30574074074074,2024-11-06 06:45:00,GAM,4377.555389416918
131,Vessel Hull Through Water Longitudinal Speed (knots),-584.1190050413259,10.73375,2024-08-21 08:30:00,GAM,4377.555389416918
132,Vessel Hull Through Water Longitudinal Speed (knots),-464.29151871274775,11.106322547508988,2024-04-11 21:30:00,GAM,4377.555389416918
133,Vessel Hull Through Water Longitudinal Speed (knots),-588.3920390365877,10.711652777777775,2024-11-11 10:30:00,GAM,4377.555389416918
134,Vessel Hull Through Water Longitudinal Speed (knots),-123.29783569673226,11.637134502923976,2024-12-15 14:45:00,GAM,4377.555389416918
135,Vessel Hull Through Water Longitudinal Speed (knots),-317.0262328143517,11.365583333333335,2024-04-03 04:45:00,GAM,4377.555389416918
136,Vessel Hull Through Water Longitudinal Speed (knots),-409.5477579321112,11.21242816091954,2024-10-26 06:15:00,GAM,4377.555389416918
137,Vessel Hull Through Water Longitudinal Speed (knots),149.01672420980773,11.98714151197202,2024-04-25 14:30:00,GAM,4377.555389416918
138,Vessel Hull Through Water Longitudinal Speed (knots),-565.9505469704237,10.817954365079366,2024-10-18 10:45:00,GAM,4377.555389416918
139,Vessel Hull Through Water Longitudinal Speed (knots),99.08739486950219,11.92144499178982,2024-06-02 01:30:00,GAM,4377.555389416918
140,Vessel Hull Through Water Longitudinal Speed (knots),-528.5894489404251,10.949257936507935,2024-08-22 23:30:00,GAM,4377.555389416918
141,Vessel Hull Through Water Longitudinal Speed (knots),-1183.0300661834258,8.256583333333333,2024-12-22 13:45:00,GAM,4377.555389416918
142,Vessel Hull Through Water Longitudinal Speed (knots),-505.9251989300023,11.010890211640213,2024-08-22 17:45:00,GAM,4377.555389416918
143,Vessel Hull Through Water Longitudinal Speed (knots),870.7501338723723,13.40559523809524,2024-03-22 19:00:00,GAM,4377.555389416918
144,Vessel Hull Through Water Longitudinal Speed (knots),69.77432440690683,11.88364877589454,2024-08-02 04:45:00,GAM,4377.555389416918
145,Vessel Hull Through Water Longitudinal Speed (knots),499.9770279915466,12.758479532163744,2024-03-27 03:15:00,GAM,4377.555389416918
146,Vessel Hull Through Water Longitudinal Speed (knots),-385.01396124860133,11.25552777777778,2024-03-02 08:15:00,GAM,4377.555389416918
147,Vessel Hull Through Water Longitudinal Speed (knots),816.9925348760707,13.342542517006803,2024-02-29 02:45:00,GAM,4377.555389416918
148,Vessel Hull Through Water Longitudinal Speed (knots),-715.1769447494187,10.179035714285714,2024-08-15 06:30:00,GAM,4377.555389416918
149,Vessel Hull Through Water Longitudinal Speed (knots),400.4723110463007,12.408446327683617,2024-03-16 22:00:00,GAM,4377.555389416918
150,Vessel Hull Through Water Longitudinal Speed (knots),-633.0425625034343,10.463811507936509,2024-08-15 18:15:00,GAM,4377.555389416918
151,Vessel Hull Through Water Longitudinal Speed (knots),506.40349603683916,12.782606516290729,2024-05-11 03:00:00,GAM,4377.555389416918
152,Vessel Hull Through Water Longitudinal Speed (knots),-406.62215174687884,11.21768650793651,2024-08-22 13:15:00,GAM,4377.555389416918
153,Vessel Hull Through Water Longitudinal Speed (knots),-426.82046923328,11.180638888888888,2024-11-05 19:30:00,GAM,4377.555389416918
154,Vessel Hull Through Water Longitudinal Speed (knots),579.9735837009973,12.99452784503632,2024-06-10 03:00:00,GAM,4377.555389416918
155,Vessel Hull Through Water Longitudinal Speed (knots),-257.2105560628873,11.454426020408164,2024-04-14 12:00:00,GAM,4377.555389416918
156,Vessel Hull Through Water Longitudinal Speed (knots),986.3321257248592,13.540870370370367,2024-07-17 00:30:00,GAM,4377.555389416918
157,Vessel Hull Through Water Longitudinal Speed (knots),-485.4050594323161,11.06011111111111,2024-08-20 05:45:00,GAM,4377.555389416918
158,Vessel Hull Through Water Longitudinal Speed (knots),-1149.5495930785112,8.558481116584565,2024-11-19 00:00:00,GAM,4377.555389416918
159,Vessel Hull Through Water Longitudinal Speed (knots),-1240.5638395193712,7.966361111111111,2024-12-01 21:00:00,GAM,4377.555389416918
160,Vessel Hull Through Water Longitudinal Speed (knots),-358.42515719100635,11.3,2024-04-02 14:30:00,GAM,4377.555389416918
161,Vessel Hull Through Water Longitudinal Speed (knots),-423.49843859243185,11.186857142857145,2024-08-10 14:15:00,GAM,4377.555389416918
162,Vessel Hull Through Water Longitudinal Speed (knots),781.5828368189729,13.3,2024-03-24 01:15:00,GAM,4377.555389416918
163,Vessel Hull Through Water Longitudinal Speed (knots),-1014.51397113797,9.573482142857143,2024-11-12 20:15:00,GAM,4377.555389416918
164,Vessel Hull Through Water Longitudinal Speed (knots),439.65726276547156,12.525282485875708,2024-06-07 14:00:00,GAM,4377.555389416918
165,Vessel Hull Through Water Longitudinal Speed (knots),-615.9257254998117,10.556264460586494,2024-05-10 12:45:00,GAM,4377.555389416918
166,Vessel Hull Through Water Longitudinal Speed (knots),339.9794593186817,12.277848932676518,2024-04-25 01:30:00,GAM,4377.555389416918
167,Vessel Hull Through Water Longitudinal Speed (knots),-569.9333846757809,10.800833333333337,2024-12-09 21:15:00,GAM,4377.555389416918
168,Vessel Hull Through Water Longitudinal Speed (knots),548.4079634206364,12.91704022988506,2024-03-27 10:00:00,GAM,4377.555389416918
169,Vessel Hull Through Water Longitudinal Speed (knots),493.7203938694798,12.734246527777778,2024-02-25 16:15:00,GAM,4377.555389416918
170,Vessel Hull Through Water Longitudinal Speed (knots),-165.81391058083545,11.580931855500822,2024-04-25 04:00:00,GAM,4377.555389416918
171,Vessel Hull Through Water Longitudinal Speed (knots),-1125.5147139984942,9.010774853801168,2024-12-28 21:15:00,GAM,4377.555389416918
172,Vessel Hull Through Water Longitudinal Speed (knots),606.030449949218,13.047811986863712,2024-02-26 19:00:00,GAM,4377.555389416918
173,Vessel Hull Through Water Longitudinal Speed (knots),-1120.6329749753995,9.083556878306878,2024-08-27 13:00:00,GAM,4377.555389416918
174,Vessel Hull Through Water Longitudinal Speed (knots),1022.188057639223,13.584420903954802,2024-04-23 21:45:00,GAM,4377.555389416918
175,Vessel Hull Through Water Longitudinal Speed (knots),408.66341433831263,12.430172413793104,2024-02-17 16:15:00,GAM,4377.555389416918
176,Vessel Hull Through Water Longitudinal Speed (knots),-510.6404135307694,10.998805555555554,2024-08-19 20:15:00,GAM,4377.555389416918
177,Vessel Hull Through Water Longitudinal Speed (knots),642.4663349317776,13.111064153439152,2024-08-08 07:45:00,GAM,4377.555389416918
178,Vessel Hull Through Water Longitudinal Speed (knots),856.7091632134212,13.38923767752715,2024-03-22 20:15:00,GAM,4377.555389416918
179,Vessel Hull Through Water Longitudinal Speed (knots),-1105.6425822897277,9.225456349206349,2024-08-25 11:45:00,GAM,4377.555389416918
180,Vessel Hull Through Water Longitudinal Speed (knots),-548.0130682957896,10.886873015873016,2024-10-31 09:00:00,GAM,4377.555389416918
181,Vessel Hull Through Water Longitudinal Speed (knots),-361.50471770399963,11.294953703703705,2024-12-16 02:15:00,GAM,4377.555389416918
182,Vessel Hull Through Water Longitudinal Speed (knots),627.7188318820104,13.08675,2024-07-18 00:00:00,GAM,4377.555389416918
183,Vessel Hull Through Water Longitudinal Speed (knots),-699.2752907467118,10.219827586206897,2024-08-17 22:30:00,GAM,4377.555389416918
184,Vessel Hull Through Water Longitudinal Speed (knots),209.65085938311194,12.070454545454544,2024-02-14 13:45:00,GAM,4377.555389416918
185,Vessel Hull Through Water Longitudinal Speed (knots),502.9124290769563,12.769604519774012,2024-06-08 10:30:00,GAM,4377.555389416918
186,Vessel Hull Through Water Longitudinal Speed (knots),-264.8945029266692,11.443333333333332,2024-08-14 20:30:00,GAM,4377.555389416918
187,Vessel Hull Through Water Longitudinal Speed (knots),711.3146206284471,13.210785714285716,2024-02-28 03:15:00,GAM,4377.555389416918
188,Vessel Hull Through Water Longitudinal Speed (knots),-561.1930558050212,10.837486111111112,2024-10-16 23:30:00,GAM,4377.555389416918
189,Vessel Hull Through Water Longitudinal Speed (knots),-69.08172157159804,11.707124060150376,2024-05-06 03:00:00,GAM,4377.555389416918
190,Vessel Hull Through Water Longitudinal Speed (knots),-421.4669765056343,11.19063425925926,2024-08-18 20:15:00,GAM,4377.555389416918
191,Vessel Hull Through Water Longitudinal Speed (knots),-730.4485979240012,10.142900793650794,2024-11-02 00:45:00,GAM,4377.555389416918
192,Vessel Hull Through Water Longitudinal Speed (knots),-879.7362386213103,9.84818253968254,2024-12-23 18:30:00,GAM,4377.555389416918
193,Vessel Hull Through Water Longitudinal Speed (knots),456.9051532975517,12.58784632034632,2024-02-20 05:30:00,GAM,4377.555389416918
194,Vessel Hull Through Water Longitudinal Speed (knots),199.8021039801757,12.05657268170426,2024-06-01 18:45:00,GAM,4377.555389416918
195,Vessel Hull Through Water Longitudinal Speed (knots),785.6942286014822,13.305,2024-03-23 23:15:00,GAM,4377.555389416918
196,Vessel Hull Through Water Longitudinal Speed (knots),-580.9212463131889,10.749722222222225,2024-10-31 11:15:00,GAM,4377.555389416918
197,Vessel Hull Through Water Longitudinal Speed (knots),705.2946234117017,13.202697740112994,2024-03-10 10:15:00,GAM,4377.555389416918
198,Vessel Hull Through Water Longitudinal Speed (knots),823.7906624894248,13.3505957883924,2024-02-27 18:30:00,GAM,4377.555389416918
199,Vessel Hull Through Water Longitudinal Speed (knots),-485.94655380219496,11.058873015873017,2024-12-14 09:30:00,GAM,4377.555389416918
0,Day of Year,-4624.713224067754,357.0,2024-12-22 11:30:00,GAM,4377.555389416918
1,Day of Year,1482.7781883938121,69.0,2024-03-09 10:00:00,GAM,4377.555389416918
2,Day of Year,1313.5366416221084,103.0,2024-04-12 18:15:00,GAM,4377.555389416918
3,Day of Year,-419.63199184489264,218.0,2024-08-05 02:15:00,GAM,4377.555389416918
4,Day of Year,-977.6347359492366,237.0,2024-08-24 05:00:00,GAM,4377.555389416918
5,Day of Year,1584.7889561332615,119.0,2024-04-28 22:15:00,GAM,4377.555389416918
6,Day of Year,1602.0524779570576,120.0,2024-04-29 15:00:00,GAM,4377.555389416918
7,Day of Year,-977.6347359492371,237.0,2024-08-24 07:30:00,GAM,4377.555389416918
8,Day of Year,-4419.548048691142,355.0,2024-12-20 13:45:00,GAM,4377.555389416918
9,Day of Year,-4812.232426807487,359.0,2024-12-24 11:45:00,GAM,4377.555389416918
10,Day of Year,-1093.9719792640442,258.0,2024-09-14 02:00:00,GAM,4377.555389416918
11,Day of Year,1069.2807036934573,41.0,2024-02-10 19:00:00,GAM,4377.555389416918
12,Day of Year,-1111.2561019601224,256.0,2024-09-12 02:45:00,GAM,4377.555389416918
13,Day of Year,1696.890642084282,126.0,2024-05-05 15:30:00,GAM,4377.555389416918
14,Day of Year,-1082.8302199676543,259.0,2024-09-15 02:15:00,GAM,4377.555389416918
15,Day of Year,1217.8550802898958,93.0,2024-04-02 01:45:00,GAM,4377.555389416918
16,Day of Year,-5055.7481058249505,362.0,2024-12-27 03:45:00,GAM,4377.555389416918
17,Day of Year,1429.9655102272009,72.0,2024-03-12 02:45:00,GAM,4377.555389416918
18,Day of Year,1338.9601372879479,77.0,2024-03-17 07:45:00,GAM,4377.555389416918
19,Day of Year,-3719.556921702231,349.0,2024-12-14 15:15:00,GAM,4377.555389416918
20,Day of Year,288.8504497220546,300.0,2024-10-26 01:45:00,GAM,4377.555389416918
21,Day of Year,1214.3351149669807,92.0,2024-04-01 22:00:00,GAM,4377.555389416918
22,Day of Year,1767.5331662856513,132.0,2024-05-11 08:45:00,GAM,4377.555389416918
23,Day of Year,1618.9981097686111,121.0,2024-04-30 21:45:00,GAM,4377.555389416918
24,Day of Year,-304.5306663885733,215.0,2024-08-02 07:15:00,GAM,4377.555389416918
25,Day of Year,1586.0942943400332,59.0,2024-02-28 08:00:00,GAM,4377.555389416918
26,Day of Year,1564.0121296702237,63.0,2024-03-03 03:45:00,GAM,4377.555389416918
27,Day of Year,45.79144013339919,316.0,2024-11-11 13:30:00,GAM,4377.555389416918
28,Day of Year,1586.0942943400328,59.0,2024-02-28 17:45:00,GAM,4377.555389416918
29,Day of Year,1421.186853726243,48.0,2024-02-17 22:00:00,GAM,4377.555389416918
30,Day of Year,-678.4096790472212,325.0,2024-11-20 07:00:00,GAM,4377.555389416918
31,Day of Year,1578.4639821520732,56.0,2024-02-25 02:30:00,GAM,4377.555389416918
32,Day of Year,1465.7002612762353,70.0,2024-03-10 23:15:00,GAM,4377.555389416918
33,Day of Year,1289.6771476766812,80.0,2024-03-20 15:30:00,GAM,4377.555389416918
34,Day of Year,-812.6674248990965,230.0,2024-08-17 00:15:00,GAM,4377.555389416918
35,Day of Year,1696.12569197902,157.0,2024-06-05 05:15:00,GAM,4377.555389416918
36,Day of Year,236.30052804985866,202.0,2024-07-20 01:30:00,GAM,4377.555389416918
37,Day of Year,45.791440133399774,316.0,2024-11-11 15:15:00,GAM,4377.555389416918
38,Day of Year,1298.4154550336832,45.0,2024-02-14 05:30:00,GAM,4377.555389416918
39,Day of Year,1384.614090692406,47.0,2024-02-16 01:00:00,GAM,4377.555389416918
40,Day of Year,-1111.2561019601224,256.0,2024-09-12 03:30:00,GAM,4377.555389416918
41,Day of Year,1651.6994431768799,123.0,2024-05-02 05:30:00,GAM,4377.555389416918
42,Day of Year,-1082.8302199676548,259.0,2024-09-15 14:15:00,GAM,4377.555389416918
43,Day of Year,-936.0317792444263,235.0,2024-08-22 00:30:00,GAM,4377.555389416918
44,Day of Year,22.94148301220116,207.0,2024-07-25 09:45:00,GAM,4377.555389416918
45,Day of Year,-5125.780820391421,363.0,2024-12-28 23:30:00,GAM,4377.555389416918
46,Day of Year,-1082.8302199676546,259.0,2024-09-15 19:00:00,GAM,4377.555389416918
47,Day of Year,1287.020521972972,101.0,2024-04-10 16:45:00,GAM,4377.555389416918
48,Day of Year,135.82523146586007,294.0,2024-10-20 09:15:00,GAM,4377.555389416918
49,Day of Year,65.3028657098898,206.0,2024-07-24 18:30:00,GAM,4377.555389416918
50,Day of Year,1559.4330085237948,54.0,2024-02-23 12:30:00,GAM,4377.555389416918
51,Day of Year,311.81798284620436,308.0,2024-11-03 22:00:00,GAM,4377.555389416918
52,Day of Year,1586.0942943400328,59.0,2024-02-28 14:30:00,GAM,4377.555389416918
53,Day of Year,144.28697895357982,314.0,2024-11-09 07:30:00,GAM,4377.555389416918
54,Day of Year,-957.4099905643556,236.0,2024-08-23 03:15:00,GAM,4377.555389416918
55,Day of Year,1583.7065267241558,60.0,2024-02-29 22:45:00,GAM,4377.555389416918
56,Day of Year,-3964.831874012158,351.0,2024-12-16 01:30:00,GAM,4377.555389416918
57,Day of Year,-1039.1220275605017,262.0,2024-09-18 22:45:00,GAM,4377.555389416918
58,Day of Year,1513.737269606214,115.0,2024-04-24 16:30:00,GAM,4377.555389416918
59,Day of Year,1570.450644308674,55.0,2024-02-24 23:15:00,GAM,4377.555389416918
60,Day of Year,-1093.9719792640426,258.0,2024-09-14 11:00:00,GAM,4377.555389416918
61,Day of Year,1567.2666093417536,118.0,2024-04-27 12:45:00,GAM,4377.555389416918
62,Day of Year,407.9873736059222,198.0,2024-07-16 23:30:00,GAM,4377.555389416918
63,Day of Year,322.20732186443087,200.0,2024-07-18 08:00:00,GAM,4377.555389416918
64,Day of Year,1222.6519118028127,94.0,2024-04-03 06:15:00,GAM,4377.555389416918
65,Day of Year,-381.8561934184855,217.0,2024-08-04 14:45:00,GAM,4377.555389416918
66,Day of Year,1338.9601372879483,77.0,2024-03-17 21:45:00,GAM,4377.555389416918
67,Day of Year,-528.9629699542356,221.0,2024-08-08 08:30:00,GAM,4377.555389416918
68,Day of Year,-4898.706656095955,360.0,2024-12-25 00:15:00,GAM,4377.555389416918
69,Day of Year,-4083.391013330052,352.0,2024-12-17 16:45:00,GAM,4377.555389416918
70,Day of Year,-936.0317792444253,235.0,2024-08-22 22:45:00,GAM,4377.555389416918
71,Day of Year,1338.9601372879483,77.0,2024-03-17 20:15:00,GAM,4377.555389416918
72,Day of Year,1421.1868537262442,48.0,2024-02-17 09:15:00,GAM,4377.555389416918
73,Day of Year,1579.1225043201166,61.0,2024-03-01 06:00:00,GAM,4377.555389416918
74,Day of Year,-756.0761128956838,228.0,2024-08-15 18:00:00,GAM,4377.555389416918
75,Day of Year,365.1318803616321,199.0,2024-07-17 19:00:00,GAM,4377.555389416918
76,Day of Year,1217.8550802898953,93.0,2024-04-02 12:15:00,GAM,4377.555389416918
77,Day of Year,-456.7666405660777,219.0,2024-08-06 22:30:00,GAM,4377.555389416918
78,Day of Year,-4083.3910133300533,352.0,2024-12-17 15:00:00,GAM,4377.555389416918
79,Day of Year,1506.738227213636,51.0,2024-02-20 16:15:00,GAM,4377.555389416918
80,Day of Year,-1021.0460689397354,263.0,2024-09-19 23:30:00,GAM,4377.555389416918
81,Day of Year,45.79144013339983,316.0,2024-11-11 06:00:00,GAM,4377.555389416918
82,Day of Year,-865.2131186114982,232.0,2024-08-19 12:30:00,GAM,4377.555389416918
83,Day of Year,-1055.4289210096,261.0,2024-09-17 09:00:00,GAM,4377.555389416918
84,Day of Year,-76.34757540860838,318.0,2024-11-13 04:45:00,GAM,4377.555389416918
85,Day of Year,1767.5331662856515,132.0,2024-05-11 13:15:00,GAM,4377.555389416918
86,Day of Year,1358.3097765699388,106.0,2024-04-15 05:00:00,GAM,4377.555389416918
87,Day of Year,-1093.9719792640424,258.0,2024-09-14 10:00:00,GAM,4377.555389416918
88,Day of Year,1736.031318477018,129.0,2024-05-08 14:30:00,GAM,4377.555389416918
89,Day of Year,-4979.967633414119,361.0,2024-12-26 19:15:00,GAM,4377.555389416918
90,Day of Year,1586.0942943400328,59.0,2024-02-28 15:45:00,GAM,4377.555389416918
91,Day of Year,236.30052804985823,202.0,2024-07-20 22:15:00,GAM,4377.555389416918
92,Day of Year,1374.8402710788976,75.0,2024-03-15 00:15:00,GAM,4377.555389416918
93,Day of Year,1549.544502627057,117.0,2024-04-26 14:00:00,GAM,4377.555389416918
94,Day of Year,-889.90966637428,233.0,2024-08-20 10:00:00,GAM,4377.555389416918
95,Day of Year,-1093.9719792640426,258.0,2024-09-14 14:30:00,GAM,4377.555389416918
96,Day of Year,-1867.7329690653928,335.0,2024-11-30 23:30:00,GAM,4377.555389416918
97,Day of Year,1584.788956133261,119.0,2024-04-28 19:00:00,GAM,4377.555389416918
98,Day of Year,1696.8906420842825,126.0,2024-05-05 15:45:00,GAM,4377.555389416918
99,Day of Year,407.9873736059229,198.0,2024-07-16 12:00:00,GAM,4377.555389416918
100,Day of Year,107.85684129714,205.0,2024-07-23 00:30:00,GAM,4377.555389416918
101,Day of Year,-4624.713224067754,357.0,2024-12-22 13:15:00,GAM,4377.555389416918
102,Day of Year,1223.3371555130673,86.0,2024-03-26 15:00:00,GAM,4377.555389416918
103,Day of Year,-528.9629699542356,221.0,2024-08-08 16:15:00,GAM,4377.555389416918
104,Day of Year,-726.3225422691355,227.0,2024-08-14 09:30:00,GAM,4377.555389416918
105,Day of Year,1583.6346306846565,57.0,2024-02-26 12:00:00,GAM,4377.555389416918
106,Day of Year,1586.0942943400312,59.0,2024-02-28 09:30:00,GAM,4377.555389416918
107,Day of Year,999.2339905081109,40.0,2024-02-09 05:45:00,GAM,4377.555389416918
108,Day of Year,-381.8561934184858,217.0,2024-08-04 02:30:00,GAM,4377.555389416918
109,Day of Year,236.30052804985883,202.0,2024-07-20 09:00:00,GAM,4377.555389416918
110,Day of Year,1579.1225043201177,61.0,2024-03-01 09:30:00,GAM,4377.555389416918
111,Day of Year,-1021.0460689397356,263.0,2024-09-19 01:00:00,GAM,4377.555389416918
112,Day of Year,-381.85619341848604,217.0,2024-08-04 01:45:00,GAM,4377.555389416918
113,Day of Year,-4624.713224067756,357.0,2024-12-22 01:45:00,GAM,4377.555389416918
114,Day of Year,1248.466365147472,44.0,2024-02-13 18:00:00,GAM,4377.555389416918
115,Day of Year,-812.6674248990961,230.0,2024-08-17 03:45:00,GAM,4377.555389416918
116,Day of Year,-1999.1493645328212,336.0,2024-12-01 21:30:00,GAM,4377.555389416918
117,Day of Year,1217.9555577608924,87.0,2024-03-27 03:00:00,GAM,4377.555389416918
118,Day of Year,224.0028232531308,297.0,2024-10-23 08:00:00,GAM,4377.555389416918
119,Day of Year,1421.1868537262428,48.0,2024-02-17 12:45:00,GAM,4377.555389416918
120,Day of Year,-1021.0460689397346,263.0,2024-09-19 03:30:00,GAM,4377.555389416918
121,Day of Year,1559.4330085237957,54.0,2024-02-23 13:30:00,GAM,4377.555389416918
122,Day of Year,1584.7889561332615,119.0,2024-04-28 09:30:00,GAM,4377.555389416918
123,Day of Year,1584.7889561332624,119.0,2024-04-28 04:30:00,GAM,4377.555389416918
124,Day of Year,1549.544502627057,117.0,2024-04-26 23:15:00,GAM,4377.555389416918
125,Day of Year,-1039.1220275605012,262.0,2024-09-18 01:00:00,GAM,4377.555389416918
126,Day of Year,-726.3225422691361,227.0,2024-08-14 04:30:00,GAM,4377.555389416918
127,Day of Year,-76.34757540860836,318.0,2024-11-13 15:00:00,GAM,4377.555389416918
128,Day of Year,1710.6885678873045,127.0,2024-05-06 15:00:00,GAM,4377.555389416918
129,Day of Year,1584.7889561332606,119.0,2024-04-28 11:45:00,GAM,4377.555389416918
130,Day of Year,250.73280775666439,311.0,2024-11-06 06:45:00,GAM,4377.555389416918
131,Day of Year,-913.5237788831628,234.0,2024-08-21 08:30:00,GAM,4377.555389416918
132,Day of Year,1299.9059414029136,102.0,2024-04-11 21:30:00,GAM,4377.555389416918
133,Day of Year,45.79144013339828,316.0,2024-11-11 10:30:00,GAM,4377.555389416918
134,Day of Year,-3843.4647591572098,350.0,2024-12-15 14:45:00,GAM,4377.555389416918
135,Day of Year,1222.651911802813,94.0,2024-04-03 04:45:00,GAM,4377.555389416918
136,Day of Year,288.8504497220553,300.0,2024-10-26 06:15:00,GAM,4377.555389416918
137,Day of Year,1531.6817010337008,116.0,2024-04-25 14:30:00,GAM,4377.555389416918
138,Day of Year,66.41036820808799,292.0,2024-10-18 10:45:00,GAM,4377.555389416918
139,Day of Year,1735.6005757996159,154.0,2024-06-02 01:30:00,GAM,4377.555389416918
140,Day of Year,-936.0317792444251,235.0,2024-08-22 23:30:00,GAM,4377.555389416918
141,Day of Year,-4624.713224067753,357.0,2024-12-22 13:45:00,GAM,4377.555389416918
142,Day of Year,-936.0317792444259,235.0,2024-08-22 17:45:00,GAM,4377.555389416918
143,Day of Year,1261.7320626770284,82.0,2024-03-22 19:00:00,GAM,4377.555389416918
144,Day of Year,-304.5306663885734,215.0,2024-08-02 04:45:00,GAM,4377.555389416918
145,Day of Year,1217.9555577608928,87.0,2024-03-27 03:15:00,GAM,4377.555389416918
146,Day of Year,1572.5038357585856,62.0,2024-03-02 08:15:00,GAM,4377.555389416918
147,Day of Year,1583.7065267241555,60.0,2024-02-29 02:45:00,GAM,4377.555389416918
148,Day of Year,-756.0761128956832,228.0,2024-08-15 06:30:00,GAM,4377.555389416918
149,Day of Year,1356.7054625321884,76.0,2024-03-16 22:00:00,GAM,4377.555389416918
150,Day of Year,-756.0761128956833,228.0,2024-08-15 18:15:00,GAM,4377.555389416918
151,Day of Year,1767.5331662856504,132.0,2024-05-11 03:00:00,GAM,4377.555389416918
152,Day of Year,-936.0317792444257,235.0,2024-08-22 13:15:00,GAM,4377.555389416918
153,Day of Year,275.90147644362054,310.0,2024-11-05 19:30:00,GAM,4377.555389416918
154,Day of Year,1612.0813952923265,162.0,2024-06-10 03:00:00,GAM,4377.555389416918
155,Day of Year,1342.797624250148,105.0,2024-04-14 12:00:00,GAM,4377.555389416918
156,Day of Year,365.1318803616322,199.0,2024-07-17 00:30:00,GAM,4377.555389416918
157,Day of Year,-889.9096663742798,233.0,2024-08-20 05:45:00,GAM,4377.555389416918
158,Day of Year,-577.8409811256236,324.0,2024-11-19 00:00:00,GAM,4377.555389416918
159,Day of Year,-1999.1493645328221,336.0,2024-12-01 21:00:00,GAM,4377.555389416918
160,Day of Year,1217.8550802898953,93.0,2024-04-02 14:30:00,GAM,4377.555389416918
161,Day of Year,-598.1461437058559,223.0,2024-08-10 14:15:00,GAM,4377.555389416918
162,Day of Year,1239.2235180231921,84.0,2024-03-24 01:15:00,GAM,4377.555389416918
163,Day of Year,-12.240365362015837,317.0,2024-11-12 20:15:00,GAM,4377.555389416918
164,Day of Year,1665.23394491466,159.0,2024-06-07 14:00:00,GAM,4377.555389416918
165,Day of Year,1757.9761674147674,131.0,2024-05-10 12:45:00,GAM,4377.555389416918
166,Day of Year,1531.6817010337006,116.0,2024-04-25 01:30:00,GAM,4377.555389416918
167,Day of Year,-3071.2607482229364,344.0,2024-12-09 21:15:00,GAM,4377.555389416918
168,Day of Year,1217.9555577608928,87.0,2024-03-27 10:00:00,GAM,4377.555389416918
169,Day of Year,1578.463982152074,56.0,2024-02-25 16:15:00,GAM,4377.555389416918
170,Day of Year,1531.681701033701,116.0,2024-04-25 04:00:00,GAM,4377.555389416918
171,Day of Year,-5125.780820391419,363.0,2024-12-28 21:15:00,GAM,4377.555389416918
172,Day of Year,1583.634630684656,57.0,2024-02-26 19:00:00,GAM,4377.555389416918
173,Day of Year,-1031.151407556423,240.0,2024-08-27 13:00:00,GAM,4377.555389416918
174,Day of Year,1495.77027338912,114.0,2024-04-23 21:45:00,GAM,4377.555389416918
175,Day of Year,1421.186853726243,48.0,2024-02-17 16:15:00,GAM,4377.555389416918
176,Day of Year,-865.2131186114977,232.0,2024-08-19 20:15:00,GAM,4377.555389416918
177,Day of Year,-528.9629699542356,221.0,2024-08-08 07:45:00,GAM,4377.555389416918
178,Day of Year,1261.7320626770284,82.0,2024-03-22 20:15:00,GAM,4377.555389416918
179,Day of Year,-996.6823385053528,238.0,2024-08-25 11:45:00,GAM,4377.555389416918
180,Day of Year,332.2633660211751,305.0,2024-10-31 09:00:00,GAM,4377.555389416918
181,Day of Year,-3964.831874012158,351.0,2024-12-16 02:15:00,GAM,4377.555389416918
182,Day of Year,322.207321864431,200.0,2024-07-18 00:00:00,GAM,4377.555389416918
183,Day of Year,-812.6674248990956,230.0,2024-08-17 22:30:00,GAM,4377.555389416918
184,Day of Year,1298.4154550336839,45.0,2024-02-14 13:45:00,GAM,4377.555389416918
185,Day of Year,1648.422695189816,160.0,2024-06-08 10:30:00,GAM,4377.555389416918
186,Day of Year,-726.3225422691355,227.0,2024-08-14 20:30:00,GAM,4377.555389416918
187,Day of Year,1586.0942943400325,59.0,2024-02-28 03:15:00,GAM,4377.555389416918
188,Day of Year,-9.87643385860331,290.0,2024-10-16 23:30:00,GAM,4377.555389416918
189,Day of Year,1710.6885678873045,127.0,2024-05-06 03:00:00,GAM,4377.555389416918
190,Day of Year,-839.4578124885312,231.0,2024-08-18 20:15:00,GAM,4377.555389416918
191,Day of Year,322.9155140284195,307.0,2024-11-02 00:45:00,GAM,4377.555389416918
192,Day of Year,-4720.812198485748,358.0,2024-12-23 18:30:00,GAM,4377.555389416918
193,Day of Year,1506.7382272136363,51.0,2024-02-20 05:30:00,GAM,4377.555389416918
194,Day of Year,1746.9192457162003,153.0,2024-06-01 18:45:00,GAM,4377.555389416918
195,Day of Year,1249.7174184915514,83.0,2024-03-23 23:15:00,GAM,4377.555389416918
196,Day of Year,332.26336602117414,305.0,2024-10-31 11:15:00,GAM,4377.555389416918
197,Day of Year,1465.7002612762349,70.0,2024-03-10 10:15:00,GAM,4377.555389416918
198,Day of Year,1586.1241985370878,58.0,2024-02-27 18:30:00,GAM,4377.555389416918
199,Day of Year,-3719.556921702232,349.0,2024-12-14 09:30:00,GAM,4377.555389416918
0,Vessel External Conditions Wave Period (Provider S),351.7873968836484,8.2771,2024-12-22 11:30:00,GAM,4377.555389416918
1,Vessel External Conditions Wave Period (Provider S),-188.22955968490675,2.3437,2024-03-09 10:00:00,GAM,4377.555389416918
2,Vessel External Conditions Wave Period (Provider S),27.890805135281312,4.8051,2024-04-12 18:15:00,GAM,4377.555389416918
3,Vessel External Conditions Wave Period (Provider S),-210.87646095936896,1.6541,2024-08-05 02:15:00,GAM,4377.555389416918
4,Vessel External Conditions Wave Period (Provider S),161.7555217294903,5.5488,2024-08-24 05:00:00,GAM,4377.555389416918
5,Vessel External Conditions Wave Period (Provider S),312.65773968723573,6.4266,2024-04-28 22:15:00,GAM,4377.555389416918
6,Vessel External Conditions Wave Period (Provider S),493.51705070357406,7.6339,2024-04-29 15:00:00,GAM,4377.555389416918
7,Vessel External Conditions Wave Period (Provider S),140.32562651370944,5.4332,2024-08-24 07:30:00,GAM,4377.555389416918
8,Vessel External Conditions Wave Period (Provider S),473.69870646964745,7.4669,2024-12-20 13:45:00,GAM,4377.555389416918
9,Vessel External Conditions Wave Period (Provider S),-58.215964063062685,4.2193,2024-12-24 11:45:00,GAM,4377.555389416918
10,Vessel External Conditions Wave Period (Provider S),61.74861300140539,5.0022,2024-09-14 02:00:00,GAM,4377.555389416918
11,Vessel External Conditions Wave Period (Provider S),142.2732338986915,5.4437,2024-02-10 19:00:00,GAM,4377.555389416918
12,Vessel External Conditions Wave Period (Provider S),-209.30911128177976,1.7261,2024-09-12 02:45:00,GAM,4377.555389416918
13,Vessel External Conditions Wave Period (Provider S),236.81543248766206,5.9642,2024-05-05 15:30:00,GAM,4377.555389416918
14,Vessel External Conditions Wave Period (Provider S),311.6090702880249,6.4199,2024-09-15 02:15:00,GAM,4377.555389416918
15,Vessel External Conditions Wave Period (Provider S),-11.903975564164853,4.554,2024-04-02 01:45:00,GAM,4377.555389416918
16,Vessel External Conditions Wave Period (Provider S),-166.70174984181364,2.9165,2024-12-27 03:45:00,GAM,4377.555389416918
17,Vessel External Conditions Wave Period (Provider S),-177.4655870021021,2.6519,2024-03-12 02:45:00,GAM,4377.555389416918
18,Vessel External Conditions Wave Period (Provider S),-28.089579292778026,4.4432,2024-03-17 07:45:00,GAM,4377.555389416918
19,Vessel External Conditions Wave Period (Provider S),-114.4514916397622,3.7046,2024-12-14 15:15:00,GAM,4377.555389416918
20,Vessel External Conditions Wave Period (Provider S),-170.03597655207204,2.84,2024-10-26 01:45:00,GAM,4377.555389416918
21,Vessel External Conditions Wave Period (Provider S),12.772254132210037,4.7128,2024-04-01 22:00:00,GAM,4377.555389416918
22,Vessel External Conditions Wave Period (Provider S),-173.11137402332756,2.7651,2024-05-11 08:45:00,GAM,4377.555389416918
23,Vessel External Conditions Wave Period (Provider S),-89.50437418169246,3.9536,2024-04-30 21:45:00,GAM,4377.555389416918
24,Vessel External Conditions Wave Period (Provider S),252.62829592650647,6.0564,2024-08-02 07:15:00,GAM,4377.555389416918
25,Vessel External Conditions Wave Period (Provider S),-186.85446684088686,2.3844,2024-02-28 08:00:00,GAM,4377.555389416918
26,Vessel External Conditions Wave Period (Provider S),245.04770850046336,6.0119,2024-03-03 03:45:00,GAM,4377.555389416918
27,Vessel External Conditions Wave Period (Provider S),-171.3546815558843,2.8084,2024-11-11 13:30:00,GAM,4377.555389416918
28,Vessel External Conditions Wave Period (Provider S),-211.2468456421898,1.6319,2024-02-28 17:45:00,GAM,4377.555389416918
29,Vessel External Conditions Wave Period (Provider S),142.81116465528729,5.4466,2024-02-17 22:00:00,GAM,4377.555389416918
30,Vessel External Conditions Wave Period (Provider S),-172.31906666928015,2.7848,2024-11-20 07:00:00,GAM,4377.555389416918
31,Vessel External Conditions Wave Period (Provider S),-99.39786261469278,3.8598,2024-02-25 02:30:00,GAM,4377.555389416918
32,Vessel External Conditions Wave Period (Provider S),-183.9755460113245,2.4689,2024-03-10 23:15:00,GAM,4377.555389416918
33,Vessel External Conditions Wave Period (Provider S),-150.89055806742695,3.2215,2024-03-20 15:30:00,GAM,4377.555389416918
34,Vessel External Conditions Wave Period (Provider S),-96.19453671348215,3.8908,2024-08-17 00:15:00,GAM,4377.555389416918
35,Vessel External Conditions Wave Period (Provider S),-126.63531304867028,3.5645,2024-06-05 05:15:00,GAM,4377.555389416918
36,Vessel External Conditions Wave Period (Provider S),-193.44533539149515,2.19,2024-07-20 01:30:00,GAM,4377.555389416918
37,Vessel External Conditions Wave Period (Provider S),-174.51941206847638,2.7294,2024-11-11 15:15:00,GAM,4377.555389416918
38,Vessel External Conditions Wave Period (Provider S),202.4477518187543,5.7707,2024-02-14 05:30:00,GAM,4377.555389416918
39,Vessel External Conditions Wave Period (Provider S),-125.30285488432193,3.5806,2024-02-16 01:00:00,GAM,4377.555389416918
40,Vessel External Conditions Wave Period (Provider S),-208.3018067268593,1.7636,2024-09-12 03:30:00,GAM,4377.555389416918
41,Vessel External Conditions Wave Period (Provider S),497.88731179332956,7.7055,2024-05-02 05:30:00,GAM,4377.555389416918
42,Vessel External Conditions Wave Period (Provider S),288.6230845461585,6.2749,2024-09-15 14:15:00,GAM,4377.555389416918
43,Vessel External Conditions Wave Period (Provider S),-182.73505216736208,2.5048,2024-08-22 00:30:00,GAM,4377.555389416918
44,Vessel External Conditions Wave Period (Provider S),247.3403843327138,6.0253,2024-07-25 09:45:00,GAM,4377.555389416918
45,Vessel External Conditions Wave Period (Provider S),11.263206622520462,4.7034,2024-12-28 23:30:00,GAM,4377.555389416918
46,Vessel External Conditions Wave Period (Provider S),266.5430584795946,6.1395,2024-09-15 19:00:00,GAM,4377.555389416918
47,Vessel External Conditions Wave Period (Provider S),-208.6403411404615,1.3256,2024-04-10 16:45:00,GAM,4377.555389416918
48,Vessel External Conditions Wave Period (Provider S),106.76146085617648,5.2516,2024-10-20 09:15:00,GAM,4377.555389416918
49,Vessel External Conditions Wave Period (Provider S),-39.37281210816198,4.3623,2024-07-24 18:30:00,GAM,4377.555389416918
50,Vessel External Conditions Wave Period (Provider S),-77.85603908203393,4.0574,2024-02-23 12:30:00,GAM,4377.555389416918
51,Vessel External Conditions Wave Period (Provider S),209.15824424361045,5.8079,2024-11-03 22:00:00,GAM,4377.555389416918
52,Vessel External Conditions Wave Period (Provider S),-198.48979774812577,2.0469,2024-02-28 14:30:00,GAM,4377.555389416918
53,Vessel External Conditions Wave Period (Provider S),-123.1479968143305,3.6062,2024-11-09 07:30:00,GAM,4377.555389416918
54,Vessel External Conditions Wave Period (Provider S),-187.4394358401198,2.3671,2024-08-23 03:15:00,GAM,4377.555389416918
55,Vessel External Conditions Wave Period (Provider S),-188.2261847639902,2.3438,2024-02-29 22:45:00,GAM,4377.555389416918
56,Vessel External Conditions Wave Period (Provider S),-151.60416867329425,0.8107,2024-12-16 01:30:00,GAM,4377.555389416918
57,Vessel External Conditions Wave Period (Provider S),-183.44847689432146,2.4842,2024-09-18 22:45:00,GAM,4377.555389416918
58,Vessel External Conditions Wave Period (Provider S),-35.65719678416074,4.3893,2024-04-24 16:30:00,GAM,4377.555389416918
59,Vessel External Conditions Wave Period (Provider S),-58.46954493239601,4.2173,2024-02-24 23:15:00,GAM,4377.555389416918
60,Vessel External Conditions Wave Period (Provider S),256.86326811612025,6.0815,2024-09-14 11:00:00,GAM,4377.555389416918
61,Vessel External Conditions Wave Period (Provider S),498.3176654116935,7.7978,2024-04-27 12:45:00,GAM,4377.555389416918
62,Vessel External Conditions Wave Period (Provider S),-207.92076727028626,1.7768,2024-07-16 23:30:00,GAM,4377.555389416918
63,Vessel External Conditions Wave Period (Provider S),-195.73367879669743,2.1241,2024-07-18 08:00:00,GAM,4377.555389416918
64,Vessel External Conditions Wave Period (Provider S),-162.4801689602161,3.0067,2024-04-03 06:15:00,GAM,4377.555389416918
65,Vessel External Conditions Wave Period (Provider S),-200.67218812173522,1.9875,2024-08-04 14:45:00,GAM,4377.555389416918
66,Vessel External Conditions Wave Period (Provider S),-117.45912822408565,3.6714,2024-03-17 21:45:00,GAM,4377.555389416918
67,Vessel External Conditions Wave Period (Provider S),-178.74194179887272,2.6172,2024-08-08 08:30:00,GAM,4377.555389416918
68,Vessel External Conditions Wave Period (Provider S),-168.56687835240004,2.8743,2024-12-25 00:15:00,GAM,4377.555389416918
69,Vessel External Conditions Wave Period (Provider S),-181.18905293019893,0.9903,2024-12-17 16:45:00,GAM,4377.555389416918
70,Vessel External Conditions Wave Period (Provider S),-199.341363446145,2.0236,2024-08-22 22:45:00,GAM,4377.555389416918
71,Vessel External Conditions Wave Period (Provider S),124.24248294751766,5.3464,2024-03-17 20:15:00,GAM,4377.555389416918
72,Vessel External Conditions Wave Period (Provider S),124.59397621656474,5.3483,2024-02-17 09:15:00,GAM,4377.555389416918
73,Vessel External Conditions Wave Period (Provider S),-208.40626006721502,1.7599,2024-03-01 06:00:00,GAM,4377.555389416918
74,Vessel External Conditions Wave Period (Provider S),-183.4968001479202,2.4828,2024-08-15 18:00:00,GAM,4377.555389416918
75,Vessel External Conditions Wave Period (Provider S),-197.91415174307994,2.0628,2024-07-17 19:00:00,GAM,4377.555389416918
76,Vessel External Conditions Wave Period (Provider S),-89.71073115931674,3.9517,2024-04-02 12:15:00,GAM,4377.555389416918
77,Vessel External Conditions Wave Period (Provider S),-151.6618337190651,3.2085,2024-08-06 22:30:00,GAM,4377.555389416918
78,Vessel External Conditions Wave Period (Provider S),-195.38664829078175,2.134,2024-12-17 15:00:00,GAM,4377.555389416918
79,Vessel External Conditions Wave Period (Provider S),-166.95755135250775,2.9108,2024-02-20 16:15:00,GAM,4377.555389416918
80,Vessel External Conditions Wave Period (Provider S),55.251814644852914,4.9652,2024-09-19 23:30:00,GAM,4377.555389416918
81,Vessel External Conditions Wave Period (Provider S),-6.599793841713108,4.5891,2024-11-11 06:00:00,GAM,4377.555389416918
82,Vessel External Conditions Wave Period (Provider S),12.675755288167807,4.7122,2024-08-19 12:30:00,GAM,4377.555389416918
83,Vessel External Conditions Wave Period (Provider S),127.85144576668421,5.3659,2024-09-17 09:00:00,GAM,4377.555389416918
84,Vessel External Conditions Wave Period (Provider S),-146.80734927738118,3.2877,2024-11-13 04:45:00,GAM,4377.555389416918
85,Vessel External Conditions Wave Period (Provider S),-156.89447513304177,3.1157,2024-05-11 13:15:00,GAM,4377.555389416918
86,Vessel External Conditions Wave Period (Provider S),-33.04038568141234,4.4081,2024-04-15 05:00:00,GAM,4377.555389416918
87,Vessel External Conditions Wave Period (Provider S),231.25092333404157,5.9323,2024-09-14 10:00:00,GAM,4377.555389416918
88,Vessel External Conditions Wave Period (Provider S),251.91683148095152,6.0522,2024-05-08 14:30:00,GAM,4377.555389416918
89,Vessel External Conditions Wave Period (Provider S),67.57227606455167,5.0351,2024-12-26 19:15:00,GAM,4377.555389416918
90,Vessel External Conditions Wave Period (Provider S),-194.852764971845,2.1493,2024-02-28 15:45:00,GAM,4377.555389416918
91,Vessel External Conditions Wave Period (Provider S),-190.34648888253201,2.281,2024-07-20 22:15:00,GAM,4377.555389416918
92,Vessel External Conditions Wave Period (Provider S),132.67948570883263,5.3919625,2024-03-15 00:15:00,GAM,4377.555389416918
93,Vessel External Conditions Wave Period (Provider S),276.08451049735936,6.1975,2024-04-26 14:00:00,GAM,4377.555389416918
94,Vessel External Conditions Wave Period (Provider S),-88.7201535023053,3.9608,2024-08-20 10:00:00,GAM,4377.555389416918
95,Vessel External Conditions Wave Period (Provider S),276.13352444449094,6.1978,2024-09-14 14:30:00,GAM,4377.555389416918
96,Vessel External Conditions Wave Period (Provider S),-183.7243486154972,2.4762,2024-11-30 23:30:00,GAM,4377.555389416918
97,Vessel External Conditions Wave Period (Provider S),-4.904680946938242,4.6002,2024-04-28 19:00:00,GAM,4377.555389416918
98,Vessel External Conditions Wave Period (Provider S),236.8154324876624,5.9642,2024-05-05 15:45:00,GAM,4377.555389416918
99,Vessel External Conditions Wave Period (Provider S),-207.1065051028382,1.289,2024-07-16 12:00:00,GAM,4377.555389416918
100,Vessel External Conditions Wave Period (Provider S),88.42686340900447,5.1512,2024-07-23 00:30:00,GAM,4377.555389416918
101,Vessel External Conditions Wave Period (Provider S),412.19017925971445,8.1694,2024-12-22 13:15:00,GAM,4377.555389416918
102,Vessel External Conditions Wave Period (Provider S),64.4870103491718,5.0177,2024-03-26 15:00:00,GAM,4377.555389416918
103,Vessel External Conditions Wave Period (Provider S),-153.67346376586178,3.1738,2024-08-08 16:15:00,GAM,4377.555389416918
104,Vessel External Conditions Wave Period (Provider S),291.22171960123336,6.2911,2024-08-14 09:30:00,GAM,4377.555389416918
105,Vessel External Conditions Wave Period (Provider S),-114.08407329477102,3.7086,2024-02-26 12:00:00,GAM,4377.555389416918
106,Vessel External Conditions Wave Period (Provider S),-169.0510550962352,2.8631,2024-02-28 09:30:00,GAM,4377.555389416918
107,Vessel External Conditions Wave Period (Provider S),52.408508142089204,4.9489,2024-02-09 05:45:00,GAM,4377.555389416918
108,Vessel External Conditions Wave Period (Provider S),-190.17743083087078,2.286,2024-08-04 02:30:00,GAM,4377.555389416918
109,Vessel External Conditions Wave Period (Provider S),-206.9906208701805,1.8074,2024-07-20 09:00:00,GAM,4377.555389416918
110,Vessel External Conditions Wave Period (Provider S),-197.79163753776027,2.0662,2024-03-01 09:30:00,GAM,4377.555389416918
111,Vessel External Conditions Wave Period (Provider S),-172.2501616068635,2.7865,2024-09-19 01:00:00,GAM,4377.555389416918
112,Vessel External Conditions Wave Period (Provider S),-179.54287972716375,2.5951,2024-08-04 01:45:00,GAM,4377.555389416918
113,Vessel External Conditions Wave Period (Provider S),455.09034148347945,8.0607,2024-12-22 01:45:00,GAM,4377.555389416918
114,Vessel External Conditions Wave Period (Provider S),203.4063449774447,5.776,2024-02-13 18:00:00,GAM,4377.555389416918
115,Vessel External Conditions Wave Period (Provider S),-8.997967489457665,4.5733,2024-08-17 03:45:00,GAM,4377.555389416918
116,Vessel External Conditions Wave Period (Provider S),191.57937576161444,5.7109,2024-12-01 21:30:00,GAM,4377.555389416918
117,Vessel External Conditions Wave Period (Provider S),-70.76288502722058,4.1176,2024-03-27 03:00:00,GAM,4377.555389416918
118,Vessel External Conditions Wave Period (Provider S),233.332007324942,5.9442,2024-10-23 08:00:00,GAM,4377.555389416918
119,Vessel External Conditions Wave Period (Provider S),148.6911305978526,5.4783,2024-02-17 12:45:00,GAM,4377.555389416918
120,Vessel External Conditions Wave Period (Provider S),-160.24768766987015,3.0516,2024-09-19 03:30:00,GAM,4377.555389416918
121,Vessel External Conditions Wave Period (Provider S),55.269294633091704,4.9653,2024-02-23 13:30:00,GAM,4377.555389416918
122,Vessel External Conditions Wave Period (Provider S),-200.8347008403403,1.9831,2024-04-28 09:30:00,GAM,4377.555389416918
123,Vessel External Conditions Wave Period (Provider S),-211.3609438556808,1.4268,2024-04-28 04:30:00,GAM,4377.555389416918
124,Vessel External Conditions Wave Period (Provider S),482.4786907601322,7.5305,2024-04-26 23:15:00,GAM,4377.555389416918
125,Vessel External Conditions Wave Period (Provider S),-177.22376518382248,2.6584,2024-09-18 01:00:00,GAM,4377.555389416918
126,Vessel External Conditions Wave Period (Provider S),311.0295022088548,6.4162,2024-08-14 04:30:00,GAM,4377.555389416918
127,Vessel External Conditions Wave Period (Provider S),-123.1224812551449,3.6065,2024-11-13 15:00:00,GAM,4377.555389416918
128,Vessel External Conditions Wave Period (Provider S),-182.43929546364447,2.5133,2024-05-06 15:00:00,GAM,4377.555389416918
129,Vessel External Conditions Wave Period (Provider S),-200.3804158804884,1.9954,2024-04-28 11:45:00,GAM,4377.555389416918
130,Vessel External Conditions Wave Period (Provider S),-103.55385537248749,3.8186,2024-11-06 06:45:00,GAM,4377.555389416918
131,Vessel External Conditions Wave Period (Provider S),-77.601186766914,4.0596,2024-08-21 08:30:00,GAM,4377.555389416918
132,Vessel External Conditions Wave Period (Provider S),-197.24989453699826,2.0813,2024-04-11 21:30:00,GAM,4377.555389416918
133,Vessel External Conditions Wave Period (Provider S),-152.14918392145734,3.2002,2024-11-11 10:30:00,GAM,4377.555389416918
134,Vessel External Conditions Wave Period (Provider S),-187.92914771439274,2.3526,2024-12-15 14:45:00,GAM,4377.555389416918
135,Vessel External Conditions Wave Period (Provider S),-157.02371610375727,3.1133,2024-04-03 04:45:00,GAM,4377.555389416918
136,Vessel External Conditions Wave Period (Provider S),-98.8548386303849,3.8651,2024-10-26 06:15:00,GAM,4377.555389416918
137,Vessel External Conditions Wave Period (Provider S),-61.853538689237894,4.1904,2024-04-25 14:30:00,GAM,4377.555389416918
138,Vessel External Conditions Wave Period (Provider S),-157.75054294477658,3.0997,2024-10-18 10:45:00,GAM,4377.555389416918
139,Vessel External Conditions Wave Period (Provider S),80.43661330691354,5.107,2024-06-02 01:30:00,GAM,4377.555389416918
140,Vessel External Conditions Wave Period (Provider S),-185.26566898992965,2.4312,2024-08-22 23:30:00,GAM,4377.555389416918
141,Vessel External Conditions Wave Period (Provider S),412.1901792597138,8.1694,2024-12-22 13:45:00,GAM,4377.555389416918
142,Vessel External Conditions Wave Period (Provider S),-199.63548146813952,2.0156,2024-08-22 17:45:00,GAM,4377.555389416918
143,Vessel External Conditions Wave Period (Provider S),-200.1967807357267,1.1748,2024-03-22 19:00:00,GAM,4377.555389416918
144,Vessel External Conditions Wave Period (Provider S),240.48773382945677,5.9854,2024-08-02 04:45:00,GAM,4377.555389416918
145,Vessel External Conditions Wave Period (Provider S),-70.76288502721954,4.1176,2024-03-27 03:15:00,GAM,4377.555389416918
146,Vessel External Conditions Wave Period (Provider S),259.01201703356594,6.0943,2024-03-02 08:15:00,GAM,4377.555389416918
147,Vessel External Conditions Wave Period (Provider S),-210.84312822462263,1.3999,2024-02-29 02:45:00,GAM,4377.555389416918
148,Vessel External Conditions Wave Period (Provider S),219.49525495970846,5.8657,2024-08-15 06:30:00,GAM,4377.555389416918
149,Vessel External Conditions Wave Period (Provider S),51.29539119250896,4.9425,2024-03-16 22:00:00,GAM,4377.555389416918
150,Vessel External Conditions Wave Period (Provider S),-183.49680014792023,2.4828,2024-08-15 18:15:00,GAM,4377.555389416918
151,Vessel External Conditions Wave Period (Provider S),-179.49240015247852,2.5965,2024-05-11 03:00:00,GAM,4377.555389416918
152,Vessel External Conditions Wave Period (Provider S),-200.49489918991713,1.9923,2024-08-22 13:15:00,GAM,4377.555389416918
153,Vessel External Conditions Wave Period (Provider S),33.57202892181704,4.839,2024-11-05 19:30:00,GAM,4377.555389416918
154,Vessel External Conditions Wave Period (Provider S),-150.10339763841208,3.2346,2024-06-10 03:00:00,GAM,4377.555389416918
155,Vessel External Conditions Wave Period (Provider S),-129.99691052706658,3.5229,2024-04-14 12:00:00,GAM,4377.555389416918
156,Vessel External Conditions Wave Period (Provider S),-207.26135183815106,1.7987,2024-07-17 00:30:00,GAM,4377.555389416918
157,Vessel External Conditions Wave Period (Provider S),-159.4552498801455,3.0671,2024-08-20 05:45:00,GAM,4377.555389416918
158,Vessel External Conditions Wave Period (Provider S),-97.7010197204788,3.8763,2024-11-19 00:00:00,GAM,4377.555389416918
159,Vessel External Conditions Wave Period (Provider S),191.57937576161424,5.7109,2024-12-01 21:00:00,GAM,4377.555389416918
160,Vessel External Conditions Wave Period (Provider S),-86.55634743730401,3.9805,2024-04-02 14:30:00,GAM,4377.555389416918
161,Vessel External Conditions Wave Period (Provider S),-166.35421487644768,2.9242,2024-08-10 14:15:00,GAM,4377.555389416918
162,Vessel External Conditions Wave Period (Provider S),-203.61905397639322,1.9069,2024-03-24 01:15:00,GAM,4377.555389416918
163,Vessel External Conditions Wave Period (Provider S),35.513887472005734,4.8505,2024-11-12 20:15:00,GAM,4377.555389416918
164,Vessel External Conditions Wave Period (Provider S),2.3516152631370915,4.6471,2024-06-07 14:00:00,GAM,4377.555389416918
165,Vessel External Conditions Wave Period (Provider S),-171.81038530421853,2.7973,2024-05-10 12:45:00,GAM,4377.555389416918
166,Vessel External Conditions Wave Period (Provider S),-168.59726910789004,2.8736,2024-04-25 01:30:00,GAM,4377.555389416918
167,Vessel External Conditions Wave Period (Provider S),6.092131163572958,4.6709,2024-12-09 21:15:00,GAM,4377.555389416918
168,Vessel External Conditions Wave Period (Provider S),-180.49574065588646,2.5685,2024-03-27 10:00:00,GAM,4377.555389416918
169,Vessel External Conditions Wave Period (Provider S),-136.61193796024386,3.4364,2024-02-25 16:15:00,GAM,4377.555389416918
170,Vessel External Conditions Wave Period (Provider S),-164.91750668354877,2.9555,2024-04-25 04:00:00,GAM,4377.555389416918
171,Vessel External Conditions Wave Period (Provider S),70.18768351641224,5.0498,2024-12-28 21:15:00,GAM,4377.555389416918
172,Vessel External Conditions Wave Period (Provider S),-169.16711935358975,2.8604,2024-02-26 19:00:00,GAM,4377.555389416918
173,Vessel External Conditions Wave Period (Provider S),339.47555834753564,6.5999,2024-08-27 13:00:00,GAM,4377.555389416918
174,Vessel External Conditions Wave Period (Provider S),225.16584928638434,5.8977,2024-04-23 21:45:00,GAM,4377.555389416918
175,Vessel External Conditions Wave Period (Provider S),154.8097267414917,5.5113,2024-02-17 16:15:00,GAM,4377.555389416918
176,Vessel External Conditions Wave Period (Provider S),-139.17331320642597,3.401,2024-08-19 20:15:00,GAM,4377.555389416918
177,Vessel External Conditions Wave Period (Provider S),-166.94411894876117,2.9111,2024-08-08 07:45:00,GAM,4377.555389416918
178,Vessel External Conditions Wave Period (Provider S),-187.749926083218,1.0434,2024-03-22 20:15:00,GAM,4377.555389416918
179,Vessel External Conditions Wave Period (Provider S),294.4344429453971,6.3112,2024-08-25 11:45:00,GAM,4377.555389416918
180,Vessel External Conditions Wave Period (Provider S),-137.00812691562527,3.431,2024-10-31 09:00:00,GAM,4377.555389416918
181,Vessel External Conditions Wave Period (Provider S),-144.01159400178565,0.7739,2024-12-16 02:15:00,GAM,4377.555389416918
182,Vessel External Conditions Wave Period (Provider S),-182.02027174383403,2.5253,2024-07-18 00:00:00,GAM,4377.555389416918
183,Vessel External Conditions Wave Period (Provider S),107.77194828004987,5.2571,2024-08-17 22:30:00,GAM,4377.555389416918
184,Vessel External Conditions Wave Period (Provider S),223.20335958368608,5.8866,2024-02-14 13:45:00,GAM,4377.555389416918
185,Vessel External Conditions Wave Period (Provider S),36.495988374319495,4.8563,2024-06-08 10:30:00,GAM,4377.555389416918
186,Vessel External Conditions Wave Period (Provider S),372.2240383568503,6.8146,2024-08-14 20:30:00,GAM,4377.555389416918
187,Vessel External Conditions Wave Period (Provider S),-201.11900387928597,1.9754,2024-02-28 03:15:00,GAM,4377.555389416918
188,Vessel External Conditions Wave Period (Provider S),-180.8793969384259,2.5577,2024-10-16 23:30:00,GAM,4377.555389416918
189,Vessel External Conditions Wave Period (Provider S),-172.25016160686212,2.7865,2024-05-06 03:00:00,GAM,4377.555389416918
190,Vessel External Conditions Wave Period (Provider S),131.07427971255584,5.3833,2024-08-18 20:15:00,GAM,4377.555389416918
191,Vessel External Conditions Wave Period (Provider S),-177.8654263891584,2.6411,2024-11-02 00:45:00,GAM,4377.555389416918
192,Vessel External Conditions Wave Period (Provider S),69.90262803179803,5.0482,2024-12-23 18:30:00,GAM,4377.555389416918
193,Vessel External Conditions Wave Period (Provider S),12.450684692501682,4.7108,2024-02-20 05:30:00,GAM,4377.555389416918
194,Vessel External Conditions Wave Period (Provider S),115.02538920381362,5.2965,2024-06-01 18:45:00,GAM,4377.555389416918
195,Vessel External Conditions Wave Period (Provider S),-203.80493004729334,1.9017,2024-03-23 23:15:00,GAM,4377.555389416918
196,Vessel External Conditions Wave Period (Provider S),-134.81974313378888,3.4605,2024-10-31 11:15:00,GAM,4377.555389416918
197,Vessel External Conditions Wave Period (Provider S),-177.47672641023132,2.6516,2024-03-10 10:15:00,GAM,4377.555389416918
198,Vessel External Conditions Wave Period (Provider S),-184.8322930696288,2.4439,2024-02-27 18:30:00,GAM,4377.555389416918
199,Vessel External Conditions Wave Period (Provider S),-125.9505864774449,3.5728,2024-12-14 09:30:00,GAM,4377.555389416918
0,longitudinal_wave_force (calculated),181.76895387363467,2.5597507258003733,2024-12-22 11:30:00,GAM,4377.555389416918
1,longitudinal_wave_force (calculated),-69.39276108202601,-1.4216665921290124,2024-03-09 10:00:00,GAM,4377.555389416918
2,longitudinal_wave_force (calculated),-113.53739796422623,-0.7014102061577555,2024-04-12 18:15:00,GAM,4377.555389416918
3,longitudinal_wave_force (calculated),-112.56382756531019,-0.7493404385604426,2024-08-05 02:15:00,GAM,4377.555389416918
4,longitudinal_wave_force (calculated),113.50914009276403,1.7652332869848957,2024-08-24 05:00:00,GAM,4377.555389416918
5,longitudinal_wave_force (calculated),20.023593641771868,0.8434676216695733,2024-04-28 22:15:00,GAM,4377.555389416918
6,longitudinal_wave_force (calculated),244.96065394620322,3.219803538307385,2024-04-29 15:00:00,GAM,4377.555389416918
7,longitudinal_wave_force (calculated),116.50562546361493,1.7989470371355385,2024-08-24 07:30:00,GAM,4377.555389416918
8,longitudinal_wave_force (calculated),153.50867003743377,2.228173381389132,2024-12-20 13:45:00,GAM,4377.555389416918
9,longitudinal_wave_force (calculated),-46.481134884309256,0.3033689656425226,2024-12-24 11:45:00,GAM,4377.555389416918
10,longitudinal_wave_force (calculated),-50.12713784906372,0.2726668767183282,2024-09-14 02:00:00,GAM,4377.555389416918
11,longitudinal_wave_force (calculated),73.14312730348057,1.334716618778699,2024-02-10 19:00:00,GAM,4377.555389416918
12,longitudinal_wave_force (calculated),-111.47875308523777,-0.7874213735029306,2024-09-12 02:45:00,GAM,4377.555389416918
13,longitudinal_wave_force (calculated),150.2424829661806,2.1896727308681805,2024-05-05 15:30:00,GAM,4377.555389416918
14,longitudinal_wave_force (calculated),-24.54397533123847,0.4822959254097678,2024-09-15 02:15:00,GAM,4377.555389416918
15,longitudinal_wave_force (calculated),38.741548437440834,1.0068530138493437,2024-04-02 01:45:00,GAM,4377.555389416918
16,longitudinal_wave_force (calculated),-101.39227072200133,-0.9970668335090578,2024-12-27 03:45:00,GAM,4377.555389416918
17,longitudinal_wave_force (calculated),-68.67946053951744,-1.4306995927976982,2024-03-12 02:45:00,GAM,4377.555389416918
18,longitudinal_wave_force (calculated),58.69615011877014,1.1925608324641428,2024-03-17 07:45:00,GAM,4377.555389416918
19,longitudinal_wave_force (calculated),47.58949484865775,1.0876916514738637,2024-12-14 15:15:00,GAM,4377.555389416918
20,longitudinal_wave_force (calculated),108.35817077993107,1.7077821340565422,2024-10-26 01:45:00,GAM,4377.555389416918
21,longitudinal_wave_force (calculated),35.488968241158375,0.9777275871887282,2024-04-01 22:00:00,GAM,4377.555389416918
22,longitudinal_wave_force (calculated),-114.10080988492597,-0.636672806581216,2024-05-11 08:45:00,GAM,4377.555389416918
23,longitudinal_wave_force (calculated),-186.39026696280922,-3.4463271956473025,2024-04-30 21:45:00,GAM,4377.555389416918
24,longitudinal_wave_force (calculated),-47.2299799531685,-1.742776359444616,2024-08-02 07:15:00,GAM,4377.555389416918
25,longitudinal_wave_force (calculated),-70.7353152711672,0.0892041941238625,2024-02-28 08:00:00,GAM,4377.555389416918
26,longitudinal_wave_force (calculated),175.4123653083462,2.485971398265036,2024-03-03 03:45:00,GAM,4377.555389416918
27,longitudinal_wave_force (calculated),-38.60706309777554,-2.038734596884911,2024-11-11 13:30:00,GAM,4377.555389416918
28,longitudinal_wave_force (calculated),-94.49920108729015,-0.1661428729734088,2024-02-28 17:45:00,GAM,4377.555389416918
29,longitudinal_wave_force (calculated),53.48595198087423,1.1428909783561778,2024-02-17 22:00:00,GAM,4377.555389416918
30,longitudinal_wave_force (calculated),-112.58123153894822,-0.5058549789513076,2024-11-20 07:00:00,GAM,4377.555389416918
31,longitudinal_wave_force (calculated),134.0156329101001,1.999650977176462,2024-02-25 02:30:00,GAM,4377.555389416918
32,longitudinal_wave_force (calculated),-1.1879458683104076,0.6691017216329546,2024-03-10 23:15:00,GAM,4377.555389416918
33,longitudinal_wave_force (calculated),-112.73044127869831,-0.512095754089352,2024-03-20 15:30:00,GAM,4377.555389416918
34,longitudinal_wave_force (calculated),142.17114889777503,2.094820802034528,2024-08-17 00:15:00,GAM,4377.555389416918
35,longitudinal_wave_force (calculated),-113.57486261340681,-0.5564550297485267,2024-06-05 05:15:00,GAM,4377.555389416918
36,longitudinal_wave_force (calculated),-26.518774073272425,0.4664548816852418,2024-07-20 01:30:00,GAM,4377.555389416918
37,longitudinal_wave_force (calculated),-71.03480028487995,-1.4009771433688438,2024-11-11 15:15:00,GAM,4377.555389416918
38,longitudinal_wave_force (calculated),135.06911998770022,2.011895899748985,2024-02-14 05:30:00,GAM,4377.555389416918
39,longitudinal_wave_force (calculated),42.00734728217322,1.0364150971973882,2024-02-16 01:00:00,GAM,4377.555389416918
40,longitudinal_wave_force (calculated),-113.91728555831385,-0.5854852441859377,2024-09-12 03:30:00,GAM,4377.555389416918
41,longitudinal_wave_force (calculated),76.90198822384102,1.3727706634967989,2024-05-02 05:30:00,GAM,4377.555389416918
42,longitudinal_wave_force (calculated),-57.17266042648704,0.2121114957085165,2024-09-15 14:15:00,GAM,4377.555389416918
43,longitudinal_wave_force (calculated),111.17981681360583,1.7391724982335297,2024-08-22 00:30:00,GAM,4377.555389416918
44,longitudinal_wave_force (calculated),99.6420208097351,1.612123075496855,2024-07-25 09:45:00,GAM,4377.555389416918
45,longitudinal_wave_force (calculated),25.282819984119524,0.8883535642305359,2024-12-28 23:30:00,GAM,4377.555389416918
46,longitudinal_wave_force (calculated),10.075244152671758,0.7605932529039421,2024-09-15 19:00:00,GAM,4377.555389416918
47,longitudinal_wave_force (calculated),42.25191513261468,1.0386418512494024,2024-04-10 16:45:00,GAM,4377.555389416918
48,longitudinal_wave_force (calculated),-56.801678873183725,0.215346200723494,2024-10-20 09:15:00,GAM,4377.555389416918
49,longitudinal_wave_force (calculated),24.527779518275793,0.8818613301701581,2024-07-24 18:30:00,GAM,4377.555389416918
50,longitudinal_wave_force (calculated),151.07366458401287,2.199465797981594,2024-02-23 12:30:00,GAM,4377.555389416918
51,longitudinal_wave_force (calculated),-61.651292800301206,-1.5220205398056526,2024-11-03 22:00:00,GAM,4377.555389416918
52,longitudinal_wave_force (calculated),-89.44415010933608,-0.1047813604497456,2024-02-28 14:30:00,GAM,4377.555389416918
53,longitudinal_wave_force (calculated),-102.53771002773466,-0.2796104545618046,2024-11-09 07:30:00,GAM,4377.555389416918
54,longitudinal_wave_force (calculated),96.67006350284032,1.5799799248821995,2024-08-23 03:15:00,GAM,4377.555389416918
55,longitudinal_wave_force (calculated),-39.14888830360934,-1.969331817309189,2024-02-29 22:45:00,GAM,4377.555389416918
56,longitudinal_wave_force (calculated),84.20799691339872,1.447982793058392,2024-12-16 01:30:00,GAM,4377.555389416918
57,longitudinal_wave_force (calculated),-56.408440219447925,-1.594680002275063,2024-09-18 22:45:00,GAM,4377.555389416918
58,longitudinal_wave_force (calculated),-69.50437530982607,-2.556939030945044,2024-04-24 16:30:00,GAM,4377.555389416918
59,longitudinal_wave_force (calculated),136.60544902769956,2.029780869001649,2024-02-24 23:15:00,GAM,4377.555389416918
60,longitudinal_wave_force (calculated),-64.76086354491432,0.1445825654848207,2024-09-14 11:00:00,GAM,4377.555389416918
61,longitudinal_wave_force (calculated),-225.67968715602078,-4.43695496925699,2024-04-27 12:45:00,GAM,4377.555389416918
62,longitudinal_wave_force (calculated),20.86314167104709,0.8505805945443682,2024-07-16 23:30:00,GAM,4377.555389416918
63,longitudinal_wave_force (calculated),-107.13018246018335,-0.3608678944973172,2024-07-18 08:00:00,GAM,4377.555389416918
64,longitudinal_wave_force (calculated),-41.938592349924434,0.341129829553996,2024-04-03 06:15:00,GAM,4377.555389416918
65,longitudinal_wave_force (calculated),-99.99354812617929,-1.0192339545562623,2024-08-04 14:45:00,GAM,4377.555389416918
66,longitudinal_wave_force (calculated),21.49142801527856,0.8559166158669554,2024-03-17 21:45:00,GAM,4377.555389416918
67,longitudinal_wave_force (calculated),48.1926025686991,1.0932885416914573,2024-08-08 08:30:00,GAM,4377.555389416918
68,longitudinal_wave_force (calculated),-109.38705303963253,-0.8442713792581796,2024-12-25 00:15:00,GAM,4377.555389416918
69,longitudinal_wave_force (calculated),-91.21380030356184,-0.1256326241147154,2024-12-17 16:45:00,GAM,4377.555389416918
70,longitudinal_wave_force (calculated),96.4035685128681,1.5771098304281437,2024-08-22 22:45:00,GAM,4377.555389416918
71,longitudinal_wave_force (calculated),27.3153573085974,0.905911425316388,2024-03-17 20:15:00,GAM,4377.555389416918
72,longitudinal_wave_force (calculated),29.327329583837415,0.9234087280368805,2024-02-17 09:15:00,GAM,4377.555389416918
73,longitudinal_wave_force (calculated),-38.912407116362964,-1.987040508337946,2024-03-01 06:00:00,GAM,4377.555389416918
74,longitudinal_wave_force (calculated),117.87440950702144,1.8144155630705605,2024-08-15 18:00:00,GAM,4377.555389416918
75,longitudinal_wave_force (calculated),2.2465654767464116,0.6968101373768091,2024-07-17 19:00:00,GAM,4377.555389416918
76,longitudinal_wave_force (calculated),-27.44852148972484,0.4589856179782992,2024-04-02 12:15:00,GAM,4377.555389416918
77,longitudinal_wave_force (calculated),-17.38111620124661,0.5395642311900238,2024-08-06 22:30:00,GAM,4377.555389416918
78,longitudinal_wave_force (calculated),-82.03881466236336,-0.0231632722925921,2024-12-17 15:00:00,GAM,4377.555389416918
79,longitudinal_wave_force (calculated),-112.62040987150272,-0.507464066240747,2024-02-20 16:15:00,GAM,4377.555389416918
80,longitudinal_wave_force (calculated),-41.74637058582712,-1.8662334874587307,2024-09-19 23:30:00,GAM,4377.555389416918
81,longitudinal_wave_force (calculated),-65.10993687889341,-1.4764592433836403,2024-11-11 06:00:00,GAM,4377.555389416918
82,longitudinal_wave_force (calculated),44.466119213878834,1.0588842108626697,2024-08-19 12:30:00,GAM,4377.555389416918
83,longitudinal_wave_force (calculated),-31.160227522216047,0.4290809117914648,2024-09-17 09:00:00,GAM,4377.555389416918
84,longitudinal_wave_force (calculated),-4.103714617536298,0.6456735854757999,2024-11-13 04:45:00,GAM,4377.555389416918
85,longitudinal_wave_force (calculated),-110.73579449972046,-0.4446997126740392,2024-05-11 13:15:00,GAM,4377.555389416918
86,longitudinal_wave_force (calculated),-38.65704653741829,-2.060319581135732,2024-04-15 05:00:00,GAM,4377.555389416918
87,longitudinal_wave_force (calculated),-23.452860858918058,0.4910362195725996,2024-09-14 10:00:00,GAM,4377.555389416918
88,longitudinal_wave_force (calculated),-71.37188771841537,0.0831650861195112,2024-05-08 14:30:00,GAM,4377.555389416918
89,longitudinal_wave_force (calculated),-113.65793803510554,-0.69320310431692,2024-12-26 19:15:00,GAM,4377.555389416918
90,longitudinal_wave_force (calculated),-87.50740923140783,-0.0826233890728817,2024-02-28 15:45:00,GAM,4377.555389416918
91,longitudinal_wave_force (calculated),36.64849535651098,0.988074550128362,2024-07-20 22:15:00,GAM,4377.555389416918
92,longitudinal_wave_force (calculated),124.03687840367577,1.884554842350552,2024-03-15 00:15:00,GAM,4377.555389416918
93,longitudinal_wave_force (calculated),-176.47560408347738,-3.3629079886520894,2024-04-26 14:00:00,GAM,4377.555389416918
94,longitudinal_wave_force (calculated),56.889105180779914,1.175238363100659,2024-08-20 10:00:00,GAM,4377.555389416918
95,longitudinal_wave_force (calculated),-60.72396555680965,0.1808485726517613,2024-09-14 14:30:00,GAM,4377.555389416918
96,longitudinal_wave_force (calculated),21.215387185369764,0.8535708411569821,2024-11-30 23:30:00,GAM,4377.555389416918
97,longitudinal_wave_force (calculated),-79.92424419758989,-0.0011994173530111,2024-04-28 19:00:00,GAM,4377.555389416918
98,longitudinal_wave_force (calculated),150.54540366441364,2.1932413613241764,2024-05-05 15:45:00,GAM,4377.555389416918
99,longitudinal_wave_force (calculated),-68.97334296732386,0.1057725430752564,2024-07-16 12:00:00,GAM,4377.555389416918
100,longitudinal_wave_force (calculated),122.14807130463794,1.8629736111616144,2024-07-23 00:30:00,GAM,4377.555389416918
101,longitudinal_wave_force (calculated),207.62518290580448,2.848325484908043,2024-12-22 13:15:00,GAM,4377.555389416918
102,longitudinal_wave_force (calculated),11.341837452397483,0.7710151908310596,2024-03-26 15:00:00,GAM,4377.555389416918
103,longitudinal_wave_force (calculated),30.879857943441948,0.9369906092962738,2024-08-08 16:15:00,GAM,4377.555389416918
104,longitudinal_wave_force (calculated),-56.52031700371572,-2.425929854392676,2024-08-14 09:30:00,GAM,4377.555389416918
105,longitudinal_wave_force (calculated),62.28084880072196,1.227225294161695,2024-02-26 12:00:00,GAM,4377.555389416918
106,longitudinal_wave_force (calculated),-60.49778566653216,0.1828565678771604,2024-02-28 09:30:00,GAM,4377.555389416918
107,longitudinal_wave_force (calculated),70.20629997208741,1.3052906789496752,2024-02-09 05:45:00,GAM,4377.555389416918
108,longitudinal_wave_force (calculated),-66.64814738377564,-1.456612148627752,2024-08-04 02:30:00,GAM,4377.555389416918
109,longitudinal_wave_force (calculated),-5.178992100231767,0.637051707888544,2024-07-20 09:00:00,GAM,4377.555389416918
110,longitudinal_wave_force (calculated),-41.75205300669401,-2.199984608422024,2024-03-01 09:30:00,GAM,4377.555389416918
111,longitudinal_wave_force (calculated),-50.599650270732255,-1.6837549276218426,2024-09-19 01:00:00,GAM,4377.555389416918
112,longitudinal_wave_force (calculated),-66.53438978767272,-1.4580726955032872,2024-08-04 01:45:00,GAM,4377.555389416918
113,longitudinal_wave_force (calculated),157.14807032016586,2.2711149475182038,2024-12-22 01:45:00,GAM,4377.555389416918
114,longitudinal_wave_force (calculated),142.48669990644242,2.0985186299435274,2024-02-13 18:00:00,GAM,4377.555389416918
115,longitudinal_wave_force (calculated),144.5544510385297,2.1227736071163803,2024-08-17 03:45:00,GAM,4377.555389416918
116,longitudinal_wave_force (calculated),187.11096683039312,2.6210499145794324,2024-12-01 21:30:00,GAM,4377.555389416918
117,longitudinal_wave_force (calculated),20.62971364923783,0.8486009201344359,2024-03-27 03:00:00,GAM,4377.555389416918
118,longitudinal_wave_force (calculated),-58.2977654629368,-1.567871244442543,2024-10-23 08:00:00,GAM,4377.555389416918
119,longitudinal_wave_force (calculated),28.58324460011113,0.9169240940825244,2024-02-17 12:45:00,GAM,4377.555389416918
120,longitudinal_wave_force (calculated),-50.439382548945105,-1.686405658588943,2024-09-19 03:30:00,GAM,4377.555389416918
121,longitudinal_wave_force (calculated),151.00129162150418,2.1986129533510743,2024-02-23 13:30:00,GAM,4377.555389416918
122,longitudinal_wave_force (calculated),-99.92552278680675,-0.2398425576986996,2024-04-28 09:30:00,GAM,4377.555389416918
123,longitudinal_wave_force (calculated),-73.3300441290726,-2.5912577368492284,2024-04-28 04:30:00,GAM,4377.555389416918
124,longitudinal_wave_force (calculated),-219.1620832295241,-4.711702387622172,2024-04-26 23:15:00,GAM,4377.555389416918
125,longitudinal_wave_force (calculated),41.00698124483267,1.0273256947348013,2024-09-18 01:00:00,GAM,4377.555389416918
126,longitudinal_wave_force (calculated),-44.76754375777432,-2.2633552373975383,2024-08-14 04:30:00,GAM,4377.555389416918
127,longitudinal_wave_force (calculated),82.12470146003304,1.4263695064030082,2024-11-13 15:00:00,GAM,4377.555389416918
128,longitudinal_wave_force (calculated),-85.51697020688053,-0.0604906996185261,2024-05-06 15:00:00,GAM,4377.555389416918
129,longitudinal_wave_force (calculated),-106.19667756597524,-0.3427562096109205,2024-04-28 11:45:00,GAM,4377.555389416918
130,longitudinal_wave_force (calculated),-65.80939753894326,-1.4674073391459728,2024-11-06 06:45:00,GAM,4377.555389416918
131,longitudinal_wave_force (calculated),120.24975663305344,1.8413568472538733,2024-08-21 08:30:00,GAM,4377.555389416918
132,longitudinal_wave_force (calculated),-111.54732965502578,-0.4688757255915277,2024-04-11 21:30:00,GAM,4377.555389416918
133,longitudinal_wave_force (calculated),-40.78233398777554,-1.8963702572314836,2024-11-11 10:30:00,GAM,4377.555389416918
134,longitudinal_wave_force (calculated),43.873367123050855,1.0534506796006635,2024-12-15 14:45:00,GAM,4377.555389416918
135,longitudinal_wave_force (calculated),-28.232599571481842,0.4526804021569451,2024-04-03 04:45:00,GAM,4377.555389416918
136,longitudinal_wave_force (calculated),119.04906796215022,1.8277233370188064,2024-10-26 06:15:00,GAM,4377.555389416918
137,longitudinal_wave_force (calculated),132.79685548661,1.98550517033649,2024-04-25 14:30:00,GAM,4377.555389416918
138,longitudinal_wave_force (calculated),-44.85004613978387,0.3169857669081975,2024-10-18 10:45:00,GAM,4377.555389416918
139,longitudinal_wave_force (calculated),18.099099554365065,0.8272368558805455,2024-06-02 01:30:00,GAM,4377.555389416918
140,longitudinal_wave_force (calculated),99.08948836578179,1.606128437376198,2024-08-22 23:30:00,GAM,4377.555389416918
141,longitudinal_wave_force (calculated),206.23665616429273,2.833412669774391,2024-12-22 13:45:00,GAM,4377.555389416918
142,longitudinal_wave_force (calculated),85.6337167335173,1.4628499692726082,2024-08-22 17:45:00,GAM,4377.555389416918
143,longitudinal_wave_force (calculated),-63.18122860808904,0.1588731772928683,2024-03-22 19:00:00,GAM,4377.555389416918
144,longitudinal_wave_force (calculated),-91.91631058519519,-1.135530701987184,2024-08-02 04:45:00,GAM,4377.555389416918
145,longitudinal_wave_force (calculated),19.527499795424774,0.839273795792304,2024-03-27 03:15:00,GAM,4377.555389416918
146,longitudinal_wave_force (calculated),207.94935335990155,2.8517963804240254,2024-03-02 08:15:00,GAM,4377.555389416918
147,longitudinal_wave_force (calculated),-113.85970705757941,-0.6765222919918432,2024-02-29 02:45:00,GAM,4377.555389416918
148,longitudinal_wave_force (calculated),-47.231626996794745,-2.3046502462133702,2024-08-15 06:30:00,GAM,4377.555389416918
149,longitudinal_wave_force (calculated),69.90488607064103,1.3022858488705025,2024-03-16 22:00:00,GAM,4377.555389416918
150,longitudinal_wave_force (calculated),118.35799672046572,1.8198904948340573,2024-08-15 18:15:00,GAM,4377.555389416918
151,longitudinal_wave_force (calculated),-80.75998769679869,-1.279595996980169,2024-05-11 03:00:00,GAM,4377.555389416918
152,longitudinal_wave_force (calculated),98.15830643152572,1.5960449706881257,2024-08-22 13:15:00,GAM,4377.555389416918
153,longitudinal_wave_force (calculated),-73.99269084963325,-1.3639734133929375,2024-11-05 19:30:00,GAM,4377.555389416918
154,longitudinal_wave_force (calculated),-83.1211157102658,-0.0346093627788664,2024-06-10 03:00:00,GAM,4377.555389416918
155,longitudinal_wave_force (calculated),-84.50136125952537,-1.2324148553296863,2024-04-14 12:00:00,GAM,4377.555389416918
156,longitudinal_wave_force (calculated),29.76988852553228,0.9272731994610228,2024-07-17 00:30:00,GAM,4377.555389416918
157,longitudinal_wave_force (calculated),11.799465165806623,0.7747888899908741,2024-08-20 05:45:00,GAM,4377.555389416918
158,longitudinal_wave_force (calculated),-87.08024675835028,-0.0778215172240679,2024-11-19 00:00:00,GAM,4377.555389416918
159,longitudinal_wave_force (calculated),186.97008214425747,2.619442745683921,2024-12-01 21:00:00,GAM,4377.555389416918
160,longitudinal_wave_force (calculated),-30.31901159268125,0.4358717540011054,2024-04-02 14:30:00,GAM,4377.555389416918
161,longitudinal_wave_force (calculated),2.5458384197397663,0.6992312978308615,2024-08-10 14:15:00,GAM,4377.555389416918
162,longitudinal_wave_force (calculated),-94.11441469399195,-0.1612630166297966,2024-03-24 01:15:00,GAM,4377.555389416918
163,longitudinal_wave_force (calculated),100.30975366048442,1.6193788752358846,2024-11-12 20:15:00,GAM,4377.555389416918
164,longitudinal_wave_force (calculated),-57.91230981563562,0.2056453304002352,2024-06-07 14:00:00,GAM,4377.555389416918
165,longitudinal_wave_force (calculated),180.1359069266755,2.5408752722188286,2024-05-10 12:45:00,GAM,4377.555389416918
166,longitudinal_wave_force (calculated),182.5672477858574,2.5689557753553456,2024-04-25 01:30:00,GAM,4377.555389416918
167,longitudinal_wave_force (calculated),-86.45044861255458,-0.0707945820763776,2024-12-09 21:15:00,GAM,4377.555389416918
168,longitudinal_wave_force (calculated),14.276750618852702,0.7952976618516506,2024-03-27 10:00:00,GAM,4377.555389416918
169,longitudinal_wave_force (calculated),91.79956426965322,1.5278479442856476,2024-02-25 16:15:00,GAM,4377.555389416918
170,longitudinal_wave_force (calculated),175.00248897991293,2.481187941654268,2024-04-25 04:00:00,GAM,4377.555389416918
171,longitudinal_wave_force (calculated),-67.2486297263074,0.1217926099408752,2024-12-28 21:15:00,GAM,4377.555389416918
172,longitudinal_wave_force (calculated),-6.086007393498903,0.6297854113749823,2024-02-26 19:00:00,GAM,4377.555389416918
173,longitudinal_wave_force (calculated),191.30191769794476,2.6686017671890814,2024-08-27 13:00:00,GAM,4377.555389416918
174,longitudinal_wave_force (calculated),-40.485384878201785,-2.1642423005486124,2024-04-23 21:45:00,GAM,4377.555389416918
175,longitudinal_wave_force (calculated),20.06599075109102,0.8438263529920943,2024-02-17 16:15:00,GAM,4377.555389416918
176,longitudinal_wave_force (calculated),22.320646633326305,0.862976158843924,2024-08-19 20:15:00,GAM,4377.555389416918
177,longitudinal_wave_force (calculated),45.2554036097784,1.0661358491211086,2024-08-08 07:45:00,GAM,4377.555389416918
178,longitudinal_wave_force (calculated),-83.13733849058148,-0.0347820425985199,2024-03-22 20:15:00,GAM,4377.555389416918
179,longitudinal_wave_force (calculated),161.32422059278508,2.3204065045515154,2024-08-25 11:45:00,GAM,4377.555389416918
180,longitudinal_wave_force (calculated),-63.102341548042865,-1.5027266350714874,2024-10-31 09:00:00,GAM,4377.555389416918
181,longitudinal_wave_force (calculated),89.23126491982288,1.5006364901135472,2024-12-16 02:15:00,GAM,4377.555389416918
182,longitudinal_wave_force (calculated),-86.34368220084062,-0.0696094400462236,2024-07-18 00:00:00,GAM,4377.555389416918
183,longitudinal_wave_force (calculated),-40.259617433657695,0.3549673295978202,2024-08-17 22:30:00,GAM,4377.555389416918
184,longitudinal_wave_force (calculated),161.95326478784034,2.327829878813328,2024-02-14 13:45:00,GAM,4377.555389416918
185,longitudinal_wave_force (calculated),-79.15920255120926,0.0066254150823783,2024-06-08 10:30:00,GAM,4377.555389416918
186,longitudinal_wave_force (calculated),-99.38881644931212,-2.79963820633093,2024-08-14 20:30:00,GAM,4377.555389416918
187,longitudinal_wave_force (calculated),-92.93676535676059,-0.1465607544442154,2024-02-28 03:15:00,GAM,4377.555389416918
188,longitudinal_wave_force (calculated),8.050250091887392,0.7439961513356664,2024-10-16 23:30:00,GAM,4377.555389416918
189,longitudinal_wave_force (calculated),-113.98329913002259,-0.5937058442703759,2024-05-06 03:00:00,GAM,4377.555389416918
190,longitudinal_wave_force (calculated),-35.32565773503913,0.3953179376627052,2024-08-18 20:15:00,GAM,4377.555389416918
191,longitudinal_wave_force (calculated),155.97232663848058,2.2572391607752365,2024-11-02 00:45:00,GAM,4377.555389416918
192,longitudinal_wave_force (calculated),-80.3363899634301,-0.0054408498534678,2024-12-23 18:30:00,GAM,4377.555389416918
193,longitudinal_wave_force (calculated),-114.09156155018518,-0.615691857055666,2024-02-20 05:30:00,GAM,4377.555389416918
194,longitudinal_wave_force (calculated),69.42525632801252,1.297510214457697,2024-06-01 18:45:00,GAM,4377.555389416918
195,longitudinal_wave_force (calculated),-87.53028607335604,-0.0828813900467416,2024-03-23 23:15:00,GAM,4377.555389416918
196,longitudinal_wave_force (calculated),-55.748593816195275,-1.6042459894584786,2024-10-31 11:15:00,GAM,4377.555389416918
197,longitudinal_wave_force (calculated),-61.88811456564547,0.1704747756465448,2024-03-10 10:15:00,GAM,4377.555389416918
198,longitudinal_wave_force (calculated),-45.755374816932076,0.3094362985231281,2024-02-27 18:30:00,GAM,4377.555389416918
199,longitudinal_wave_force (calculated),28.676290012673007,0.9177340998809232,2024-12-14 09:30:00,GAM,4377.555389416918
0,longitudinal_wind_force (calculated),-18.09519197147597,1.0549932058652811,2024-12-22 11:30:00,GAM,4377.555389416918
1,longitudinal_wind_force (calculated),-210.99475765450754,-4.485637055853089,2024-03-09 10:00:00,GAM,4377.555389416918
2,longitudinal_wind_force (calculated),-111.54112634873808,-1.3403917265983405,2024-04-12 18:15:00,GAM,4377.555389416918
3,longitudinal_wind_force (calculated),-98.98289615021747,-0.9988968135796268,2024-08-05 02:15:00,GAM,4377.555389416918
4,longitudinal_wind_force (calculated),202.33449690208468,8.271106603257492,2024-08-24 05:00:00,GAM,4377.555389416918
5,longitudinal_wind_force (calculated),124.42755576857799,4.780825297913236,2024-04-28 22:15:00,GAM,4377.555389416918
6,longitudinal_wind_force (calculated),391.9149371403018,11.273912928523831,2024-04-29 15:00:00,GAM,4377.555389416918
7,longitudinal_wind_force (calculated),235.3349342279274,9.180559680927944,2024-08-24 07:30:00,GAM,4377.555389416918
8,longitudinal_wind_force (calculated),186.26768695559537,7.622423388746474,2024-12-20 13:45:00,GAM,4377.555389416918
9,longitudinal_wind_force (calculated),-218.9719817480373,-4.794917076412453,2024-12-24 11:45:00,GAM,4377.555389416918
10,longitudinal_wind_force (calculated),26.881165312417462,2.14146684780519,2024-09-14 02:00:00,GAM,4377.555389416918
11,longitudinal_wind_force (calculated),174.96241349110647,7.048581632695111,2024-02-10 19:00:00,GAM,4377.555389416918
12,longitudinal_wind_force (calculated),-92.68121952716228,-0.8303923456485095,2024-09-12 02:45:00,GAM,4377.555389416918
13,longitudinal_wind_force (calculated),167.8026595983154,6.652395868171014,2024-05-05 15:30:00,GAM,4377.555389416918
14,longitudinal_wind_force (calculated),76.21475805979682,3.3807572694007453,2024-09-15 02:15:00,GAM,4377.555389416918
15,longitudinal_wind_force (calculated),181.9844048167981,7.415953453231269,2024-04-02 01:45:00,GAM,4377.555389416918
16,longitudinal_wind_force (calculated),-312.77192175052244,-8.954521561822839,2024-12-27 03:45:00,GAM,4377.555389416918
17,longitudinal_wind_force (calculated),-47.435054139445874,0.3336518363533787,2024-03-12 02:45:00,GAM,4377.555389416918
18,longitudinal_wind_force (calculated),66.30490927763304,3.1226971745022944,2024-03-17 07:45:00,GAM,4377.555389416918
19,longitudinal_wind_force (calculated),167.510794648039,6.63617976117058,2024-12-14 15:15:00,GAM,4377.555389416918
20,longitudinal_wind_force (calculated),138.07987044456252,5.260126653744906,2024-10-26 01:45:00,GAM,4377.555389416918
21,longitudinal_wind_force (calculated),179.1106021170309,7.269505488379794,2024-04-01 22:00:00,GAM,4377.555389416918
22,longitudinal_wind_force (calculated),-137.3937438819701,-2.0713129906409526,2024-05-11 08:45:00,GAM,4377.555389416918
23,longitudinal_wind_force (calculated),-287.54901094491777,-7.825834028882349,2024-04-30 21:45:00,GAM,4377.555389416918
24,longitudinal_wind_force (calculated),-286.71568944707127,-7.787496943278615,2024-08-02 07:15:00,GAM,4377.555389416918
25,longitudinal_wind_force (calculated),-12.852450613063967,1.181977968728947,2024-02-28 08:00:00,GAM,4377.555389416918
26,longitudinal_wind_force (calculated),221.54150854669115,8.849309228442158,2024-03-03 03:45:00,GAM,4377.555389416918
27,longitudinal_wind_force (calculated),-199.76452509255708,-4.069962953092833,2024-11-11 13:30:00,GAM,4377.555389416918
28,longitudinal_wind_force (calculated),-62.746835171404875,-0.0522522312891338,2024-02-28 17:45:00,GAM,4377.555389416918
29,longitudinal_wind_force (calculated),136.6191811969126,5.205738144638792,2024-02-17 22:00:00,GAM,4377.555389416918
30,longitudinal_wind_force (calculated),-272.04834887807414,-7.109163181694259,2024-11-20 07:00:00,GAM,4377.555389416918
31,longitudinal_wind_force (calculated),163.88763035331587,6.436679240171807,2024-02-25 02:30:00,GAM,4377.555389416918
32,longitudinal_wind_force (calculated),39.74042752860802,2.4557973179400205,2024-03-10 23:15:00,GAM,4377.555389416918
33,longitudinal_wind_force (calculated),-139.34304960016064,-2.1281842622868408,2024-03-20 15:30:00,GAM,4377.555389416918
34,longitudinal_wind_force (calculated),130.8655610322224,4.999337295435939,2024-08-17 00:15:00,GAM,4377.555389416918
35,longitudinal_wind_force (calculated),-146.4348926192943,-2.3374605790687446,2024-06-05 05:15:00,GAM,4377.555389416918
36,longitudinal_wind_force (calculated),49.34990345332367,2.6937162007749587,2024-07-20 01:30:00,GAM,4377.555389416918
37,longitudinal_wind_force (calculated),-159.98494102869978,-2.748657485039177,2024-11-11 15:15:00,GAM,4377.555389416918
38,longitudinal_wind_force (calculated),284.7114099657522,10.059932446131548,2024-02-14 05:30:00,GAM,4377.555389416918
39,longitudinal_wind_force (calculated),146.62432731328462,5.598722212393585,2024-02-16 01:00:00,GAM,4377.555389416918
40,longitudinal_wind_force (calculated),-57.20030214371616,0.0883839518209221,2024-09-12 03:30:00,GAM,4377.555389416918
41,longitudinal_wind_force (calculated),34.38137183223125,2.32432625431482,2024-05-02 05:30:00,GAM,4377.555389416918
42,longitudinal_wind_force (calculated),-19.380093375176216,1.023809342288313,2024-09-15 14:15:00,GAM,4377.555389416918
43,longitudinal_wind_force (calculated),106.6953992029842,4.227910663359336,2024-08-22 00:30:00,GAM,4377.555389416918
44,longitudinal_wind_force (calculated),209.02321694359296,8.491972309571645,2024-07-25 09:45:00,GAM,4377.555389416918
45,longitudinal_wind_force (calculated),217.53134907940944,8.741687923933602,2024-12-28 23:30:00,GAM,4377.555389416918
46,longitudinal_wind_force (calculated),48.28153569043592,2.667107004994496,2024-09-15 19:00:00,GAM,4377.555389416918
47,longitudinal_wind_force (calculated),-2.99300912682736,1.4199913408373488,2024-04-10 16:45:00,GAM,4377.555389416918
48,longitudinal_wind_force (calculated),-104.11842235316051,-1.1375952993045688,2024-10-20 09:15:00,GAM,4377.555389416918
49,longitudinal_wind_force (calculated),124.15962430864077,4.771975755231908,2024-07-24 18:30:00,GAM,4377.555389416918
50,longitudinal_wind_force (calculated),185.43663802964755,7.5835131727027,2024-02-23 12:30:00,GAM,4377.555389416918
51,longitudinal_wind_force (calculated),-205.30875236381843,-4.272315069150234,2024-11-03 22:00:00,GAM,4377.555389416918
52,longitudinal_wind_force (calculated),-57.04660589718676,0.0922669310383115,2024-02-28 14:30:00,GAM,4377.555389416918
53,longitudinal_wind_force (calculated),-76.49325697762568,-0.4053355143268578,2024-11-09 07:30:00,GAM,4377.555389416918
54,longitudinal_wind_force (calculated),138.22425121086152,5.265551034871523,2024-08-23 03:15:00,GAM,4377.555389416918
55,longitudinal_wind_force (calculated),-211.35982466187397,-4.4995355359508284,2024-02-29 22:45:00,GAM,4377.555389416918
56,longitudinal_wind_force (calculated),162.76544104548393,6.37591227262352,2024-12-16 01:30:00,GAM,4377.555389416918
57,longitudinal_wind_force (calculated),-87.64097314571143,-0.6968871719440891,2024-09-18 22:45:00,GAM,4377.555389416918
58,longitudinal_wind_force (calculated),-268.8674322874436,-6.962114799078249,2024-04-24 16:30:00,GAM,4377.555389416918
59,longitudinal_wind_force (calculated),184.71827972910006,7.549429504766132,2024-02-24 23:15:00,GAM,4377.555389416918
60,longitudinal_wind_force (calculated),2.3894556681403856,1.5497004855724985,2024-09-14 11:00:00,GAM,4377.555389416918
61,longitudinal_wind_force (calculated),-362.0219410486056,-10.971568302607338,2024-04-27 12:45:00,GAM,4377.555389416918
62,longitudinal_wind_force (calculated),124.38921287980439,4.779557755453726,2024-07-16 23:30:00,GAM,4377.555389416918
63,longitudinal_wind_force (calculated),80.71760515175274,3.5002791045505903,2024-07-18 08:00:00,GAM,4377.555389416918
64,longitudinal_wind_force (calculated),16.304061073464254,1.8852394028026296,2024-04-03 06:15:00,GAM,4377.555389416918
65,longitudinal_wind_force (calculated),-157.33885499733435,-2.66709794341689,2024-08-04 14:45:00,GAM,4377.555389416918
66,longitudinal_wind_force (calculated),21.046210715525646,1.9999266376768217,2024-03-17 21:45:00,GAM,4377.555389416918
67,longitudinal_wind_force (calculated),103.70915232991352,4.14017264729282,2024-08-08 08:30:00,GAM,4377.555389416918
68,longitudinal_wind_force (calculated),-131.51253182750042,-1.901334597821592,2024-12-25 00:15:00,GAM,4377.555389416918
69,longitudinal_wind_force (calculated),172.01957903599487,6.886913349670743,2024-12-17 16:45:00,GAM,4377.555389416918
70,longitudinal_wind_force (calculated),143.4576419254361,5.4686973265452,2024-08-22 22:45:00,GAM,4377.555389416918
71,longitudinal_wind_force (calculated),32.5418389762344,2.279364900839282,2024-03-17 20:15:00,GAM,4377.555389416918
72,longitudinal_wind_force (calculated),153.44669598684425,5.902671074143661,2024-02-17 09:15:00,GAM,4377.555389416918
73,longitudinal_wind_force (calculated),-195.44802003217396,-3.916124487454637,2024-03-01 06:00:00,GAM,4377.555389416918
74,longitudinal_wind_force (calculated),41.26920084474654,2.493448144217233,2024-08-15 18:00:00,GAM,4377.555389416918
75,longitudinal_wind_force (calculated),99.62216262765368,4.022088309197604,2024-07-17 19:00:00,GAM,4377.555389416918
76,longitudinal_wind_force (calculated),106.65706629578779,4.226776139257043,2024-04-02 12:15:00,GAM,4377.555389416918
77,longitudinal_wind_force (calculated),7.954789157431605,1.683803623248692,2024-08-06 22:30:00,GAM,4377.555389416918
78,longitudinal_wind_force (calculated),199.08964437331466,8.154683391789877,2024-12-17 15:00:00,GAM,4377.555389416918
79,longitudinal_wind_force (calculated),-129.94996181249329,-1.8565648820287897,2024-02-20 16:15:00,GAM,4377.555389416918
80,longitudinal_wind_force (calculated),-243.75292982586225,-5.827822011059229,2024-09-19 23:30:00,GAM,4377.555389416918
81,longitudinal_wind_force (calculated),-116.94378068956281,-1.4898368252487395,2024-11-11 06:00:00,GAM,4377.555389416918
82,longitudinal_wind_force (calculated),162.09495376339564,6.33991198262444,2024-08-19 12:30:00,GAM,4377.555389416918
83,longitudinal_wind_force (calculated),151.0868997715567,5.793408143877798,2024-09-17 09:00:00,GAM,4377.555389416918
84,longitudinal_wind_force (calculated),31.470879167292612,2.253224440261395,2024-11-13 04:45:00,GAM,4377.555389416918
85,longitudinal_wind_force (calculated),-194.60217201494112,-3.886336303353731,2024-05-11 13:15:00,GAM,4377.555389416918
86,longitudinal_wind_force (calculated),-190.85251383070047,-3.755623357969051,2024-04-15 05:00:00,GAM,4377.555389416918
87,longitudinal_wind_force (calculated),-9.352538497814862,1.2665621169434784,2024-09-14 10:00:00,GAM,4377.555389416918
88,longitudinal_wind_force (calculated),59.77998318542286,2.955972050611357,2024-05-08 14:30:00,GAM,4377.555389416918
89,longitudinal_wind_force (calculated),-299.02058077451363,-8.348149476096296,2024-12-26 19:15:00,GAM,4377.555389416918
90,longitudinal_wind_force (calculated),-40.724404860185736,0.5005835784262374,2024-02-28 15:45:00,GAM,4377.555389416918
91,longitudinal_wind_force (calculated),87.85648875403845,3.6931842969419937,2024-07-20 22:15:00,GAM,4377.555389416918
92,longitudinal_wind_force (calculated),122.35174590086882,4.712726000608954,2024-03-15 00:15:00,GAM,4377.555389416918
93,longitudinal_wind_force (calculated),-409.4166050136409,-13.086229706719813,2024-04-26 14:00:00,GAM,4377.555389416918
94,longitudinal_wind_force (calculated),48.22847474584387,2.665786558457341,2024-08-20 10:00:00,GAM,4377.555389416918
95,longitudinal_wind_force (calculated),24.463035403302683,2.082744092418676,2024-09-14 14:30:00,GAM,4377.555389416918
96,longitudinal_wind_force (calculated),169.32302825545,6.737008758953199,2024-11-30 23:30:00,GAM,4377.555389416918
97,longitudinal_wind_force (calculated),12.086780265184002,1.783434270643072,2024-04-28 19:00:00,GAM,4377.555389416918
98,longitudinal_wind_force (calculated),168.013259955115,6.664104299707303,2024-05-05 15:45:00,GAM,4377.555389416918
99,longitudinal_wind_force (calculated),71.59086738353035,3.259553103654359,2024-07-16 12:00:00,GAM,4377.555389416918
100,longitudinal_wind_force (calculated),135.0885213632911,5.149658521276307,2024-07-23 00:30:00,GAM,4377.555389416918
101,longitudinal_wind_force (calculated),-48.77434440929733,0.300182632751663,2024-12-22 13:15:00,GAM,4377.555389416918
102,longitudinal_wind_force (calculated),117.38702497372016,4.553867410615389,2024-03-26 15:00:00,GAM,4377.555389416918
103,longitudinal_wind_force (calculated),101.91338203402769,4.08801550162103,2024-08-08 16:15:00,GAM,4377.555389416918
104,longitudinal_wind_force (calculated),-343.5320613881153,-10.225063326656002,2024-08-14 09:30:00,GAM,4377.555389416918
105,longitudinal_wind_force (calculated),96.90566214594489,3.944775292223327,2024-02-26 12:00:00,GAM,4377.555389416918
106,longitudinal_wind_force (calculated),-4.616880700179536,1.3808386047873584,2024-02-28 09:30:00,GAM,4377.555389416918
107,longitudinal_wind_force (calculated),274.8473315381614,9.910657528099442,2024-02-09 05:45:00,GAM,4377.555389416918
108,longitudinal_wind_force (calculated),-196.52347006859958,-3.954164444878254,2024-08-04 02:30:00,GAM,4377.555389416918
109,longitudinal_wind_force (calculated),-81.5373487000143,-0.5366426274211286,2024-07-20 09:00:00,GAM,4377.555389416918
110,longitudinal_wind_force (calculated),-213.6386226477682,-4.586845158896338,2024-03-01 09:30:00,GAM,4377.555389416918
111,longitudinal_wind_force (calculated),-169.7994648076169,-3.0570807468718253,2024-09-19 01:00:00,GAM,4377.555389416918
112,longitudinal_wind_force (calculated),-216.4897367916807,-4.697426688040836,2024-08-04 01:45:00,GAM,4377.555389416918
113,longitudinal_wind_force (calculated),136.9903677322713,5.219476268877847,2024-12-22 01:45:00,GAM,4377.555389416918
114,longitudinal_wind_force (calculated),231.40228438263185,9.09155857282881,2024-02-13 18:00:00,GAM,4377.555389416918
115,longitudinal_wind_force (calculated),150.35955529489715,5.76063789432334,2024-08-17 03:45:00,GAM,4377.555389416918
116,longitudinal_wind_force (calculated),816.9029727092436,14.633683461685264,2024-12-01 21:30:00,GAM,4377.555389416918
117,longitudinal_wind_force (calculated),135.7932253683722,5.17536465220633,2024-03-27 03:00:00,GAM,4377.555389416918
118,longitudinal_wind_force (calculated),-224.5460659224896,-5.017938710310927,2024-10-23 08:00:00,GAM,4377.555389416918
119,longitudinal_wind_force (calculated),129.83414436304466,4.963520063149044,2024-02-17 12:45:00,GAM,4377.555389416918
120,longitudinal_wind_force (calculated),-187.0194914635723,-3.624156565887467,2024-09-19 03:30:00,GAM,4377.555389416918
121,longitudinal_wind_force (calculated),190.87306665337363,7.827969726345889,2024-02-23 13:30:00,GAM,4377.555389416918
122,longitudinal_wind_force (calculated),-23.340540242922316,0.9275088203265224,2024-04-28 09:30:00,GAM,4377.555389416918
123,longitudinal_wind_force (calculated),-149.14966588988557,-2.418603538485105,2024-04-28 04:30:00,GAM,4377.555389416918
124,longitudinal_wind_force (calculated),-436.7988741655236,-15.02359138760812,2024-04-26 23:15:00,GAM,4377.555389416918
125,longitudinal_wind_force (calculated),126.46006880181518,4.848561014125388,2024-09-18 01:00:00,GAM,4377.555389416918
126,longitudinal_wind_force (calculated),-389.7952636769241,-12.144975313693164,2024-08-14 04:30:00,GAM,4377.555389416918
127,longitudinal_wind_force (calculated),148.75677021590354,5.689906583306824,2024-11-13 15:00:00,GAM,4377.555389416918
128,longitudinal_wind_force (calculated),-42.42946371546913,0.4582883156315617,2024-05-06 15:00:00,GAM,4377.555389416918
129,longitudinal_wind_force (calculated),-39.23822339331423,0.5373848332658161,2024-04-28 11:45:00,GAM,4377.555389416918
130,longitudinal_wind_force (calculated),-261.0239012374669,-6.601593656688529,2024-11-06 06:45:00,GAM,4377.555389416918
131,longitudinal_wind_force (calculated),159.03663058970582,6.179131806912991,2024-08-21 08:30:00,GAM,4377.555389416918
132,longitudinal_wind_force (calculated),-157.64722236077378,-2.6765696570567563,2024-04-11 21:30:00,GAM,4377.555389416918
133,longitudinal_wind_force (calculated),-171.79711227382782,-3.121075626934384,2024-11-11 10:30:00,GAM,4377.555389416918
134,longitudinal_wind_force (calculated),178.3091780678566,7.227629245145589,2024-12-15 14:45:00,GAM,4377.555389416918
135,longitudinal_wind_force (calculated),70.98157956250665,3.2436894269472942,2024-04-03 04:45:00,GAM,4377.555389416918
136,longitudinal_wind_force (calculated),150.07866125553673,5.748096115654068,2024-10-26 06:15:00,GAM,4377.555389416918
137,longitudinal_wind_force (calculated),169.65403925837484,6.755442659794021,2024-04-25 14:30:00,GAM,4377.555389416918
138,longitudinal_wind_force (calculated),56.24760451382235,2.866614520935989,2024-10-18 10:45:00,GAM,4377.555389416918
139,longitudinal_wind_force (calculated),89.4532255794196,3.736964582501248,2024-06-02 01:30:00,GAM,4377.555389416918
140,longitudinal_wind_force (calculated),106.33428343752853,4.217231594329747,2024-08-22 23:30:00,GAM,4377.555389416918
141,longitudinal_wind_force (calculated),-48.89534126626768,0.2971563119880402,2024-12-22 13:45:00,GAM,4377.555389416918
142,longitudinal_wind_force (calculated),111.90160679857003,4.384147555048227,2024-08-22 17:45:00,GAM,4377.555389416918
143,longitudinal_wind_force (calculated),-50.229598829697274,0.2637558627934617,2024-03-22 19:00:00,GAM,4377.555389416918
144,longitudinal_wind_force (calculated),-289.0024902376237,-7.892600306158872,2024-08-02 04:45:00,GAM,4377.555389416918
145,longitudinal_wind_force (calculated),133.28493709652912,5.084702888797668,2024-03-27 03:15:00,GAM,4377.555389416918
146,longitudinal_wind_force (calculated),296.4563750428008,10.225667525691424,2024-03-02 08:15:00,GAM,4377.555389416918
147,longitudinal_wind_force (calculated),-115.08577456305082,-1.4382602812024117,2024-02-29 02:45:00,GAM,4377.555389416918
148,longitudinal_wind_force (calculated),-337.059968548352,-9.963672162328525,2024-08-15 06:30:00,GAM,4377.555389416918
149,longitudinal_wind_force (calculated),87.81074443973276,3.6919336537802656,2024-03-16 22:00:00,GAM,4377.555389416918
150,longitudinal_wind_force (calculated),41.357766887471605,2.4956314977842107,2024-08-15 18:15:00,GAM,4377.555389416918
151,longitudinal_wind_force (calculated),-113.8846887362672,-1.4050212974948475,2024-05-11 03:00:00,GAM,4377.555389416918
152,longitudinal_wind_force (calculated),136.4388452359299,5.199083585040851,2024-08-22 13:15:00,GAM,4377.555389416918
153,longitudinal_wind_force (calculated),-240.3958687428397,-5.681927914394561,2024-11-05 19:30:00,GAM,4377.555389416918
154,longitudinal_wind_force (calculated),-7.299193059907111,1.3161320879541294,2024-06-10 03:00:00,GAM,4377.555389416918
155,longitudinal_wind_force (calculated),-203.3795478877183,-4.201275388858992,2024-04-14 12:00:00,GAM,4377.555389416918
156,longitudinal_wind_force (calculated),133.18177631103367,5.081022643675053,2024-07-17 00:30:00,GAM,4377.555389416918
157,longitudinal_wind_force (calculated),19.13986212340718,1.9537905076403943,2024-08-20 05:45:00,GAM,4377.555389416918
158,longitudinal_wind_force (calculated),16.29281489988807,1.8849677127415416,2024-11-19 00:00:00,GAM,4377.555389416918
159,longitudinal_wind_force (calculated),816.5255859039089,14.63047960960281,2024-12-01 21:00:00,GAM,4377.555389416918
160,longitudinal_wind_force (calculated),111.6476249565699,4.376421992914346,2024-04-02 14:30:00,GAM,4377.555389416918
161,longitudinal_wind_force (calculated),-33.65896864214559,0.6750172180330821,2024-08-10 14:15:00,GAM,4377.555389416918
162,longitudinal_wind_force (calculated),-67.8538599469866,-0.1826494158041908,2024-03-24 01:15:00,GAM,4377.555389416918
163,longitudinal_wind_force (calculated),192.5240382904582,7.897583489138177,2024-11-12 20:15:00,GAM,4377.555389416918
164,longitudinal_wind_force (calculated),-5.026480759055867,1.3709606289230174,2024-06-07 14:00:00,GAM,4377.555389416918
165,longitudinal_wind_force (calculated),72.46404884020133,3.282329962455794,2024-05-10 12:45:00,GAM,4377.555389416918
166,longitudinal_wind_force (calculated),77.3055911451662,3.4095710348727843,2024-04-25 01:30:00,GAM,4377.555389416918
167,longitudinal_wind_force (calculated),-112.42909712978143,-1.3648448249305136,2024-12-09 21:15:00,GAM,4377.555389416918
168,longitudinal_wind_force (calculated),126.90898589636272,4.863670001589265,2024-03-27 10:00:00,GAM,4377.555389416918
169,longitudinal_wind_force (calculated),171.53190449716067,6.859876962730319,2024-02-25 16:15:00,GAM,4377.555389416918
170,longitudinal_wind_force (calculated),116.34127668183805,4.521069823201381,2024-04-25 04:00:00,GAM,4377.555389416918
171,longitudinal_wind_force (calculated),78.99438509984574,3.4543549662172848,2024-12-28 21:15:00,GAM,4377.555389416918
172,longitudinal_wind_force (calculated),25.213771451401183,2.100964640051118,2024-02-26 19:00:00,GAM,4377.555389416918
173,longitudinal_wind_force (calculated),266.32708560861437,9.773054794618677,2024-08-27 13:00:00,GAM,4377.555389416918
174,longitudinal_wind_force (calculated),-320.65179707726406,-9.289355645463884,2024-04-23 21:45:00,GAM,4377.555389416918
175,longitudinal_wind_force (calculated),126.70594502248177,4.856829530437694,2024-02-17 16:15:00,GAM,4377.555389416918
176,longitudinal_wind_force (calculated),44.82151288716005,2.581213906630123,2024-08-19 20:15:00,GAM,4377.555389416918
177,longitudinal_wind_force (calculated),107.05746324323307,4.238637462614343,2024-08-08 07:45:00,GAM,4377.555389416918
178,longitudinal_wind_force (calculated),-68.76356285612553,-0.2059711138031846,2024-03-22 20:15:00,GAM,4377.555389416918
179,longitudinal_wind_force (calculated),228.89622525156412,9.032719038939144,2024-08-25 11:45:00,GAM,4377.555389416918
180,longitudinal_wind_force (calculated),-221.5858430350779,-4.898795515597697,2024-10-31 09:00:00,GAM,4377.555389416918
181,longitudinal_wind_force (calculated),156.5398780211821,6.052669627922399,2024-12-16 02:15:00,GAM,4377.555389416918
182,longitudinal_wind_force (calculated),112.25782577998288,4.3950017791972105,2024-07-18 00:00:00,GAM,4377.555389416918
183,longitudinal_wind_force (calculated),-179.8446950354675,-3.3834665605364043,2024-08-17 22:30:00,GAM,4377.555389416918
184,longitudinal_wind_force (calculated),247.1866926971474,9.427409421786267,2024-02-14 13:45:00,GAM,4377.555389416918
185,longitudinal_wind_force (calculated),-45.74114196882319,0.3759088640126798,2024-06-08 10:30:00,GAM,4377.555389416918
186,longitudinal_wind_force (calculated),-413.36992813645753,-13.298887304497567,2024-08-14 20:30:00,GAM,4377.555389416918
187,longitudinal_wind_force (calculated),-74.78908568824833,-0.3611927609002645,2024-02-28 03:15:00,GAM,4377.555389416918
188,longitudinal_wind_force (calculated),77.26220478821146,3.408423332431968,2024-10-16 23:30:00,GAM,4377.555389416918
189,longitudinal_wind_force (calculated),-85.75365494409839,-0.6471742489808755,2024-05-06 03:00:00,GAM,4377.555389416918
190,longitudinal_wind_force (calculated),16.379058804092665,1.8870512631697136,2024-08-18 20:15:00,GAM,4377.555389416918
191,longitudinal_wind_force (calculated),133.99400338262018,5.110099885816879,2024-11-02 00:45:00,GAM,4377.555389416918
192,longitudinal_wind_force (calculated),-42.85215577644827,0.4477907383820597,2024-12-23 18:30:00,GAM,4377.555389416918
193,longitudinal_wind_force (calculated),-74.73452201962179,-0.3597812076956969,2024-02-20 05:30:00,GAM,4377.555389416918
194,longitudinal_wind_force (calculated),252.56375089087604,9.530358662687986,2024-06-01 18:45:00,GAM,4377.555389416918
195,longitudinal_wind_force (calculated),-110.33697068905511,-1.307298682179541,2024-03-23 23:15:00,GAM,4377.555389416918
196,longitudinal_wind_force (calculated),-207.1720167527269,-4.341568556058981,2024-10-31 11:15:00,GAM,4377.555389416918
197,longitudinal_wind_force (calculated),-35.155650629950514,0.6381758336877144,2024-03-10 10:15:00,GAM,4377.555389416918
198,longitudinal_wind_force (calculated),-55.01007828275154,0.1436476505906193,2024-02-27 18:30:00,GAM,4377.555389416918
199,longitudinal_wind_force (calculated),164.6638347477989,6.479045723190872,2024-12-14 09:30:00,GAM,4377.555389416918
