row_id,feature_name,shap_value,feature_value,timestamp,model_name,base_value
0,Avg Draft (Calculated),-274.6851899257494,9.945,2024-12-22 11:30:00,NN,4387.053624947168
1,Avg Draft (Calculated),100.59029957357875,11.615,2024-03-09 10:00:00,NN,4387.053624947168
2,Avg Draft (Calculated),-808.3764450002154,6.145,2024-04-12 18:15:00,NN,4387.053624947168
3,Avg Draft (Calculated),850.5033314173537,14.25,2024-08-05 02:15:00,NN,4387.053624947168
4,Avg Draft (Calculated),624.1447982817222,14.2,2024-08-24 05:00:00,NN,4387.053624947168
5,Avg Draft (Calculated),-355.46028408745866,6.42,2024-04-28 22:15:00,NN,4387.053624947168
6,Avg Draft (Calculated),-335.40284638649393,6.42,2024-04-29 15:00:00,NN,4387.053624947168
7,Avg Draft (Calculated),619.2083681420361,14.2,2024-08-24 07:30:00,NN,4387.053624947168
8,Avg Draft (Calculated),-254.9878911527675,9.945,2024-12-20 13:45:00,NN,4387.053624947168
9,Avg Draft (Calculated),-299.00388963995636,9.945,2024-12-24 11:45:00,NN,4387.053624947168
10,Avg Draft (Calculated),992.9009678761362,14.7,2024-09-14 02:00:00,NN,4387.053624947168
11,Avg Draft (Calculated),66.14890183342494,11.84,2024-02-10 19:00:00,NN,4387.053624947168
12,Avg Draft (Calculated),875.6862486654677,14.7,2024-09-12 02:45:00,NN,4387.053624947168
13,Avg Draft (Calculated),-458.73161918067103,6.42,2024-05-05 15:30:00,NN,4387.053624947168
14,Avg Draft (Calculated),912.5519520837192,14.7,2024-09-15 02:15:00,NN,4387.053624947168
15,Avg Draft (Calculated),-572.2392423087261,6.145,2024-04-02 01:45:00,NN,4387.053624947168
16,Avg Draft (Calculated),-323.8181875382384,9.945,2024-12-27 03:45:00,NN,4387.053624947168
17,Avg Draft (Calculated),66.28353547584767,11.615,2024-03-12 02:45:00,NN,4387.053624947168
18,Avg Draft (Calculated),78.07861563590554,11.615,2024-03-17 07:45:00,NN,4387.053624947168
19,Avg Draft (Calculated),-347.80282712225727,9.945,2024-12-14 15:15:00,NN,4387.053624947168
20,Avg Draft (Calculated),-411.50852441732496,6.1,2024-10-26 01:45:00,NN,4387.053624947168
21,Avg Draft (Calculated),-572.5742895069221,6.145,2024-04-01 22:00:00,NN,4387.053624947168
22,Avg Draft (Calculated),-586.0017108002445,6.42,2024-05-11 08:45:00,NN,4387.053624947168
23,Avg Draft (Calculated),-555.1620252629111,6.42,2024-04-30 21:45:00,NN,4387.053624947168
24,Avg Draft (Calculated),867.6557133241034,14.25,2024-08-02 07:15:00,NN,4387.053624947168
25,Avg Draft (Calculated),68.34361504227294,11.615,2024-02-28 08:00:00,NN,4387.053624947168
26,Avg Draft (Calculated),24.275661748047924,11.615,2024-03-03 03:45:00,NN,4387.053624947168
27,Avg Draft (Calculated),-371.60323151551785,6.1,2024-11-11 13:30:00,NN,4387.053624947168
28,Avg Draft (Calculated),59.44243062295759,11.615,2024-02-28 17:45:00,NN,4387.053624947168
29,Avg Draft (Calculated),64.22302851779257,11.615,2024-02-17 22:00:00,NN,4387.053624947168
30,Avg Draft (Calculated),-513.9366906260857,6.4,2024-11-20 07:00:00,NN,4387.053624947168
31,Avg Draft (Calculated),61.68179877278855,11.615,2024-02-25 02:30:00,NN,4387.053624947168
32,Avg Draft (Calculated),102.47834611847462,11.615,2024-03-10 23:15:00,NN,4387.053624947168
33,Avg Draft (Calculated),106.3820860978077,11.615,2024-03-20 15:30:00,NN,4387.053624947168
34,Avg Draft (Calculated),626.824153220989,14.2,2024-08-17 00:15:00,NN,4387.053624947168
35,Avg Draft (Calculated),-35.51055525807325,10.43,2024-06-05 05:15:00,NN,4387.053624947168
36,Avg Draft (Calculated),-390.3763665008048,6.75,2024-07-20 01:30:00,NN,4387.053624947168
37,Avg Draft (Calculated),-333.68880549093956,6.1,2024-11-11 15:15:00,NN,4387.053624947168
38,Avg Draft (Calculated),60.13728166620825,11.84,2024-02-14 05:30:00,NN,4387.053624947168
39,Avg Draft (Calculated),74.63668050335599,11.615,2024-02-16 01:00:00,NN,4387.053624947168
40,Avg Draft (Calculated),883.682095209484,14.7,2024-09-12 03:30:00,NN,4387.053624947168
41,Avg Draft (Calculated),-548.9131045312616,6.42,2024-05-02 05:30:00,NN,4387.053624947168
42,Avg Draft (Calculated),909.4272206324518,14.7,2024-09-15 14:15:00,NN,4387.053624947168
43,Avg Draft (Calculated),699.2147252797411,14.2,2024-08-22 00:30:00,NN,4387.053624947168
44,Avg Draft (Calculated),-95.0181307725925,6.75,2024-07-25 09:45:00,NN,4387.053624947168
45,Avg Draft (Calculated),-250.71386278679344,9.81,2024-12-28 23:30:00,NN,4387.053624947168
46,Avg Draft (Calculated),896.9792846680905,14.7,2024-09-15 19:00:00,NN,4387.053624947168
47,Avg Draft (Calculated),-706.3419617110584,6.145,2024-04-10 16:45:00,NN,4387.053624947168
48,Avg Draft (Calculated),-241.33920008555376,6.1,2024-10-20 09:15:00,NN,4387.053624947168
49,Avg Draft (Calculated),-158.67995422125912,6.75,2024-07-24 18:30:00,NN,4387.053624947168
50,Avg Draft (Calculated),72.02439570300646,11.615,2024-02-23 12:30:00,NN,4387.053624947168
51,Avg Draft (Calculated),-105.98539045582253,6.1,2024-11-03 22:00:00,NN,4387.053624947168
52,Avg Draft (Calculated),66.68918073715794,11.615,2024-02-28 14:30:00,NN,4387.053624947168
53,Avg Draft (Calculated),-351.8417902428955,6.1,2024-11-09 07:30:00,NN,4387.053624947168
54,Avg Draft (Calculated),684.0876211791256,14.2,2024-08-23 03:15:00,NN,4387.053624947168
55,Avg Draft (Calculated),120.25076886059041,11.615,2024-02-29 22:45:00,NN,4387.053624947168
56,Avg Draft (Calculated),-320.726985045562,9.945,2024-12-16 01:30:00,NN,4387.053624947168
57,Avg Draft (Calculated),883.6092671038951,14.7,2024-09-18 22:45:00,NN,4387.053624947168
58,Avg Draft (Calculated),-443.58324151789776,6.42,2024-04-24 16:30:00,NN,4387.053624947168
59,Avg Draft (Calculated),56.93938458076193,11.615,2024-02-24 23:15:00,NN,4387.053624947168
60,Avg Draft (Calculated),912.5136110170538,14.7,2024-09-14 11:00:00,NN,4387.053624947168
61,Avg Draft (Calculated),-691.956550134559,6.42,2024-04-27 12:45:00,NN,4387.053624947168
62,Avg Draft (Calculated),-256.63420074369856,6.75,2024-07-16 23:30:00,NN,4387.053624947168
63,Avg Draft (Calculated),-335.50537729982966,6.75,2024-07-18 08:00:00,NN,4387.053624947168
64,Avg Draft (Calculated),-746.3372698175377,6.145,2024-04-03 06:15:00,NN,4387.053624947168
65,Avg Draft (Calculated),786.4408456149185,14.25,2024-08-04 14:45:00,NN,4387.053624947168
66,Avg Draft (Calculated),75.02346753843085,11.615,2024-03-17 21:45:00,NN,4387.053624947168
67,Avg Draft (Calculated),604.4214641990725,14.25,2024-08-08 08:30:00,NN,4387.053624947168
68,Avg Draft (Calculated),-352.93873681419666,9.945,2024-12-25 00:15:00,NN,4387.053624947168
69,Avg Draft (Calculated),-344.59811809690484,9.945,2024-12-17 16:45:00,NN,4387.053624947168
70,Avg Draft (Calculated),686.2686233182236,14.2,2024-08-22 22:45:00,NN,4387.053624947168
71,Avg Draft (Calculated),55.38563465456577,11.615,2024-03-17 20:15:00,NN,4387.053624947168
72,Avg Draft (Calculated),50.585596293414085,11.615,2024-02-17 09:15:00,NN,4387.053624947168
73,Avg Draft (Calculated),150.74143395915542,11.615,2024-03-01 06:00:00,NN,4387.053624947168
74,Avg Draft (Calculated),671.0350395960427,14.2,2024-08-15 18:00:00,NN,4387.053624947168
75,Avg Draft (Calculated),-364.4215536858871,6.75,2024-07-17 19:00:00,NN,4387.053624947168
76,Avg Draft (Calculated),-669.7066943787449,6.145,2024-04-02 12:15:00,NN,4387.053624947168
77,Avg Draft (Calculated),723.8571317819358,14.25,2024-08-06 22:30:00,NN,4387.053624947168
78,Avg Draft (Calculated),-333.3464140950852,9.945,2024-12-17 15:00:00,NN,4387.053624947168
79,Avg Draft (Calculated),100.14546418961704,11.615,2024-02-20 16:15:00,NN,4387.053624947168
80,Avg Draft (Calculated),899.7449748206325,14.7,2024-09-19 23:30:00,NN,4387.053624947168
81,Avg Draft (Calculated),-206.5454265053246,6.1,2024-11-11 06:00:00,NN,4387.053624947168
82,Avg Draft (Calculated),705.5397400193552,14.2,2024-08-19 12:30:00,NN,4387.053624947168
83,Avg Draft (Calculated),994.621994220635,14.7,2024-09-17 09:00:00,NN,4387.053624947168
84,Avg Draft (Calculated),-221.60625023431513,6.1,2024-11-13 04:45:00,NN,4387.053624947168
85,Avg Draft (Calculated),-578.4429371736304,6.115,2024-05-11 13:15:00,NN,4387.053624947168
86,Avg Draft (Calculated),-808.8451766933504,6.145,2024-04-15 05:00:00,NN,4387.053624947168
87,Avg Draft (Calculated),876.1488820192288,14.7,2024-09-14 10:00:00,NN,4387.053624947168
88,Avg Draft (Calculated),-344.9190069173088,6.42,2024-05-08 14:30:00,NN,4387.053624947168
89,Avg Draft (Calculated),-327.37595478890006,9.945,2024-12-26 19:15:00,NN,4387.053624947168
90,Avg Draft (Calculated),66.75452363219378,11.615,2024-02-28 15:45:00,NN,4387.053624947168
91,Avg Draft (Calculated),-208.07941973396944,6.75,2024-07-20 22:15:00,NN,4387.053624947168
92,Avg Draft (Calculated),58.46592527857748,11.615,2024-03-15 00:15:00,NN,4387.053624947168
93,Avg Draft (Calculated),-515.4893821959488,6.42,2024-04-26 14:00:00,NN,4387.053624947168
94,Avg Draft (Calculated),711.8220665643241,14.2,2024-08-20 10:00:00,NN,4387.053624947168
95,Avg Draft (Calculated),904.5654393931111,14.7,2024-09-14 14:30:00,NN,4387.053624947168
96,Avg Draft (Calculated),-319.0503766438503,9.945,2024-11-30 23:30:00,NN,4387.053624947168
97,Avg Draft (Calculated),-383.99609432600175,6.42,2024-04-28 19:00:00,NN,4387.053624947168
98,Avg Draft (Calculated),-461.55909571530344,6.42,2024-05-05 15:45:00,NN,4387.053624947168
99,Avg Draft (Calculated),-266.3445570186385,6.75,2024-07-16 12:00:00,NN,4387.053624947168
100,Avg Draft (Calculated),-120.40561357454408,6.75,2024-07-23 00:30:00,NN,4387.053624947168
101,Avg Draft (Calculated),-233.43073216867182,9.945,2024-12-22 13:15:00,NN,4387.053624947168
102,Avg Draft (Calculated),29.279610160882175,11.47,2024-03-26 15:00:00,NN,4387.053624947168
103,Avg Draft (Calculated),796.4041291468521,14.25,2024-08-08 16:15:00,NN,4387.053624947168
104,Avg Draft (Calculated),758.1861209682809,14.2,2024-08-14 09:30:00,NN,4387.053624947168
105,Avg Draft (Calculated),76.41397757169136,11.615,2024-02-26 12:00:00,NN,4387.053624947168
106,Avg Draft (Calculated),73.87895200014734,11.615,2024-02-28 09:30:00,NN,4387.053624947168
107,Avg Draft (Calculated),81.01291249576701,11.84,2024-02-09 05:45:00,NN,4387.053624947168
108,Avg Draft (Calculated),935.9584607179826,14.25,2024-08-04 02:30:00,NN,4387.053624947168
109,Avg Draft (Calculated),-355.7419822233551,6.75,2024-07-20 09:00:00,NN,4387.053624947168
110,Avg Draft (Calculated),127.65929398001072,11.615,2024-03-01 09:30:00,NN,4387.053624947168
111,Avg Draft (Calculated),905.6702223607705,14.7,2024-09-19 01:00:00,NN,4387.053624947168
112,Avg Draft (Calculated),907.2981464466411,14.25,2024-08-04 01:45:00,NN,4387.053624947168
113,Avg Draft (Calculated),-242.08204862839202,9.945,2024-12-22 01:45:00,NN,4387.053624947168
114,Avg Draft (Calculated),60.303251946914955,11.84,2024-02-13 18:00:00,NN,4387.053624947168
115,Avg Draft (Calculated),580.9810375194093,14.2,2024-08-17 03:45:00,NN,4387.053624947168
116,Avg Draft (Calculated),-222.11560824069613,9.945,2024-12-01 21:30:00,NN,4387.053624947168
117,Avg Draft (Calculated),50.19970270616818,11.47,2024-03-27 03:00:00,NN,4387.053624947168
118,Avg Draft (Calculated),-306.0288438375864,6.1,2024-10-23 08:00:00,NN,4387.053624947168
119,Avg Draft (Calculated),79.19194303414281,11.615,2024-02-17 12:45:00,NN,4387.053624947168
120,Avg Draft (Calculated),870.4532597241207,14.7,2024-09-19 03:30:00,NN,4387.053624947168
121,Avg Draft (Calculated),53.69409126788876,11.615,2024-02-23 13:30:00,NN,4387.053624947168
122,Avg Draft (Calculated),-414.1146341145876,6.42,2024-04-28 09:30:00,NN,4387.053624947168
123,Avg Draft (Calculated),-479.70854984792004,6.42,2024-04-28 04:30:00,NN,4387.053624947168
124,Avg Draft (Calculated),-638.6979521124856,6.42,2024-04-26 23:15:00,NN,4387.053624947168
125,Avg Draft (Calculated),903.3622006837102,14.7,2024-09-18 01:00:00,NN,4387.053624947168
126,Avg Draft (Calculated),713.4873755352826,14.2,2024-08-14 04:30:00,NN,4387.053624947168
127,Avg Draft (Calculated),-288.0364362399353,6.1,2024-11-13 15:00:00,NN,4387.053624947168
128,Avg Draft (Calculated),-388.1444901145504,6.42,2024-05-06 15:00:00,NN,4387.053624947168
129,Avg Draft (Calculated),-391.63738391049935,6.42,2024-04-28 11:45:00,NN,4387.053624947168
130,Avg Draft (Calculated),-379.0468155770302,6.1,2024-11-06 06:45:00,NN,4387.053624947168
131,Avg Draft (Calculated),642.1939885253062,14.2,2024-08-21 08:30:00,NN,4387.053624947168
132,Avg Draft (Calculated),-743.7719403891404,6.145,2024-04-11 21:30:00,NN,4387.053624947168
133,Avg Draft (Calculated),-338.3604164177867,6.1,2024-11-11 10:30:00,NN,4387.053624947168
134,Avg Draft (Calculated),-324.2418631684664,9.945,2024-12-15 14:45:00,NN,4387.053624947168
135,Avg Draft (Calculated),-720.5317776110633,6.145,2024-04-03 04:45:00,NN,4387.053624947168
136,Avg Draft (Calculated),-400.31139833789484,6.1,2024-10-26 06:15:00,NN,4387.053624947168
137,Avg Draft (Calculated),-391.33909341964704,6.42,2024-04-25 14:30:00,NN,4387.053624947168
138,Avg Draft (Calculated),-397.623798957646,6.1,2024-10-18 10:45:00,NN,4387.053624947168
139,Avg Draft (Calculated),60.91026204979183,10.43,2024-06-02 01:30:00,NN,4387.053624947168
140,Avg Draft (Calculated),681.5747034659565,14.2,2024-08-22 23:30:00,NN,4387.053624947168
141,Avg Draft (Calculated),-220.30374944686935,9.945,2024-12-22 13:45:00,NN,4387.053624947168
142,Avg Draft (Calculated),688.3739324908138,14.2,2024-08-22 17:45:00,NN,4387.053624947168
143,Avg Draft (Calculated),36.166153047189155,11.47,2024-03-22 19:00:00,NN,4387.053624947168
144,Avg Draft (Calculated),775.8048365443339,14.25,2024-08-02 04:45:00,NN,4387.053624947168
145,Avg Draft (Calculated),52.19923125364686,11.47,2024-03-27 03:15:00,NN,4387.053624947168
146,Avg Draft (Calculated),38.817518059541044,11.615,2024-03-02 08:15:00,NN,4387.053624947168
147,Avg Draft (Calculated),61.466317047695895,11.615,2024-02-29 02:45:00,NN,4387.053624947168
148,Avg Draft (Calculated),663.5804027241389,14.2,2024-08-15 06:30:00,NN,4387.053624947168
149,Avg Draft (Calculated),74.54036783874595,11.615,2024-03-16 22:00:00,NN,4387.053624947168
150,Avg Draft (Calculated),673.2689233527861,14.2,2024-08-15 18:15:00,NN,4387.053624947168
151,Avg Draft (Calculated),-539.5393821729807,6.42,2024-05-11 03:00:00,NN,4387.053624947168
152,Avg Draft (Calculated),698.8056374961028,14.2,2024-08-22 13:15:00,NN,4387.053624947168
153,Avg Draft (Calculated),-356.0893267525286,6.1,2024-11-05 19:30:00,NN,4387.053624947168
154,Avg Draft (Calculated),-76.38969642038775,10.43,2024-06-10 03:00:00,NN,4387.053624947168
155,Avg Draft (Calculated),-839.1651949361055,6.145,2024-04-14 12:00:00,NN,4387.053624947168
156,Avg Draft (Calculated),-242.4791658875943,6.75,2024-07-17 00:30:00,NN,4387.053624947168
157,Avg Draft (Calculated),750.6216367534155,14.2,2024-08-20 05:45:00,NN,4387.053624947168
158,Avg Draft (Calculated),-211.30019965090418,6.4,2024-11-19 00:00:00,NN,4387.053624947168
159,Avg Draft (Calculated),-215.8698566292343,9.945,2024-12-01 21:00:00,NN,4387.053624947168
160,Avg Draft (Calculated),-683.5390426130016,6.145,2024-04-02 14:30:00,NN,4387.053624947168
161,Avg Draft (Calculated),801.8377274125313,14.25,2024-08-10 14:15:00,NN,4387.053624947168
162,Avg Draft (Calculated),31.24266827594465,11.47,2024-03-24 01:15:00,NN,4387.053624947168
163,Avg Draft (Calculated),-274.1345176493073,6.1,2024-11-12 20:15:00,NN,4387.053624947168
164,Avg Draft (Calculated),2.9911263488584154,10.43,2024-06-07 14:00:00,NN,4387.053624947168
165,Avg Draft (Calculated),-568.1370605700093,6.42,2024-05-10 12:45:00,NN,4387.053624947168
166,Avg Draft (Calculated),-368.48054022087155,6.42,2024-04-25 01:30:00,NN,4387.053624947168
167,Avg Draft (Calculated),-325.73726378312574,9.945,2024-12-09 21:15:00,NN,4387.053624947168
168,Avg Draft (Calculated),54.89730140277888,11.47,2024-03-27 10:00:00,NN,4387.053624947168
169,Avg Draft (Calculated),67.37588272934194,11.615,2024-02-25 16:15:00,NN,4387.053624947168
170,Avg Draft (Calculated),-487.474977159498,6.42,2024-04-25 04:00:00,NN,4387.053624947168
171,Avg Draft (Calculated),-243.39076693553662,9.81,2024-12-28 21:15:00,NN,4387.053624947168
172,Avg Draft (Calculated),84.04681833400123,11.615,2024-02-26 19:00:00,NN,4387.053624947168
173,Avg Draft (Calculated),492.31516610113493,14.2,2024-08-27 13:00:00,NN,4387.053624947168
174,Avg Draft (Calculated),-455.92157608909093,6.42,2024-04-23 21:45:00,NN,4387.053624947168
175,Avg Draft (Calculated),74.12505051568968,11.615,2024-02-17 16:15:00,NN,4387.053624947168
176,Avg Draft (Calculated),746.4798599576641,14.2,2024-08-19 20:15:00,NN,4387.053624947168
177,Avg Draft (Calculated),608.2909316094753,14.25,2024-08-08 07:45:00,NN,4387.053624947168
178,Avg Draft (Calculated),34.13209403006906,11.47,2024-03-22 20:15:00,NN,4387.053624947168
179,Avg Draft (Calculated),526.3581976604298,14.2,2024-08-25 11:45:00,NN,4387.053624947168
180,Avg Draft (Calculated),-356.8831752523279,6.1,2024-10-31 09:00:00,NN,4387.053624947168
181,Avg Draft (Calculated),-318.5871151019521,9.945,2024-12-16 02:15:00,NN,4387.053624947168
182,Avg Draft (Calculated),-317.59089660442044,6.75,2024-07-18 00:00:00,NN,4387.053624947168
183,Avg Draft (Calculated),752.7031035538697,14.2,2024-08-17 22:30:00,NN,4387.053624947168
184,Avg Draft (Calculated),46.07750484469511,11.84,2024-02-14 13:45:00,NN,4387.053624947168
185,Avg Draft (Calculated),-33.3438082188047,10.43,2024-06-08 10:30:00,NN,4387.053624947168
186,Avg Draft (Calculated),715.5401405890418,14.2,2024-08-14 20:30:00,NN,4387.053624947168
187,Avg Draft (Calculated),69.58639650067651,11.615,2024-02-28 03:15:00,NN,4387.053624947168
188,Avg Draft (Calculated),-314.92684498688556,6.1,2024-10-16 23:30:00,NN,4387.053624947168
189,Avg Draft (Calculated),-722.8886834781114,6.42,2024-05-06 03:00:00,NN,4387.053624947168
190,Avg Draft (Calculated),765.2719362793358,14.2,2024-08-18 20:15:00,NN,4387.053624947168
191,Avg Draft (Calculated),-319.4998111655743,6.1,2024-11-02 00:45:00,NN,4387.053624947168
192,Avg Draft (Calculated),-255.3415114501204,9.945,2024-12-23 18:30:00,NN,4387.053624947168
193,Avg Draft (Calculated),121.52812365258428,11.615,2024-02-20 05:30:00,NN,4387.053624947168
194,Avg Draft (Calculated),-32.8575645250387,10.43,2024-06-01 18:45:00,NN,4387.053624947168
195,Avg Draft (Calculated),36.5268591468922,11.47,2024-03-23 23:15:00,NN,4387.053624947168
196,Avg Draft (Calculated),-351.5783031523206,6.1,2024-10-31 11:15:00,NN,4387.053624947168
197,Avg Draft (Calculated),78.47175394901117,11.615,2024-03-10 10:15:00,NN,4387.053624947168
198,Avg Draft (Calculated),71.05682043348347,11.615,2024-02-27 18:30:00,NN,4387.053624947168
199,Avg Draft (Calculated),-347.5316316772113,9.945,2024-12-14 09:30:00,NN,4387.053624947168
0,SOG - STW (calculated),-43.677981199379914,-0.7735992063492034,2024-12-22 11:30:00,NN,4387.053624947168
1,SOG - STW (calculated),31.508584422000695,-0.2038983050847456,2024-03-09 10:00:00,NN,4387.053624947168
2,SOG - STW (calculated),22.757377743342598,0.0055463435374161,2024-04-12 18:15:00,NN,4387.053624947168
3,SOG - STW (calculated),-31.97379830166272,-0.6123869047619053,2024-08-05 02:15:00,NN,4387.053624947168
4,SOG - STW (calculated),-136.8489258543503,-1.4780423280423278,2024-08-24 05:00:00,NN,4387.053624947168
5,SOG - STW (calculated),16.782818136760213,-0.3365893901420236,2024-04-28 22:15:00,NN,4387.053624947168
6,SOG - STW (calculated),48.20148792194969,-0.0881981187536737,2024-04-29 15:00:00,NN,4387.053624947168
7,SOG - STW (calculated),-132.66591843497721,-1.6937222222222204,2024-08-24 07:30:00,NN,4387.053624947168
8,SOG - STW (calculated),-25.784984818946896,-0.4589487489911228,2024-12-20 13:45:00,NN,4387.053624947168
9,SOG - STW (calculated),-4.144973352121269,-0.1999999999999993,2024-12-24 11:45:00,NN,4387.053624947168
10,SOG - STW (calculated),-77.37090065898738,-0.7763630952380964,2024-09-14 02:00:00,NN,4387.053624947168
11,SOG - STW (calculated),-82.00295505817078,-1.0923333333333325,2024-02-10 19:00:00,NN,4387.053624947168
12,SOG - STW (calculated),-184.5136871256487,-1.3524940476190466,2024-09-12 02:45:00,NN,4387.053624947168
13,SOG - STW (calculated),59.121570044811094,-0.0893542568542535,2024-05-05 15:30:00,NN,4387.053624947168
14,SOG - STW (calculated),-96.62715099093508,-1.3780813492063526,2024-09-15 02:15:00,NN,4387.053624947168
15,SOG - STW (calculated),106.99107376051576,0.2627567340067323,2024-04-02 01:45:00,NN,4387.053624947168
16,SOG - STW (calculated),-14.590352121944761,-0.3330833333333345,2024-12-27 03:45:00,NN,4387.053624947168
17,SOG - STW (calculated),-18.03831403121537,-0.5369249512670589,2024-03-12 02:45:00,NN,4387.053624947168
18,SOG - STW (calculated),-28.495916072756458,-0.5943227386648449,2024-03-17 07:45:00,NN,4387.053624947168
19,SOG - STW (calculated),64.0231008971315,0.2716785714285716,2024-12-14 15:15:00,NN,4387.053624947168
20,SOG - STW (calculated),-44.05089714259536,-0.6791933653032771,2024-10-26 01:45:00,NN,4387.053624947168
21,SOG - STW (calculated),108.09650806079749,0.2840515873015832,2024-04-01 22:00:00,NN,4387.053624947168
22,SOG - STW (calculated),-2.0113120426901574,-0.521064030131825,2024-05-11 08:45:00,NN,4387.053624947168
23,SOG - STW (calculated),19.708964295740884,-0.2498624794745492,2024-04-30 21:45:00,NN,4387.053624947168
24,SOG - STW (calculated),46.35982651981107,-0.2153161375661358,2024-08-02 07:15:00,NN,4387.053624947168
25,SOG - STW (calculated),-31.70244394202889,-0.6087889983579657,2024-02-28 08:00:00,NN,4387.053624947168
26,SOG - STW (calculated),67.18884259007714,0.041499582289056,2024-03-03 03:45:00,NN,4387.053624947168
27,SOG - STW (calculated),7.116864618726595,-0.2773690476190502,2024-11-11 13:30:00,NN,4387.053624947168
28,SOG - STW (calculated),-33.023922382407335,-0.6109765940274414,2024-02-28 17:45:00,NN,4387.053624947168
29,SOG - STW (calculated),-82.35884710617971,-1.5961824051654556,2024-02-17 22:00:00,NN,4387.053624947168
30,SOG - STW (calculated),-31.18759799199894,-0.8782638888888883,2024-11-20 07:00:00,NN,4387.053624947168
31,SOG - STW (calculated),-36.83335608673292,-0.6525992063492083,2024-02-25 02:30:00,NN,4387.053624947168
32,SOG - STW (calculated),34.68832025896895,-0.1862187247780493,2024-03-10 23:15:00,NN,4387.053624947168
33,SOG - STW (calculated),38.35476142315178,-0.067976190476191,2024-03-20 15:30:00,NN,4387.053624947168
34,SOG - STW (calculated),85.60962960907514,-0.0186944444444439,2024-08-17 00:15:00,NN,4387.053624947168
35,SOG - STW (calculated),-88.0198602418664,-1.1505046296296282,2024-06-05 05:15:00,NN,4387.053624947168
36,SOG - STW (calculated),33.809487561554604,-0.1732665343915354,2024-07-20 01:30:00,NN,4387.053624947168
37,SOG - STW (calculated),-20.034593980633872,-0.5767361111111118,2024-11-11 15:15:00,NN,4387.053624947168
38,SOG - STW (calculated),-45.96843367566794,-0.704038662486937,2024-02-14 05:30:00,NN,4387.053624947168
39,SOG - STW (calculated),-73.06609081547258,-0.9522083333333332,2024-02-16 01:00:00,NN,4387.053624947168
40,SOG - STW (calculated),-193.59157145604536,-1.4573708635996798,2024-09-12 03:30:00,NN,4387.053624947168
41,SOG - STW (calculated),122.79716438548682,0.2968257575757569,2024-05-02 05:30:00,NN,4387.053624947168
42,SOG - STW (calculated),-38.635514914847775,-2.2112006261158808,2024-09-15 14:15:00,NN,4387.053624947168
43,SOG - STW (calculated),-60.60253217950129,-0.6628756613756615,2024-08-22 00:30:00,NN,4387.053624947168
44,SOG - STW (calculated),-80.78291556728497,-1.594925925925926,2024-07-25 09:45:00,NN,4387.053624947168
45,SOG - STW (calculated),-30.194780341157458,-0.6116071428571423,2024-12-28 23:30:00,NN,4387.053624947168
46,SOG - STW (calculated),-69.36603086458719,-1.9675694444444431,2024-09-15 19:00:00,NN,4387.053624947168
47,SOG - STW (calculated),39.520973732279344,-0.0397454844006581,2024-04-10 16:45:00,NN,4387.053624947168
48,SOG - STW (calculated),61.76179956524548,0.1039285714285718,2024-10-20 09:15:00,NN,4387.053624947168
49,SOG - STW (calculated),-74.5538222922472,-1.3631712962962954,2024-07-24 18:30:00,NN,4387.053624947168
50,SOG - STW (calculated),71.05250945674503,-0.0029885057471261,2024-02-23 12:30:00,NN,4387.053624947168
51,SOG - STW (calculated),-22.43433231429799,-0.6275894538606401,2024-11-03 22:00:00,NN,4387.053624947168
52,SOG - STW (calculated),-17.991386481581305,-0.5103457700491596,2024-02-28 14:30:00,NN,4387.053624947168
53,SOG - STW (calculated),-42.13546827311368,-0.9017950693374424,2024-11-09 07:30:00,NN,4387.053624947168
54,SOG - STW (calculated),-205.19677187084326,-1.678883597883596,2024-08-23 03:15:00,NN,4387.053624947168
55,SOG - STW (calculated),4.480133025699843,-0.4596327683615815,2024-02-29 22:45:00,NN,4387.053624947168
56,SOG - STW (calculated),37.386859963077995,0.0080992063492075,2024-12-16 01:30:00,NN,4387.053624947168
57,SOG - STW (calculated),-169.4120699229635,-1.4165410052910037,2024-09-18 22:45:00,NN,4387.053624947168
58,SOG - STW (calculated),5.262417213337358,-0.41512740183793,2024-04-24 16:30:00,NN,4387.053624947168
59,SOG - STW (calculated),-23.097587713380562,-0.5562500000000021,2024-02-24 23:15:00,NN,4387.053624947168
60,SOG - STW (calculated),-98.30998677985258,-1.5809404761904755,2024-09-14 11:00:00,NN,4387.053624947168
61,SOG - STW (calculated),237.5087166832715,1.275059187516817,2024-04-27 12:45:00,NN,4387.053624947168
62,SOG - STW (calculated),37.933326672016506,-0.2037762345679006,2024-07-16 23:30:00,NN,4387.053624947168
63,SOG - STW (calculated),161.50045339084807,0.5096369047619032,2024-07-18 08:00:00,NN,4387.053624947168
64,SOG - STW (calculated),84.88248885031881,0.3038505747126425,2024-04-03 06:15:00,NN,4387.053624947168
65,SOG - STW (calculated),-134.11830872434527,-1.283815476190476,2024-08-04 14:45:00,NN,4387.053624947168
66,SOG - STW (calculated),-44.23253019950691,-0.7383682266009846,2024-03-17 21:45:00,NN,4387.053624947168
67,SOG - STW (calculated),-191.14976216215186,-1.4495600048100066,2024-08-08 08:30:00,NN,4387.053624947168
68,SOG - STW (calculated),69.72980569858441,0.4166388888888885,2024-12-25 00:15:00,NN,4387.053624947168
69,SOG - STW (calculated),5.734583127725045,-0.1016587301587303,2024-12-17 16:45:00,NN,4387.053624947168
70,SOG - STW (calculated),-205.9149117942073,-1.5309398148148148,2024-08-22 22:45:00,NN,4387.053624947168
71,SOG - STW (calculated),-51.60188903971897,-0.8115681444991782,2024-03-17 20:15:00,NN,4387.053624947168
72,SOG - STW (calculated),-66.56426530489306,-0.948390804597704,2024-02-17 09:15:00,NN,4387.053624947168
73,SOG - STW (calculated),7.384667286142076,-0.4211863711001644,2024-03-01 06:00:00,NN,4387.053624947168
74,SOG - STW (calculated),-26.81402837963524,-0.5134067460317464,2024-08-15 18:00:00,NN,4387.053624947168
75,SOG - STW (calculated),314.980820671053,1.039041666666666,2024-07-17 19:00:00,NN,4387.053624947168
76,SOG - STW (calculated),-60.313141391108964,-0.958118326118324,2024-04-02 12:15:00,NN,4387.053624947168
77,SOG - STW (calculated),119.81810909834492,0.1335092592592559,2024-08-06 22:30:00,NN,4387.053624947168
78,SOG - STW (calculated),-33.566799421022324,-0.8915277777777781,2024-12-17 15:00:00,NN,4387.053624947168
79,SOG - STW (calculated),64.54828998214045,0.0488229755178899,2024-02-20 16:15:00,NN,4387.053624947168
80,SOG - STW (calculated),-65.44647237262672,-0.6772142857142853,2024-09-19 23:30:00,NN,4387.053624947168
81,SOG - STW (calculated),24.86863212223377,-0.1574047619047611,2024-11-11 06:00:00,NN,4387.053624947168
82,SOG - STW (calculated),-113.22652777765848,-0.955333333333332,2024-08-19 12:30:00,NN,4387.053624947168
83,SOG - STW (calculated),-80.94536271174138,-1.9567367724867677,2024-09-17 09:00:00,NN,4387.053624947168
84,SOG - STW (calculated),-49.48378932450434,-1.030536050578423,2024-11-13 04:45:00,NN,4387.053624947168
85,SOG - STW (calculated),-3.7080221308087857,-0.4853472222222237,2024-05-11 13:15:00,NN,4387.053624947168
86,SOG - STW (calculated),40.16895266186657,0.1223948412698412,2024-04-15 05:00:00,NN,4387.053624947168
87,SOG - STW (calculated),-104.18318294494061,-1.583440476190475,2024-09-14 10:00:00,NN,4387.053624947168
88,SOG - STW (calculated),5.58533685460543,-0.343197089947088,2024-05-08 14:30:00,NN,4387.053624947168
89,SOG - STW (calculated),-13.926418194763103,-0.2888293650793674,2024-12-26 19:15:00,NN,4387.053624947168
90,SOG - STW (calculated),-15.833815370776554,-0.4952871939736329,2024-02-28 15:45:00,NN,4387.053624947168
91,SOG - STW (calculated),-62.30531369717147,-0.893144179894179,2024-07-20 22:15:00,NN,4387.053624947168
92,SOG - STW (calculated),-56.96470132715058,-0.8268563357546395,2024-03-15 00:15:00,NN,4387.053624947168
93,SOG - STW (calculated),87.20936272613062,0.3247674742411544,2024-04-26 14:00:00,NN,4387.053624947168
94,SOG - STW (calculated),-95.11220340213953,-0.8489133597883605,2024-08-20 10:00:00,NN,4387.053624947168
95,SOG - STW (calculated),-82.78443230076748,-1.7838396067209636,2024-09-14 14:30:00,NN,4387.053624947168
96,SOG - STW (calculated),-46.177192337183975,-0.7739796267762369,2024-11-30 23:30:00,NN,4387.053624947168
97,SOG - STW (calculated),40.297782234735266,-0.0816748768472894,2024-04-28 19:00:00,NN,4387.053624947168
98,SOG - STW (calculated),47.49141890105256,-0.142111992945324,2024-05-05 15:45:00,NN,4387.053624947168
99,SOG - STW (calculated),4.720523045151737,-0.4008234126984096,2024-07-16 12:00:00,NN,4387.053624947168
100,SOG - STW (calculated),-56.46319213645737,-0.84780753968254,2024-07-23 00:30:00,NN,4387.053624947168
101,SOG - STW (calculated),9.006343357636752,-0.1125260473989282,2024-12-22 13:15:00,NN,4387.053624947168
102,SOG - STW (calculated),-48.21904660246069,-0.795552072448622,2024-03-26 15:00:00,NN,4387.053624947168
103,SOG - STW (calculated),148.36563885216898,0.117592592592592,2024-08-08 16:15:00,NN,4387.053624947168
104,SOG - STW (calculated),-203.81033706019392,-1.718592592592595,2024-08-14 09:30:00,NN,4387.053624947168
105,SOG - STW (calculated),-3.5680991553513195,-0.423757936507938,2024-02-26 12:00:00,NN,4387.053624947168
106,SOG - STW (calculated),19.467807811169635,-0.2608737753474592,2024-02-28 09:30:00,NN,4387.053624947168
107,SOG - STW (calculated),64.47497776471226,-0.0079166666666665,2024-02-09 05:45:00,NN,4387.053624947168
108,SOG - STW (calculated),117.76172662632489,0.0605416666666638,2024-08-04 02:30:00,NN,4387.053624947168
109,SOG - STW (calculated),-23.62835218274904,-0.59312697189816,2024-07-20 09:00:00,NN,4387.053624947168
110,SOG - STW (calculated),-33.685627912889835,-0.7466959064327483,2024-03-01 09:30:00,NN,4387.053624947168
111,SOG - STW (calculated),-110.33021643907958,-0.9103148148148144,2024-09-19 01:00:00,NN,4387.053624947168
112,SOG - STW (calculated),52.62586096740367,-0.2297837301587293,2024-08-04 01:45:00,NN,4387.053624947168
113,SOG - STW (calculated),-28.688090287563,-0.5166825396825399,2024-12-22 01:45:00,NN,4387.053624947168
114,SOG - STW (calculated),-48.20878716418023,-0.7235351089588367,2024-02-13 18:00:00,NN,4387.053624947168
115,SOG - STW (calculated),-97.47288957593486,-0.84006613756614,2024-08-17 03:45:00,NN,4387.053624947168
116,SOG - STW (calculated),-61.44201082604036,-1.146958333333333,2024-12-01 21:30:00,NN,4387.053624947168
117,SOG - STW (calculated),47.01102508722197,-0.0792091836734698,2024-03-27 03:00:00,NN,4387.053624947168
118,SOG - STW (calculated),60.539525874504534,0.0948115079365106,2024-10-23 08:00:00,NN,4387.053624947168
119,SOG - STW (calculated),-11.725965637527096,-2.4745682001614195,2024-02-17 12:45:00,NN,4387.053624947168
120,SOG - STW (calculated),-155.38585325138237,-1.3514669312169332,2024-09-19 03:30:00,NN,4387.053624947168
121,SOG - STW (calculated),55.09718584661797,-0.0642939244663374,2024-02-23 13:30:00,NN,4387.053624947168
122,SOG - STW (calculated),118.6410040663612,0.4037826203927892,2024-04-28 09:30:00,NN,4387.053624947168
123,SOG - STW (calculated),54.47204392028743,-0.0133807506053287,2024-04-28 04:30:00,NN,4387.053624947168
124,SOG - STW (calculated),158.6737996295374,0.8375753968253932,2024-04-26 23:15:00,NN,4387.053624947168
125,SOG - STW (calculated),-169.76412849397698,-1.4350555555555555,2024-09-18 01:00:00,NN,4387.053624947168
126,SOG - STW (calculated),80.4611986722814,-0.0423893065998353,2024-08-14 04:30:00,NN,4387.053624947168
127,SOG - STW (calculated),131.17475207782368,0.5237097576752774,2024-11-13 15:00:00,NN,4387.053624947168
128,SOG - STW (calculated),9.670880382495671,-0.3929926108374388,2024-05-06 15:00:00,NN,4387.053624947168
129,SOG - STW (calculated),52.48940652563686,-0.0039487607908661,2024-04-28 11:45:00,NN,4387.053624947168
130,SOG - STW (calculated),0.06208172823653513,-0.3677764550264566,2024-11-06 06:45:00,NN,4387.053624947168
131,SOG - STW (calculated),-159.7625998104037,-1.297744708994708,2024-08-21 08:30:00,NN,4387.053624947168
132,SOG - STW (calculated),3.7731230408039664,-0.2617133196370478,2024-04-11 21:30:00,NN,4387.053624947168
133,SOG - STW (calculated),7.801906257167957,-0.2848749999999977,2024-11-11 10:30:00,NN,4387.053624947168
134,SOG - STW (calculated),-33.54608195566191,-0.5536466165413518,2024-12-15 14:45:00,NN,4387.053624947168
135,SOG - STW (calculated),105.54515351563899,0.3355277777777754,2024-04-03 04:45:00,NN,4387.053624947168
136,SOG - STW (calculated),-75.32873743748847,-1.0175718390804604,2024-10-26 06:15:00,NN,4387.053624947168
137,SOG - STW (calculated),211.929868842256,0.7456362658057607,2024-04-25 14:30:00,NN,4387.053624947168
138,SOG - STW (calculated),89.17187881343641,0.3719900793650783,2024-10-18 10:45:00,NN,4387.053624947168
139,SOG - STW (calculated),55.868796790439,-0.0294252873563216,2024-06-02 01:30:00,NN,4387.053624947168
140,SOG - STW (calculated),-186.8096382532015,-1.4410102513227514,2024-08-22 23:30:00,NN,4387.053624947168
141,SOG - STW (calculated),55.363336224150416,0.2136944444444442,2024-12-22 13:45:00,NN,4387.053624947168
142,SOG - STW (calculated),-207.4806788865309,-1.6175773809523832,2024-08-22 17:45:00,NN,4387.053624947168
143,SOG - STW (calculated),20.485308260293092,-0.3055952380952398,2024-03-22 19:00:00,NN,4387.053624947168
144,SOG - STW (calculated),-52.63717277587597,-0.783164514393329,2024-08-02 04:45:00,NN,4387.053624947168
145,SOG - STW (calculated),56.59309735437305,-0.0216374269005861,2024-03-27 03:15:00,NN,4387.053624947168
146,SOG - STW (calculated),74.61240233710791,0.0879563492063457,2024-03-02 08:15:00,NN,4387.053624947168
147,SOG - STW (calculated),-6.532687635437469,-0.4299934291898601,2024-02-29 02:45:00,NN,4387.053624947168
148,SOG - STW (calculated),-5.183018536432655,-0.4641607142857147,2024-08-15 06:30:00,NN,4387.053624947168
149,SOG - STW (calculated),7.6051088318824895,-0.317104519774011,2024-03-16 22:00:00,NN,4387.053624947168
150,SOG - STW (calculated),-15.238693843975343,-0.4638115079365086,2024-08-15 18:15:00,NN,4387.053624947168
151,SOG - STW (calculated),14.753799127956427,-0.368634085213035,2024-05-11 03:00:00,NN,4387.053624947168
152,SOG - STW (calculated),-173.03481774123821,-1.2130396825396836,2024-08-22 13:15:00,NN,4387.053624947168
153,SOG - STW (calculated),14.759745807310821,-0.2361435185185172,2024-11-05 19:30:00,NN,4387.053624947168
154,SOG - STW (calculated),-101.0111903771631,-1.88811541565779,2024-06-10 03:00:00,NN,4387.053624947168
155,SOG - STW (calculated),50.958427704478254,0.486730442176869,2024-04-14 12:00:00,NN,4387.053624947168
156,SOG - STW (calculated),-1.1141420458154698,-0.4408703703703676,2024-07-17 00:30:00,NN,4387.053624947168
157,SOG - STW (calculated),-123.41319395905462,-1.012640873015874,2024-08-20 05:45:00,NN,4387.053624947168
158,SOG - STW (calculated),5.1205876905905825,-0.2492733990147773,2024-11-19 00:00:00,NN,4387.053624947168
159,SOG - STW (calculated),-59.977140592485966,-1.1487539682539678,2024-12-01 21:00:00,NN,4387.053624947168
160,SOG - STW (calculated),-78.65062062169774,-1.9164399092970523,2024-04-02 14:30:00,NN,4387.053624947168
161,SOG - STW (calculated),58.884369806784406,-0.1924930555555573,2024-08-10 14:15:00,NN,4387.053624947168
162,SOG - STW (calculated),-73.27384072874999,-0.9757894736842108,2024-03-24 01:15:00,NN,4387.053624947168
163,SOG - STW (calculated),113.97673390197244,0.4015823412698402,2024-11-12 20:15:00,NN,4387.053624947168
164,SOG - STW (calculated),-60.286606452660365,-0.8113505515200448,2024-06-07 14:00:00,NN,4387.053624947168
165,SOG - STW (calculated),233.87604269439683,0.6871879203658882,2024-05-10 12:45:00,NN,4387.053624947168
166,SOG - STW (calculated),114.5492386383612,0.2001518883415443,2024-04-25 01:30:00,NN,4387.053624947168
167,SOG - STW (calculated),-19.259333161449554,-0.4027777777777803,2024-12-09 21:15:00,NN,4387.053624947168
168,SOG - STW (calculated),-17.329743330036308,-0.51704022988506,2024-03-27 10:00:00,NN,4387.053624947168
169,SOG - STW (calculated),-21.254631140848232,-0.5459131944444451,2024-02-25 16:15:00,NN,4387.053624947168
170,SOG - STW (calculated),492.6271596286248,1.61420498084291,2024-04-25 04:00:00,NN,4387.053624947168
171,SOG - STW (calculated),-26.745653649593848,-0.6067982456140335,2024-12-28 21:15:00,NN,4387.053624947168
172,SOG - STW (calculated),-5.3686032521675,-0.4327257799671606,2024-02-26 19:00:00,NN,4387.053624947168
173,SOG - STW (calculated),-126.62874975408383,-1.280960978835978,2024-08-27 13:00:00,NN,4387.053624947168
174,SOG - STW (calculated),106.21714241000996,0.4435421711057294,2024-04-23 21:45:00,NN,4387.053624947168
175,SOG - STW (calculated),-30.585839714071835,-2.2453899835796403,2024-02-17 16:15:00,NN,4387.053624947168
176,SOG - STW (calculated),-98.23759701352114,-0.864686507936506,2024-08-19 20:15:00,NN,4387.053624947168
177,SOG - STW (calculated),-164.4909600139971,-1.2271752645502634,2024-08-08 07:45:00,NN,4387.053624947168
178,SOG - STW (calculated),23.180089468893357,-0.2892376775271508,2024-03-22 20:15:00,NN,4387.053624947168
179,SOG - STW (calculated),19.944688097632024,-0.1985535714285724,2024-08-25 11:45:00,NN,4387.053624947168
180,SOG - STW (calculated),68.85151277565728,0.1863670634920637,2024-10-31 09:00:00,NN,4387.053624947168
181,SOG - STW (calculated),-0.5540164290578105,-0.2435648148148175,2024-12-16 02:15:00,NN,4387.053624947168
182,SOG - STW (calculated),120.58483660760763,0.292361111111111,2024-07-18 00:00:00,NN,4387.053624947168
183,SOG - STW (calculated),-102.94294059746046,-1.4118349753694588,2024-08-17 22:30:00,NN,4387.053624947168
184,SOG - STW (calculated),-88.63395599994357,-1.1000909090909072,2024-02-14 13:45:00,NN,4387.053624947168
185,SOG - STW (calculated),14.002625720251986,-0.2567009685230044,2024-06-08 10:30:00,NN,4387.053624947168
186,SOG - STW (calculated),-180.3617670699966,-1.618615819209035,2024-08-14 20:30:00,NN,4387.053624947168
187,SOG - STW (calculated),-56.46664311404466,-0.7960461309523836,2024-02-28 03:15:00,NN,4387.053624947168
188,SOG - STW (calculated),-56.44240992232346,-1.1968472222222228,2024-10-16 23:30:00,NN,4387.053624947168
189,SOG - STW (calculated),8.775147154694071,-0.4522291840712871,2024-05-06 03:00:00,NN,4387.053624947168
190,SOG - STW (calculated),-103.6322186592804,-1.3985403439153448,2024-08-18 20:15:00,NN,4387.053624947168
191,SOG - STW (calculated),55.417371696345704,0.0288796296296283,2024-11-02 00:45:00,NN,4387.053624947168
192,SOG - STW (calculated),-33.52799270934797,-0.95511111111111,2024-12-23 18:30:00,NN,4387.053624947168
193,SOG - STW (calculated),33.422780650833914,0.0682438672438685,2024-02-20 05:30:00,NN,4387.053624947168
194,SOG - STW (calculated),70.29109981237204,0.0353425229741013,2024-06-01 18:45:00,NN,4387.053624947168
195,SOG - STW (calculated),-82.8713820657829,-1.1050000000000004,2024-03-23 23:15:00,NN,4387.053624947168
196,SOG - STW (calculated),88.12627255262805,0.3310859788359757,2024-10-31 11:15:00,NN,4387.053624947168
197,SOG - STW (calculated),34.65898499189466,-0.1718644067796599,2024-03-10 10:15:00,NN,4387.053624947168
198,SOG - STW (calculated),-53.53656861010701,-0.800930735930736,2024-02-27 18:30:00,NN,4387.053624947168
199,SOG - STW (calculated),-23.963942842078268,-0.4224887566137614,2024-12-14 09:30:00,NN,4387.053624947168
0,cumulative_fouling_penalty_index (calculated),1208.3577704863503,7567.553369004634,2024-12-22 11:30:00,NN,4387.053624947168
1,cumulative_fouling_penalty_index (calculated),-600.2093781077502,1097.801644858641,2024-03-09 10:00:00,NN,4387.053624947168
2,cumulative_fouling_penalty_index (calculated),-238.99357186334817,1995.1648251342367,2024-04-12 18:15:00,NN,4387.053624947168
3,cumulative_fouling_penalty_index (calculated),-451.248281120805,1509.142717541013,2024-08-05 02:15:00,NN,4387.053624947168
4,cumulative_fouling_penalty_index (calculated),-79.77128174094007,2731.0455105956003,2024-08-24 05:00:00,NN,4387.053624947168
5,cumulative_fouling_penalty_index (calculated),-25.62231419384034,2501.676275441629,2024-04-28 22:15:00,NN,4387.053624947168
6,cumulative_fouling_penalty_index (calculated),-27.156029798404234,2517.232215366977,2024-04-29 15:00:00,NN,4387.053624947168
7,cumulative_fouling_penalty_index (calculated),-78.45056253622681,2733.720888199718,2024-08-24 07:30:00,NN,4387.053624947168
8,cumulative_fouling_penalty_index (calculated),1266.2767393468969,7531.368710499868,2024-12-20 13:45:00,NN,4387.053624947168
9,cumulative_fouling_penalty_index (calculated),1400.6963808149703,7592.989430514912,2024-12-24 11:45:00,NN,4387.053624947168
10,cumulative_fouling_penalty_index (calculated),176.4654452814236,3314.6874026448627,2024-09-14 02:00:00,NN,4387.053624947168
11,cumulative_fouling_penalty_index (calculated),-933.8621257158953,501.0905765520628,2024-02-10 19:00:00,NN,4387.053624947168
12,cumulative_fouling_penalty_index (calculated),88.15431289194397,3279.268068826471,2024-09-12 02:45:00,NN,4387.053624947168
13,cumulative_fouling_penalty_index (calculated),19.05191735122088,2756.1308781398952,2024-05-05 15:30:00,NN,4387.053624947168
14,cumulative_fouling_penalty_index (calculated),199.4551934326328,3334.130601154451,2024-09-15 02:15:00,NN,4387.053624947168
15,cumulative_fouling_penalty_index (calculated),-299.26587971896805,1660.2222551757163,2024-04-02 01:45:00,NN,4387.053624947168
16,cumulative_fouling_penalty_index (calculated),1356.6924913849723,7597.752075307371,2024-12-27 03:45:00,NN,4387.053624947168
17,cumulative_fouling_penalty_index (calculated),-600.0292936337751,1143.0662576920856,2024-03-12 02:45:00,NN,4387.053624947168
18,cumulative_fouling_penalty_index (calculated),-630.7849421647164,1225.5795475721852,2024-03-17 07:45:00,NN,4387.053624947168
19,cumulative_fouling_penalty_index (calculated),1438.5265224931,7397.596970294197,2024-12-14 15:15:00,NN,4387.053624947168
20,cumulative_fouling_penalty_index (calculated),227.3673538475263,4026.460020676516,2024-10-26 01:45:00,NN,4387.053624947168
21,cumulative_fouling_penalty_index (calculated),-299.9289890403164,1655.1418603362808,2024-04-01 22:00:00,NN,4387.053624947168
22,cumulative_fouling_penalty_index (calculated),26.95555108039384,2892.8311160290336,2024-05-11 08:45:00,NN,4387.053624947168
23,cumulative_fouling_penalty_index (calculated),-92.3105428397058,2550.214154331404,2024-04-30 21:45:00,NN,4387.053624947168
24,cumulative_fouling_penalty_index (calculated),-435.3218920386394,1440.1209792153172,2024-08-02 07:15:00,NN,4387.053624947168
25,cumulative_fouling_penalty_index (calculated),-725.7368370176818,915.4571290198388,2024-02-28 08:00:00,NN,4387.053624947168
26,cumulative_fouling_penalty_index (calculated),-711.801094668177,987.1273056082964,2024-03-03 03:45:00,NN,4387.053624947168
27,cumulative_fouling_penalty_index (calculated),313.3368572397627,4449.31629380596,2024-11-11 13:30:00,NN,4387.053624947168
28,cumulative_fouling_penalty_index (calculated),-700.5056985468156,922.6401427656788,2024-02-28 17:45:00,NN,4387.053624947168
29,cumulative_fouling_penalty_index (calculated),-851.2644271797136,670.4500765694837,2024-02-17 22:00:00,NN,4387.053624947168
30,cumulative_fouling_penalty_index (calculated),571.6963343641343,5333.52634085735,2024-11-20 07:00:00,NN,4387.053624947168
31,cumulative_fouling_penalty_index (calculated),-758.566773252399,851.5242963006214,2024-02-25 02:30:00,NN,4387.053624947168
32,cumulative_fouling_penalty_index (calculated),-656.4038572727391,1124.4401596640828,2024-03-10 23:15:00,NN,4387.053624947168
33,cumulative_fouling_penalty_index (calculated),-578.428886909222,1297.6603780828257,2024-03-20 15:30:00,NN,4387.053624947168
34,cumulative_fouling_penalty_index (calculated),-214.85557187297206,2319.0388431814977,2024-08-17 00:15:00,NN,4387.053624947168
35,cumulative_fouling_penalty_index (calculated),594.207433199893,4426.646671380408,2024-06-05 05:15:00,NN,4387.053624947168
36,cumulative_fouling_penalty_index (calculated),-486.40952712685663,329.47050665415645,2024-07-20 01:30:00,NN,4387.053624947168
37,cumulative_fouling_penalty_index (calculated),311.839085222196,4450.250045304347,2024-11-11 15:15:00,NN,4387.053624947168
38,cumulative_fouling_penalty_index (calculated),-881.5942727581656,585.460111052185,2024-02-14 05:30:00,NN,4387.053624947168
39,cumulative_fouling_penalty_index (calculated),-859.8833696954616,627.7475342256223,2024-02-16 01:00:00,NN,4387.053624947168
40,cumulative_fouling_penalty_index (calculated),94.03215373024932,3279.7481613612285,2024-09-12 03:30:00,NN,4387.053624947168
41,cumulative_fouling_penalty_index (calculated),-16.36459965282694,2588.317025463377,2024-05-02 05:30:00,NN,4387.053624947168
42,cumulative_fouling_penalty_index (calculated),192.64201382197407,3344.485447954899,2024-09-15 14:15:00,NN,4387.053624947168
43,cumulative_fouling_penalty_index (calculated),-119.76146522981578,2676.746692837274,2024-08-22 00:30:00,NN,4387.053624947168
44,cumulative_fouling_penalty_index (calculated),-514.2995863646439,623.7336949289537,2024-07-25 09:45:00,NN,4387.053624947168
45,cumulative_fouling_penalty_index (calculated),1409.1693179414992,7597.759471088608,2024-12-28 23:30:00,NN,4387.053624947168
46,cumulative_fouling_penalty_index (calculated),204.26669561586667,3348.5764077456665,2024-09-15 19:00:00,NN,4387.053624947168
47,cumulative_fouling_penalty_index (calculated),-281.4512123497748,1926.026112493296,2024-04-10 16:45:00,NN,4387.053624947168
48,cumulative_fouling_penalty_index (calculated),199.26071240424793,3887.109920624802,2024-10-20 09:15:00,NN,4387.053624947168
49,cumulative_fouling_penalty_index (calculated),-532.8865394036068,608.7121934929069,2024-07-24 18:30:00,NN,4387.053624947168
50,cumulative_fouling_penalty_index (calculated),-758.0671510495412,804.7475579315374,2024-02-23 12:30:00,NN,4387.053624947168
51,cumulative_fouling_penalty_index (calculated),223.33471417340218,4324.890694337119,2024-11-03 22:00:00,NN,4387.053624947168
52,cumulative_fouling_penalty_index (calculated),-712.8508859659383,920.2354771035168,2024-02-28 14:30:00,NN,4387.053624947168
53,cumulative_fouling_penalty_index (calculated),310.50478327005425,4395.968903692503,2024-11-09 07:30:00,NN,4387.053624947168
54,cumulative_fouling_penalty_index (calculated),-116.54880685650222,2703.645697619014,2024-08-23 03:15:00,NN,4387.053624947168
55,cumulative_fouling_penalty_index (calculated),-619.3902051171299,946.821562860252,2024-02-29 22:45:00,NN,4387.053624947168
56,cumulative_fouling_penalty_index (calculated),1422.85299865666,7432.812490978426,2024-12-16 01:30:00,NN,4387.053624947168
57,cumulative_fouling_penalty_index (calculated),144.59668880019743,3428.070361186562,2024-09-18 22:45:00,NN,4387.053624947168
58,cumulative_fouling_penalty_index (calculated),-128.66999026346383,2445.3957903919645,2024-04-24 16:30:00,NN,4387.053624947168
59,cumulative_fouling_penalty_index (calculated),-765.3424699387837,848.4538302786233,2024-02-24 23:15:00,NN,4387.053624947168
60,cumulative_fouling_penalty_index (calculated),179.16799199076837,3322.252775582353,2024-09-14 11:00:00,NN,4387.053624947168
61,cumulative_fouling_penalty_index (calculated),-97.94570209592507,2486.169072520933,2024-04-27 12:45:00,NN,4387.053624947168
62,cumulative_fouling_penalty_index (calculated),-567.6933631661068,270.14282657679684,2024-07-16 23:30:00,NN,4387.053624947168
63,cumulative_fouling_penalty_index (calculated),-561.7718491510811,290.4384266523184,2024-07-18 08:00:00,NN,4387.053624947168
64,cumulative_fouling_penalty_index (calculated),-343.25432996090063,1696.521953703778,2024-04-03 06:15:00,NN,4387.053624947168
65,cumulative_fouling_penalty_index (calculated),-449.34091781227704,1497.8190045689405,2024-08-04 14:45:00,NN,4387.053624947168
66,cumulative_fouling_penalty_index (calculated),-614.0475614640555,1238.002652154411,2024-03-17 21:45:00,NN,4387.053624947168
67,cumulative_fouling_penalty_index (calculated),-450.9322230281365,1730.0278480608251,2024-08-08 08:30:00,NN,4387.053624947168
68,cumulative_fouling_penalty_index (calculated),1448.1602690935044,7595.281870965187,2024-12-25 00:15:00,NN,4387.053624947168
69,cumulative_fouling_penalty_index (calculated),1493.7621751799995,7471.920824187508,2024-12-17 16:45:00,NN,4387.053624947168
70,cumulative_fouling_penalty_index (calculated),-122.79991234688029,2699.163983803127,2024-08-22 22:45:00,NN,4387.053624947168
71,cumulative_fouling_penalty_index (calculated),-629.4182632795585,1236.738415800367,2024-03-17 20:15:00,NN,4387.053624947168
72,cumulative_fouling_penalty_index (calculated),-876.595236987136,657.8563132656457,2024-02-17 09:15:00,NN,4387.053624947168
73,cumulative_fouling_penalty_index (calculated),-614.3332336947793,951.7598194185427,2024-03-01 06:00:00,NN,4387.053624947168
74,cumulative_fouling_penalty_index (calculated),-248.3988025891927,2280.0643678040487,2024-08-15 18:00:00,NN,4387.053624947168
75,cumulative_fouling_penalty_index (calculated),-461.5933242789859,282.5077990857309,2024-07-17 19:00:00,NN,4387.053624947168
76,cumulative_fouling_penalty_index (calculated),-314.09227286169283,1673.5817166542558,2024-04-02 12:15:00,NN,4387.053624947168
77,cumulative_fouling_penalty_index (calculated),-361.4413811518764,1575.25646061333,2024-08-06 22:30:00,NN,4387.053624947168
78,cumulative_fouling_penalty_index (calculated),1576.749348795706,7470.464795541713,2024-12-17 15:00:00,NN,4387.053624947168
79,cumulative_fouling_penalty_index (calculated),-775.8401564900352,738.2625993715008,2024-02-20 16:15:00,NN,4387.053624947168
80,cumulative_fouling_penalty_index (calculated),151.2984962647511,3456.176308068957,2024-09-19 23:30:00,NN,4387.053624947168
81,cumulative_fouling_penalty_index (calculated),283.11026125925235,4445.1485642853895,2024-11-11 06:00:00,NN,4387.053624947168
82,cumulative_fouling_penalty_index (calculated),-136.4769039539244,2601.137123549333,2024-08-19 12:30:00,NN,4387.053624947168
83,cumulative_fouling_penalty_index (calculated),219.45864829840897,3388.8386154170903,2024-09-17 09:00:00,NN,4387.053624947168
84,cumulative_fouling_penalty_index (calculated),305.93461460342036,4477.74897519526,2024-11-13 04:45:00,NN,4387.053624947168
85,cumulative_fouling_penalty_index (calculated),14.377980953428347,2894.6257233066326,2024-05-11 13:15:00,NN,4387.053624947168
86,cumulative_fouling_penalty_index (calculated),-217.39955043557967,2073.930683194726,2024-04-15 05:00:00,NN,4387.053624947168
87,cumulative_fouling_penalty_index (calculated),177.93408772904118,3321.490642038481,2024-09-14 10:00:00,NN,4387.053624947168
88,cumulative_fouling_penalty_index (calculated),22.82274214890824,2791.3328159565963,2024-05-08 14:30:00,NN,4387.053624947168
89,cumulative_fouling_penalty_index (calculated),1383.1880936759371,7597.669196432071,2024-12-26 19:15:00,NN,4387.053624947168
90,cumulative_fouling_penalty_index (calculated),-715.7312961389816,921.1701999196856,2024-02-28 15:45:00,NN,4387.053624947168
91,cumulative_fouling_penalty_index (calculated),-530.678503071619,347.22810981909527,2024-07-20 22:15:00,NN,4387.053624947168
92,cumulative_fouling_penalty_index (calculated),-640.7735715364095,1187.9746705545415,2024-03-15 00:15:00,NN,4387.053624947168
93,cumulative_fouling_penalty_index (calculated),-108.21595839052169,2475.10024298764,2024-04-26 14:00:00,NN,4387.053624947168
94,cumulative_fouling_penalty_index (calculated),-124.21416773362729,2628.0151340873363,2024-08-20 10:00:00,NN,4387.053624947168
95,cumulative_fouling_penalty_index (calculated),182.2817298744841,3324.974041640913,2024-09-14 14:30:00,NN,4387.053624947168
96,cumulative_fouling_penalty_index (calculated),1325.4928354170997,6987.942960168516,2024-11-30 23:30:00,NN,4387.053624947168
97,cumulative_fouling_penalty_index (calculated),-63.586331803149385,2499.796221714676,2024-04-28 19:00:00,NN,4387.053624947168
98,cumulative_fouling_penalty_index (calculated),18.338827304893016,2756.2942978719366,2024-05-05 15:45:00,NN,4387.053624947168
99,cumulative_fouling_penalty_index (calculated),-587.2158041567177,263.82184649889234,2024-07-16 12:00:00,NN,4387.053624947168
100,cumulative_fouling_penalty_index (calculated),-512.9010551387171,573.7602865797035,2024-07-23 00:30:00,NN,4387.053624947168
101,cumulative_fouling_penalty_index (calculated),1124.8447564460948,7568.516310054611,2024-12-22 13:15:00,NN,4387.053624947168
102,cumulative_fouling_penalty_index (calculated),-554.1391151721334,1429.6794770051897,2024-03-26 15:00:00,NN,4387.053624947168
103,cumulative_fouling_penalty_index (calculated),-410.3199052214706,1738.1168828673178,2024-08-08 16:15:00,NN,4387.053624947168
104,cumulative_fouling_penalty_index (calculated),-240.8133481161321,2249.8486907423694,2024-08-14 09:30:00,NN,4387.053624947168
105,cumulative_fouling_penalty_index (calculated),-758.8452012280577,881.2776631872284,2024-02-26 12:00:00,NN,4387.053624947168
106,cumulative_fouling_penalty_index (calculated),-731.3270600104694,916.5368862035244,2024-02-28 09:30:00,NN,4387.053624947168
107,cumulative_fouling_penalty_index (calculated),-930.7570124385102,467.370724881372,2024-02-09 05:45:00,NN,4387.053624947168
108,cumulative_fouling_penalty_index (calculated),-436.35699997126625,1485.9214255656457,2024-08-04 02:30:00,NN,4387.053624947168
109,cumulative_fouling_penalty_index (calculated),-487.35320626580807,336.0542864996877,2024-07-20 09:00:00,NN,4387.053624947168
110,cumulative_fouling_penalty_index (calculated),-602.3070872403435,954.0903914150016,2024-03-01 09:30:00,NN,4387.053624947168
111,cumulative_fouling_penalty_index (calculated),137.56361659907296,3430.048239756573,2024-09-19 01:00:00,NN,4387.053624947168
112,cumulative_fouling_penalty_index (calculated),-433.2304237869801,1485.114970358382,2024-08-04 01:45:00,NN,4387.053624947168
113,cumulative_fouling_penalty_index (calculated),1232.9133093757666,7561.416979717746,2024-12-22 01:45:00,NN,4387.053624947168
114,cumulative_fouling_penalty_index (calculated),-880.0281387611728,573.8311464352083,2024-02-13 18:00:00,NN,4387.053624947168
115,cumulative_fouling_penalty_index (calculated),-240.7212904591918,2324.8640367525154,2024-08-17 03:45:00,NN,4387.053624947168
116,cumulative_fouling_penalty_index (calculated),1142.5804709027652,7012.202715368434,2024-12-01 21:30:00,NN,4387.053624947168
117,cumulative_fouling_penalty_index (calculated),-549.2247465948684,1440.7043280687951,2024-03-27 03:00:00,NN,4387.053624947168
118,cumulative_fouling_penalty_index (calculated),193.1315503461938,3961.556064345256,2024-10-23 08:00:00,NN,4387.053624947168
119,cumulative_fouling_penalty_index (calculated),-828.5273679543757,661.2006842943525,2024-02-17 12:45:00,NN,4387.053624947168
120,cumulative_fouling_penalty_index (calculated),144.71654075816778,3432.221505421441,2024-09-19 03:30:00,NN,4387.053624947168
121,cumulative_fouling_penalty_index (calculated),-772.7333675487396,805.8738700028889,2024-02-23 13:30:00,NN,4387.053624947168
122,cumulative_fouling_penalty_index (calculated),-109.82359307612747,2496.090663161879,2024-04-28 09:30:00,NN,4387.053624947168
123,cumulative_fouling_penalty_index (calculated),-94.92362199659013,2493.938478949597,2024-04-28 04:30:00,NN,4387.053624947168
124,cumulative_fouling_penalty_index (calculated),-97.44540777395162,2479.070813799956,2024-04-26 23:15:00,NN,4387.053624947168
125,cumulative_fouling_penalty_index (calculated),174.23201949659222,3406.941273689128,2024-09-18 01:00:00,NN,4387.053624947168
126,cumulative_fouling_penalty_index (calculated),-187.5125602929053,2245.660843399417,2024-08-14 04:30:00,NN,4387.053624947168
127,cumulative_fouling_penalty_index (calculated),317.22110460659127,4484.827290028599,2024-11-13 15:00:00,NN,4387.053624947168
128,cumulative_fouling_penalty_index (calculated),5.336342845089555,2769.551628310572,2024-05-06 15:00:00,NN,4387.053624947168
129,cumulative_fouling_penalty_index (calculated),-113.71603452920598,2496.9125596749773,2024-04-28 11:45:00,NN,4387.053624947168
130,cumulative_fouling_penalty_index (calculated),286.42032886620115,4354.574224362583,2024-11-06 06:45:00,NN,4387.053624947168
131,cumulative_fouling_penalty_index (calculated),-120.7522586344543,2657.7374757662064,2024-08-21 08:30:00,NN,4387.053624947168
132,cumulative_fouling_penalty_index (calculated),-255.17684917730108,1966.170353719296,2024-04-11 21:30:00,NN,4387.053624947168
133,cumulative_fouling_penalty_index (calculated),307.65220987891854,4447.772510079471,2024-11-11 10:30:00,NN,4387.053624947168
134,cumulative_fouling_penalty_index (calculated),1507.2620280328765,7421.981362209379,2024-12-15 14:45:00,NN,4387.053624947168
135,cumulative_fouling_penalty_index (calculated),-334.7755411385414,1694.5595038996642,2024-04-03 04:45:00,NN,4387.053624947168
136,cumulative_fouling_penalty_index (calculated),228.90252992848647,4030.4723324685606,2024-10-26 06:15:00,NN,4387.053624947168
137,cumulative_fouling_penalty_index (calculated),-64.57452928752032,2465.268079733619,2024-04-25 14:30:00,NN,4387.053624947168
138,cumulative_fouling_penalty_index (calculated),205.02950351903226,3821.031741283788,2024-10-18 10:45:00,NN,4387.053624947168
139,cumulative_fouling_penalty_index (calculated),681.392977918353,4368.534294868558,2024-06-02 01:30:00,NN,4387.053624947168
140,cumulative_fouling_penalty_index (calculated),-116.05353662578617,2699.918589726343,2024-08-22 23:30:00,NN,4387.053624947168
141,cumulative_fouling_penalty_index (calculated),1106.4858621444685,7568.848962549518,2024-12-22 13:45:00,NN,4387.053624947168
142,cumulative_fouling_penalty_index (calculated),-121.4683999087295,2694.129960557165,2024-08-22 17:45:00,NN,4387.053624947168
143,cumulative_fouling_penalty_index (calculated),-541.2971228599039,1344.3929512459863,2024-03-22 19:00:00,NN,4387.053624947168
144,cumulative_fouling_penalty_index (calculated),-472.45093735611175,1437.4636943877672,2024-08-02 04:45:00,NN,4387.053624947168
145,cumulative_fouling_penalty_index (calculated),-549.2179244170534,1440.938000229224,2024-03-27 03:15:00,NN,4387.053624947168
146,cumulative_fouling_penalty_index (calculated),-681.2441012601552,971.7970276950588,2024-03-02 08:15:00,NN,4387.053624947168
147,cumulative_fouling_penalty_index (calculated),-679.1736737284283,928.9985827166598,2024-02-29 02:45:00,NN,4387.053624947168
148,cumulative_fouling_penalty_index (calculated),-187.7346704526002,2266.6632461864874,2024-08-15 06:30:00,NN,4387.053624947168
149,cumulative_fouling_penalty_index (calculated),-637.371840907825,1216.4389801317004,2024-03-16 22:00:00,NN,4387.053624947168
150,cumulative_fouling_penalty_index (calculated),-247.19747439206674,2280.406604797978,2024-08-15 18:15:00,NN,4387.053624947168
151,cumulative_fouling_penalty_index (calculated),20.440289040757868,2890.8059484714795,2024-05-11 03:00:00,NN,4387.053624947168
152,cumulative_fouling_penalty_index (calculated),-125.80923531188758,2689.359446892628,2024-08-22 13:15:00,NN,4387.053624947168
153,cumulative_fouling_penalty_index (calculated),278.51289091948087,4349.624412247549,2024-11-05 19:30:00,NN,4387.053624947168
154,cumulative_fouling_penalty_index (calculated),654.1131008964593,4541.1485354696415,2024-06-10 03:00:00,NN,4387.053624947168
155,cumulative_fouling_penalty_index (calculated),-240.44070313294128,2052.221526736934,2024-04-14 12:00:00,NN,4387.053624947168
156,cumulative_fouling_penalty_index (calculated),-567.8961099655232,270.6947224919676,2024-07-17 00:30:00,NN,4387.053624947168
157,cumulative_fouling_penalty_index (calculated),-134.35370794243835,2622.5705562933254,2024-08-20 05:45:00,NN,4387.053624947168
158,cumulative_fouling_penalty_index (calculated),453.35434356874146,5302.813959697909,2024-11-19 00:00:00,NN,4387.053624947168
159,cumulative_fouling_penalty_index (calculated),1136.2720675295861,7011.409246168977,2024-12-01 21:00:00,NN,4387.053624947168
160,cumulative_fouling_penalty_index (calculated),-318.70749537299906,1676.4204111202655,2024-04-02 14:30:00,NN,4387.053624947168
161,cumulative_fouling_penalty_index (calculated),-393.78328736276484,1783.8788950476198,2024-08-10 14:15:00,NN,4387.053624947168
162,cumulative_fouling_penalty_index (calculated),-537.9370227583612,1371.7964629455887,2024-03-24 01:15:00,NN,4387.053624947168
163,cumulative_fouling_penalty_index (calculated),316.2030217721348,4471.725515473764,2024-11-12 20:15:00,NN,4387.053624947168
164,cumulative_fouling_penalty_index (calculated),666.6547688184555,4480.492420707255,2024-06-07 14:00:00,NN,4387.053624947168
165,cumulative_fouling_penalty_index (calculated),17.005449294620462,2881.1159085866093,2024-05-10 12:45:00,NN,4387.053624947168
166,cumulative_fouling_penalty_index (calculated),-61.93196042548243,2452.178594279528,2024-04-25 01:30:00,NN,4387.053624947168
167,cumulative_fouling_penalty_index (calculated),1362.06243861692,7245.233337501019,2024-12-09 21:15:00,NN,4387.053624947168
168,cumulative_fouling_penalty_index (calculated),-533.9953142739893,1447.189300101414,2024-03-27 10:00:00,NN,4387.053624947168
169,cumulative_fouling_penalty_index (calculated),-761.780946260166,864.0942917442113,2024-02-25 16:15:00,NN,4387.053624947168
170,cumulative_fouling_penalty_index (calculated),-83.38398984647142,2454.3116560646527,2024-04-25 04:00:00,NN,4387.053624947168
171,cumulative_fouling_penalty_index (calculated),1379.5861539115867,7597.759471088608,2024-12-28 21:15:00,NN,4387.053624947168
172,cumulative_fouling_penalty_index (calculated),-746.8103084873698,887.1668229502646,2024-02-26 19:00:00,NN,4387.053624947168
173,cumulative_fouling_penalty_index (calculated),-52.88797305453522,2817.4244903541376,2024-08-27 13:00:00,NN,4387.053624947168
174,cumulative_fouling_penalty_index (calculated),-124.00011010519474,2433.6900715671754,2024-04-23 21:45:00,NN,4387.053624947168
175,cumulative_fouling_penalty_index (calculated),-831.2371827102869,664.7128649569066,2024-02-17 16:15:00,NN,4387.053624947168
176,cumulative_fouling_penalty_index (calculated),-137.81363842269502,2610.7434562051594,2024-08-19 20:15:00,NN,4387.053624947168
177,cumulative_fouling_penalty_index (calculated),-453.6387838961081,1729.4221447696182,2024-08-08 07:45:00,NN,4387.053624947168
178,cumulative_fouling_penalty_index (calculated),-537.1465442785523,1345.4915353355402,2024-03-22 20:15:00,NN,4387.053624947168
179,cumulative_fouling_penalty_index (calculated),-72.58268764362514,2764.73320263011,2024-08-25 11:45:00,NN,4387.053624947168
180,cumulative_fouling_penalty_index (calculated),259.9379440585531,4138.553371161896,2024-10-31 09:00:00,NN,4387.053624947168
181,cumulative_fouling_penalty_index (calculated),1432.5452134624172,7433.576830119188,2024-12-16 02:15:00,NN,4387.053624947168
182,cumulative_fouling_penalty_index (calculated),-551.3986067053864,285.6275736003107,2024-07-18 00:00:00,NN,4387.053624947168
183,cumulative_fouling_penalty_index (calculated),-98.78311862369084,2548.48226124179,2024-08-17 22:30:00,NN,4387.053624947168
184,cumulative_fouling_penalty_index (calculated),-872.8428640059471,594.1159885785004,2024-02-14 13:45:00,NN,4387.053624947168
185,cumulative_fouling_penalty_index (calculated),674.7222780578636,4504.363234655836,2024-06-08 10:30:00,NN,4387.053624947168
186,cumulative_fouling_penalty_index (calculated),-238.73843648643208,2258.4927138350354,2024-08-14 20:30:00,NN,4387.053624947168
187,cumulative_fouling_penalty_index (calculated),-715.261956663748,911.9808468127904,2024-02-28 03:15:00,NN,4387.053624947168
188,cumulative_fouling_penalty_index (calculated),176.1282885147007,3768.146475285272,2024-10-16 23:30:00,NN,4387.053624947168
189,cumulative_fouling_penalty_index (calculated),-3.2413175279590405,2764.320883812414,2024-05-06 03:00:00,NN,4387.053624947168
190,cumulative_fouling_penalty_index (calculated),-115.02475776833175,2580.28650050458,2024-08-18 20:15:00,NN,4387.053624947168
191,cumulative_fouling_penalty_index (calculated),268.0185933638089,4283.478791185584,2024-11-02 00:45:00,NN,4387.053624947168
192,cumulative_fouling_penalty_index (calculated),1445.7975401146794,7588.158708896675,2024-12-23 18:30:00,NN,4387.053624947168
193,cumulative_fouling_penalty_index (calculated),-794.1819813606606,728.4434718466364,2024-02-20 05:30:00,NN,4387.053624947168
194,cumulative_fouling_penalty_index (calculated),687.2344913947023,4364.754027268423,2024-06-01 18:45:00,NN,4387.053624947168
195,cumulative_fouling_penalty_index (calculated),-534.7316283334031,1370.0570304491223,2024-03-23 23:15:00,NN,4387.053624947168
196,cumulative_fouling_penalty_index (calculated),260.3419970833872,4139.668474599313,2024-10-31 11:15:00,NN,4387.053624947168
197,cumulative_fouling_penalty_index (calculated),-654.0387728991687,1115.152321292314,2024-03-10 10:15:00,NN,4387.053624947168
198,cumulative_fouling_penalty_index (calculated),-723.9881684953019,905.4811571582576,2024-02-27 18:30:00,NN,4387.053624947168
199,cumulative_fouling_penalty_index (calculated),1480.7048444260934,7390.994010028731,2024-12-14 09:30:00,NN,4387.053624947168
0,Vessel Hull Through Water Longitudinal Speed (knots),-1469.239746388437,9.613841269841268,2024-12-22 11:30:00,NN,4387.053624947168
1,Vessel Hull Through Water Longitudinal Speed (knots),856.2813383409673,13.180310734463276,2024-03-09 10:00:00,NN,4387.053624947168
2,Vessel Hull Through Water Longitudinal Speed (knots),-628.9410693319129,11.233526785714286,2024-04-12 18:15:00,NN,4387.053624947168
3,Vessel Hull Through Water Longitudinal Speed (knots),79.83934305169089,11.89969246031746,2024-08-05 02:15:00,NN,4387.053624947168
4,Vessel Hull Through Water Longitudinal Speed (knots),-683.0868930979184,10.727685185185184,2024-08-24 05:00:00,NN,4387.053624947168
5,Vessel Hull Through Water Longitudinal Speed (knots),403.4053770441857,12.25151837928154,2024-04-28 22:15:00,NN,4387.053624947168
6,Vessel Hull Through Water Longitudinal Speed (knots),-1487.1411649122779,8.247476484420929,2024-04-29 15:00:00,NN,4387.053624947168
7,Vessel Hull Through Water Longitudinal Speed (knots),-774.292672336271,10.554972222222222,2024-08-24 07:30:00,NN,4387.053624947168
8,Vessel Hull Through Water Longitudinal Speed (knots),-1570.7223717987129,9.085980629539952,2024-12-20 13:45:00,NN,4387.053624947168
9,Vessel Hull Through Water Longitudinal Speed (knots),-940.5884252354866,10.5,2024-12-24 11:45:00,NN,4387.053624947168
10,Vessel Hull Through Water Longitudinal Speed (knots),96.47354550939716,11.899166666666668,2024-09-14 02:00:00,NN,4387.053624947168
11,Vessel Hull Through Water Longitudinal Speed (knots),438.59057584022753,12.592333333333332,2024-02-10 19:00:00,NN,4387.053624947168
12,Vessel Hull Through Water Longitudinal Speed (knots),1095.1550469238812,13.405886904761903,2024-09-12 02:45:00,NN,4387.053624947168
13,Vessel Hull Through Water Longitudinal Speed (knots),-957.1920316534976,10.405344877344875,2024-05-05 15:30:00,NN,4387.053624947168
14,Vessel Hull Through Water Longitudinal Speed (knots),484.2819131581544,12.43965277777778,2024-09-15 02:15:00,NN,4387.053624947168
15,Vessel Hull Through Water Longitudinal Speed (knots),-711.5469281069408,10.93050925925926,2024-04-02 01:45:00,NN,4387.053624947168
16,Vessel Hull Through Water Longitudinal Speed (knots),-783.2644762403397,10.8,2024-12-27 03:45:00,NN,4387.053624947168
17,Vessel Hull Through Water Longitudinal Speed (knots),866.833910308965,13.221052631578948,2024-03-12 02:45:00,NN,4387.053624947168
18,Vessel Hull Through Water Longitudinal Speed (knots),486.7089593011266,12.577154122680438,2024-03-17 07:45:00,NN,4387.053624947168
19,Vessel Hull Through Water Longitudinal Speed (knots),-430.94265598189287,11.39372222222222,2024-12-14 15:15:00,NN,4387.053624947168
20,Vessel Hull Through Water Longitudinal Speed (knots),-478.6577333666684,11.28049895506792,2024-10-26 01:45:00,NN,4387.053624947168
21,Vessel Hull Through Water Longitudinal Speed (knots),-723.6104231440335,10.90727777777778,2024-04-01 22:00:00,NN,4387.053624947168
22,Vessel Hull Through Water Longitudinal Speed (knots),492.1704930277929,12.543474576271183,2024-05-11 08:45:00,NN,4387.053624947168
23,Vessel Hull Through Water Longitudinal Speed (knots),788.1960296848788,12.931689244663383,2024-04-30 21:45:00,NN,4387.053624947168
24,Vessel Hull Through Water Longitudinal Speed (knots),5.512075136881948,11.672703703703702,2024-08-02 07:15:00,NN,4387.053624947168
25,Vessel Hull Through Water Longitudinal Speed (knots),944.4237891516618,13.312668308702792,2024-02-28 08:00:00,NN,4387.053624947168
26,Vessel Hull Through Water Longitudinal Speed (knots),71.9611441201636,11.933801169590645,2024-03-03 03:45:00,NN,4387.053624947168
27,Vessel Hull Through Water Longitudinal Speed (knots),-592.2815001597293,10.885916666666668,2024-11-11 13:30:00,NN,4387.053624947168
28,Vessel Hull Through Water Longitudinal Speed (knots),1005.8181425064985,13.408389830508476,2024-02-28 17:45:00,NN,4387.053624947168
29,Vessel Hull Through Water Longitudinal Speed (knots),286.70443574082077,12.315393462469734,2024-02-17 22:00:00,NN,4387.053624947168
30,Vessel Hull Through Water Longitudinal Speed (knots),-14.808603869036006,12.042430555555557,2024-11-20 07:00:00,NN,4387.053624947168
31,Vessel Hull Through Water Longitudinal Speed (knots),515.0839368652969,12.652599206349208,2024-02-25 02:30:00,NN,4387.053624947168
32,Vessel Hull Through Water Longitudinal Speed (knots),595.9806237821705,12.733757062146893,2024-03-10 23:15:00,NN,4387.053624947168
33,Vessel Hull Through Water Longitudinal Speed (knots),730.0809225467568,12.95320197044335,2024-03-20 15:30:00,NN,4387.053624947168
34,Vessel Hull Through Water Longitudinal Speed (knots),-1091.04213700075,9.656194444444443,2024-08-17 00:15:00,NN,4387.053624947168
35,Vessel Hull Through Water Longitudinal Speed (knots),862.4552354851738,12.885046296296297,2024-06-05 05:15:00,NN,4387.053624947168
36,Vessel Hull Through Water Longitudinal Speed (knots),141.60647760995144,12.205185185185185,2024-07-20 01:30:00,NN,4387.053624947168
37,Vessel Hull Through Water Longitudinal Speed (knots),-633.1543986039287,10.776257936507935,2024-11-11 15:15:00,NN,4387.053624947168
38,Vessel Hull Through Water Longitudinal Speed (knots),56.39090099861605,11.927011494252874,2024-02-14 05:30:00,NN,4387.053624947168
39,Vessel Hull Through Water Longitudinal Speed (knots),554.7574413807646,12.730333333333332,2024-02-16 01:00:00,NN,4387.053624947168
40,Vessel Hull Through Water Longitudinal Speed (knots),1036.2474922912543,13.30632768361582,2024-09-12 03:30:00,NN,4387.053624947168
41,Vessel Hull Through Water Longitudinal Speed (knots),-1004.4862901276448,10.358233766233766,2024-05-02 05:30:00,NN,4387.053624947168
42,Vessel Hull Through Water Longitudinal Speed (knots),617.2673760212991,12.619786851566513,2024-09-15 14:15:00,NN,4387.053624947168
43,Vessel Hull Through Water Longitudinal Speed (knots),-649.5922071692441,10.775787037037038,2024-08-22 00:30:00,NN,4387.053624947168
44,Vessel Hull Through Water Longitudinal Speed (knots),362.46856050650143,12.29950925925926,2024-07-25 09:45:00,NN,4387.053624947168
45,Vessel Hull Through Water Longitudinal Speed (knots),-1423.455291403987,8.840016233766233,2024-12-28 23:30:00,NN,4387.053624947168
46,Vessel Hull Through Water Longitudinal Speed (knots),464.4140831020275,12.407555555555556,2024-09-15 19:00:00,NN,4387.053624947168
47,Vessel Hull Through Water Longitudinal Speed (knots),-503.7885220742788,11.428247126436782,2024-04-10 16:45:00,NN,4387.053624947168
48,Vessel Hull Through Water Longitudinal Speed (knots),-836.060743834961,10.20525,2024-10-20 09:15:00,NN,4387.053624947168
49,Vessel Hull Through Water Longitudinal Speed (knots),808.15637876131,12.901171296296296,2024-07-24 18:30:00,NN,4387.053624947168
50,Vessel Hull Through Water Longitudinal Speed (knots),142.53204683005134,12.05183908045977,2024-02-23 12:30:00,NN,4387.053624947168
51,Vessel Hull Through Water Longitudinal Speed (knots),-944.7842872704819,9.02876647834275,2024-11-03 22:00:00,NN,4387.053624947168
52,Vessel Hull Through Water Longitudinal Speed (knots),963.890600620655,13.344866828087168,2024-02-28 14:30:00,NN,4387.053624947168
53,Vessel Hull Through Water Longitudinal Speed (knots),-524.6330314243546,11.09586286594761,2024-11-09 07:30:00,NN,4387.053624947168
54,Vessel Hull Through Water Longitudinal Speed (knots),-478.80371850564296,11.101912698412695,2024-08-23 03:15:00,NN,4387.053624947168
55,Vessel Hull Through Water Longitudinal Speed (knots),798.987787520346,13.102966101694914,2024-02-29 22:45:00,NN,4387.053624947168
56,Vessel Hull Through Water Longitudinal Speed (knots),-533.6686691757602,11.21586507936508,2024-12-16 01:30:00,NN,4387.053624947168
57,Vessel Hull Through Water Longitudinal Speed (knots),1129.8977648016207,13.464476190476187,2024-09-18 22:45:00,NN,4387.053624947168
58,Vessel Hull Through Water Longitudinal Speed (knots),1268.4815342129848,13.455954469507102,2024-04-24 16:30:00,NN,4387.053624947168
59,Vessel Hull Through Water Longitudinal Speed (knots),424.2236239997352,12.513295634920636,2024-02-24 23:15:00,NN,4387.053624947168
60,Vessel Hull Through Water Longitudinal Speed (knots),654.1693524493551,12.685198412698412,2024-09-14 11:00:00,NN,4387.053624947168
61,Vessel Hull Through Water Longitudinal Speed (knots),406.13232318701466,12.459732983588916,2024-04-27 12:45:00,NN,4387.053624947168
62,Vessel Hull Through Water Longitudinal Speed (knots),1314.5816434460455,13.546523148148149,2024-07-16 23:30:00,NN,4387.053624947168
63,Vessel Hull Through Water Longitudinal Speed (knots),1176.4553869033966,13.32804761904762,2024-07-18 08:00:00,NN,4387.053624947168
64,Vessel Hull Through Water Longitudinal Speed (knots),-546.4461542039194,11.396149425287357,2024-04-03 06:15:00,NN,4387.053624947168
65,Vessel Hull Through Water Longitudinal Speed (knots),145.83336046464268,11.980902777777777,2024-08-04 14:45:00,NN,4387.053624947168
66,Vessel Hull Through Water Longitudinal Speed (knots),777.951097491553,13.024000410509032,2024-03-17 21:45:00,NN,4387.053624947168
67,Vessel Hull Through Water Longitudinal Speed (knots),1095.7550757048896,13.312597883597885,2024-08-08 08:30:00,NN,4387.053624947168
68,Vessel Hull Through Water Longitudinal Speed (knots),-569.6821850881576,11.206888888888887,2024-12-25 00:15:00,NN,4387.053624947168
69,Vessel Hull Through Water Longitudinal Speed (knots),-313.7962677465859,11.568880952380953,2024-12-17 16:45:00,NN,4387.053624947168
70,Vessel Hull Through Water Longitudinal Speed (knots),-513.1481755573708,11.03714417989418,2024-08-22 22:45:00,NN,4387.053624947168
71,Vessel Hull Through Water Longitudinal Speed (knots),562.3095033987382,12.722434318555008,2024-03-17 20:15:00,NN,4387.053624947168
72,Vessel Hull Through Water Longitudinal Speed (knots),418.97734228952436,12.546954022988508,2024-02-17 09:15:00,NN,4387.053624947168
73,Vessel Hull Through Water Longitudinal Speed (knots),686.8935299016824,12.892426108374384,2024-03-01 06:00:00,NN,4387.053624947168
74,Vessel Hull Through Water Longitudinal Speed (knots),-779.890512422777,10.48824007936508,2024-08-15 18:00:00,NN,4387.053624947168
75,Vessel Hull Through Water Longitudinal Speed (knots),563.4230936213115,12.60923611111111,2024-07-17 19:00:00,NN,4387.053624947168
76,Vessel Hull Through Water Longitudinal Speed (knots),-616.9734761197124,11.268088023088024,2024-04-02 12:15:00,NN,4387.053624947168
77,Vessel Hull Through Water Longitudinal Speed (knots),-1073.3432351564359,9.56751851851852,2024-08-06 22:30:00,NN,4387.053624947168
78,Vessel Hull Through Water Longitudinal Speed (knots),-285.9729826516089,11.590416666666666,2024-12-17 15:00:00,NN,4387.053624947168
79,Vessel Hull Through Water Longitudinal Speed (knots),773.7338504041056,13.079463276836158,2024-02-20 16:15:00,NN,4387.053624947168
80,Vessel Hull Through Water Longitudinal Speed (knots),1082.8949745622801,13.373047619047618,2024-09-19 23:30:00,NN,4387.053624947168
81,Vessel Hull Through Water Longitudinal Speed (knots),-878.8003055822668,9.849380952380953,2024-11-11 06:00:00,NN,4387.053624947168
82,Vessel Hull Through Water Longitudinal Speed (knots),-452.6586134497626,11.11722222222222,2024-08-19 12:30:00,NN,4387.053624947168
83,Vessel Hull Through Water Longitudinal Speed (knots),-193.0623267241725,11.449855158730156,2024-09-17 09:00:00,NN,4387.053624947168
84,Vessel Hull Through Water Longitudinal Speed (knots),-852.2504350510504,10.10138821630347,2024-11-13 04:45:00,NN,4387.053624947168
85,Vessel Hull Through Water Longitudinal Speed (knots),739.2241413997501,12.821125,2024-05-11 13:15:00,NN,4387.053624947168
86,Vessel Hull Through Water Longitudinal Speed (knots),-556.922550018173,11.238180555555555,2024-04-15 05:00:00,NN,4387.053624947168
87,Vessel Hull Through Water Longitudinal Speed (knots),781.4598816843874,12.863071428571429,2024-09-14 10:00:00,NN,4387.053624947168
88,Vessel Hull Through Water Longitudinal Speed (knots),1268.5131638691303,13.327619047619049,2024-05-08 14:30:00,NN,4387.053624947168
89,Vessel Hull Through Water Longitudinal Speed (knots),-774.0083821104175,10.884305555555557,2024-12-26 19:15:00,NN,4387.053624947168
90,Vessel Hull Through Water Longitudinal Speed (knots),965.3215166355452,13.34704802259887,2024-02-28 15:45:00,NN,4387.053624947168
91,Vessel Hull Through Water Longitudinal Speed (knots),913.8139294011203,13.024398148148148,2024-07-20 22:15:00,NN,4387.053624947168
92,Vessel Hull Through Water Longitudinal Speed (knots),215.48084863978343,12.149741727199354,2024-03-15 00:15:00,NN,4387.053624947168
93,Vessel Hull Through Water Longitudinal Speed (knots),1187.822681852654,13.40956001113896,2024-04-26 14:00:00,NN,4387.053624947168
94,Vessel Hull Through Water Longitudinal Speed (knots),-599.3605700304355,10.835217592592592,2024-08-20 10:00:00,NN,4387.053624947168
95,Vessel Hull Through Water Longitudinal Speed (knots),711.0018479192377,12.760209663218138,2024-09-14 14:30:00,NN,4387.053624947168
96,Vessel Hull Through Water Longitudinal Speed (knots),-830.7894611548284,10.687755521314845,2024-11-30 23:30:00,NN,4387.053624947168
97,Vessel Hull Through Water Longitudinal Speed (knots),1213.8630792570639,13.23198275862069,2024-04-28 19:00:00,NN,4387.053624947168
98,Vessel Hull Through Water Longitudinal Speed (knots),-995.2997011926084,10.329796443268664,2024-05-05 15:45:00,NN,4387.053624947168
99,Vessel Hull Through Water Longitudinal Speed (knots),1394.2904740904708,13.617003968253966,2024-07-16 12:00:00,NN,4387.053624947168
100,Vessel Hull Through Water Longitudinal Speed (knots),494.8145613820783,12.488194444444444,2024-07-23 00:30:00,NN,4387.053624947168
101,Vessel Hull Through Water Longitudinal Speed (knots),-1679.3749457968586,8.660157201555506,2024-12-22 13:15:00,NN,4387.053624947168
102,Vessel Hull Through Water Longitudinal Speed (knots),653.2035352436662,12.834252873563218,2024-03-26 15:00:00,NN,4387.053624947168
103,Vessel Hull Through Water Longitudinal Speed (knots),-521.8637531524017,10.952444444444444,2024-08-08 16:15:00,NN,4387.053624947168
104,Vessel Hull Through Water Longitudinal Speed (knots),-124.38281576140726,11.560166666666667,2024-08-14 09:30:00,NN,4387.053624947168
105,Vessel Hull Through Water Longitudinal Speed (knots),626.5855594782208,12.82286507936508,2024-02-26 12:00:00,NN,4387.053624947168
106,Vessel Hull Through Water Longitudinal Speed (knots),936.3257423261764,13.300187969924812,2024-02-28 09:30:00,NN,4387.053624947168
107,Vessel Hull Through Water Longitudinal Speed (knots),330.5254099310405,12.4,2024-02-09 05:45:00,NN,4387.053624947168
108,Vessel Hull Through Water Longitudinal Speed (knots),39.05922982848407,11.79452777777778,2024-08-04 02:30:00,NN,4387.053624947168
109,Vessel Hull Through Water Longitudinal Speed (knots),220.65248358111344,12.3177528921173,2024-07-20 09:00:00,NN,4387.053624947168
110,Vessel Hull Through Water Longitudinal Speed (knots),757.4486925822213,13.023801169590644,2024-03-01 09:30:00,NN,4387.053624947168
111,Vessel Hull Through Water Longitudinal Speed (knots),1057.904893263906,13.365425925925926,2024-09-19 01:00:00,NN,4387.053624947168
112,Vessel Hull Through Water Longitudinal Speed (knots),56.3680593533961,11.814,2024-08-04 01:45:00,NN,4387.053624947168
113,Vessel Hull Through Water Longitudinal Speed (knots),-1638.9180521131684,8.844373015873016,2024-12-22 01:45:00,NN,4387.053624947168
114,Vessel Hull Through Water Longitudinal Speed (knots),80.94629670781995,11.966214689265536,2024-02-13 18:00:00,NN,4387.053624947168
115,Vessel Hull Through Water Longitudinal Speed (knots),-789.3109133053756,10.52654761904762,2024-08-17 03:45:00,NN,4387.053624947168
116,Vessel Hull Through Water Longitudinal Speed (knots),-1670.2280857740163,8.155333333333333,2024-12-01 21:30:00,NN,4387.053624947168
117,Vessel Hull Through Water Longitudinal Speed (knots),638.0319977832269,12.785714285714286,2024-03-27 03:00:00,NN,4387.053624947168
118,Vessel Hull Through Water Longitudinal Speed (knots),-649.6081488400375,10.775666666666666,2024-10-23 08:00:00,NN,4387.053624947168
119,Vessel Hull Through Water Longitudinal Speed (knots),344.51945176149036,12.4,2024-02-17 12:45:00,NN,4387.053624947168
120,Vessel Hull Through Water Longitudinal Speed (knots),1130.2326227758201,13.456666666666669,2024-09-19 03:30:00,NN,4387.053624947168
121,Vessel Hull Through Water Longitudinal Speed (knots),121.77653728366448,12.022598522167488,2024-02-23 13:30:00,NN,4387.053624947168
122,Vessel Hull Through Water Longitudinal Speed (knots),1676.0689316169262,13.823285579768632,2024-04-28 09:30:00,NN,4387.053624947168
123,Vessel Hull Through Water Longitudinal Speed (knots),1082.552316233733,13.220217917675544,2024-04-28 04:30:00,NN,4387.053624947168
124,Vessel Hull Through Water Longitudinal Speed (knots),458.7988060176966,12.545314153439154,2024-04-26 23:15:00,NN,4387.053624947168
125,Vessel Hull Through Water Longitudinal Speed (knots),923.9160004014442,13.035666666666666,2024-09-18 01:00:00,NN,4387.053624947168
126,Vessel Hull Through Water Longitudinal Speed (knots),-833.8686977128331,10.442192982456142,2024-08-14 04:30:00,NN,4387.053624947168
127,Vessel Hull Through Water Longitudinal Speed (knots),-976.2921042142541,9.829042021197193,2024-11-13 15:00:00,NN,4387.053624947168
128,Vessel Hull Through Water Longitudinal Speed (knots),1346.707871184656,13.383854679802957,2024-05-06 15:00:00,NN,4387.053624947168
129,Vessel Hull Through Water Longitudinal Speed (knots),1681.8646175055449,13.863383458646616,2024-04-28 11:45:00,NN,4387.053624947168
130,Vessel Hull Through Water Longitudinal Speed (knots),-431.6198469429782,11.30574074074074,2024-11-06 06:45:00,NN,4387.053624947168
131,Vessel Hull Through Water Longitudinal Speed (knots),-689.4267483871267,10.73375,2024-08-21 08:30:00,NN,4387.053624947168
132,Vessel Hull Through Water Longitudinal Speed (knots),-649.9066185956646,11.106322547508988,2024-04-11 21:30:00,NN,4387.053624947168
133,Vessel Hull Through Water Longitudinal Speed (knots),-654.8366665382381,10.711652777777775,2024-11-11 10:30:00,NN,4387.053624947168
134,Vessel Hull Through Water Longitudinal Speed (knots),-248.34048745737724,11.637134502923976,2024-12-15 14:45:00,NN,4387.053624947168
135,Vessel Hull Through Water Longitudinal Speed (knots),-549.0271160513352,11.365583333333335,2024-04-03 04:45:00,NN,4387.053624947168
136,Vessel Hull Through Water Longitudinal Speed (knots),-525.8110902470116,11.21242816091954,2024-10-26 06:15:00,NN,4387.053624947168
137,Vessel Hull Through Water Longitudinal Speed (knots),174.5852841198713,11.98714151197202,2024-04-25 14:30:00,NN,4387.053624947168
138,Vessel Hull Through Water Longitudinal Speed (knots),-656.7945411060099,10.817954365079366,2024-10-18 10:45:00,NN,4387.053624947168
139,Vessel Hull Through Water Longitudinal Speed (knots),203.44393048701141,11.92144499178982,2024-06-02 01:30:00,NN,4387.053624947168
140,Vessel Hull Through Water Longitudinal Speed (knots),-559.8388804251621,10.949257936507935,2024-08-22 23:30:00,NN,4387.053624947168
141,Vessel Hull Through Water Longitudinal Speed (knots),-1719.3286886182002,8.256583333333333,2024-12-22 13:45:00,NN,4387.053624947168
142,Vessel Hull Through Water Longitudinal Speed (knots),-520.4094975413159,11.010890211640213,2024-08-22 17:45:00,NN,4387.053624947168
143,Vessel Hull Through Water Longitudinal Speed (knots),1054.7988945487239,13.40559523809524,2024-03-22 19:00:00,NN,4387.053624947168
144,Vessel Hull Through Water Longitudinal Speed (knots),98.8138432753771,11.88364877589454,2024-08-02 04:45:00,NN,4387.053624947168
145,Vessel Hull Through Water Longitudinal Speed (knots),620.273494323774,12.758479532163744,2024-03-27 03:15:00,NN,4387.053624947168
146,Vessel Hull Through Water Longitudinal Speed (knots),-295.15915057930044,11.25552777777778,2024-03-02 08:15:00,NN,4387.053624947168
147,Vessel Hull Through Water Longitudinal Speed (knots),957.1578033810475,13.342542517006803,2024-02-29 02:45:00,NN,4387.053624947168
148,Vessel Hull Through Water Longitudinal Speed (knots),-959.6617264929081,10.179035714285714,2024-08-15 06:30:00,NN,4387.053624947168
149,Vessel Hull Through Water Longitudinal Speed (knots),377.62480240983683,12.408446327683617,2024-03-16 22:00:00,NN,4387.053624947168
150,Vessel Hull Through Water Longitudinal Speed (knots),-791.0465229792411,10.463811507936509,2024-08-15 18:15:00,NN,4387.053624947168
151,Vessel Hull Through Water Longitudinal Speed (knots),722.0550746740184,12.782606516290729,2024-05-11 03:00:00,NN,4387.053624947168
152,Vessel Hull Through Water Longitudinal Speed (knots),-404.2726014765147,11.21768650793651,2024-08-22 13:15:00,NN,4387.053624947168
153,Vessel Hull Through Water Longitudinal Speed (knots),-491.87530190712283,11.180638888888888,2024-11-05 19:30:00,NN,4387.053624947168
154,Vessel Hull Through Water Longitudinal Speed (knots),928.7056035275543,12.99452784503632,2024-06-10 03:00:00,NN,4387.053624947168
155,Vessel Hull Through Water Longitudinal Speed (knots),-474.6629262205905,11.454426020408164,2024-04-14 12:00:00,NN,4387.053624947168
156,Vessel Hull Through Water Longitudinal Speed (knots),1304.8703079403604,13.540870370370367,2024-07-17 00:30:00,NN,4387.053624947168
157,Vessel Hull Through Water Longitudinal Speed (knots),-456.60109247230685,11.06011111111111,2024-08-20 05:45:00,NN,4387.053624947168
158,Vessel Hull Through Water Longitudinal Speed (knots),-1079.9747638364852,8.558481116584565,2024-11-19 00:00:00,NN,4387.053624947168
159,Vessel Hull Through Water Longitudinal Speed (knots),-1683.9527790337463,7.966361111111111,2024-12-01 21:00:00,NN,4387.053624947168
160,Vessel Hull Through Water Longitudinal Speed (knots),-582.0282889936218,11.3,2024-04-02 14:30:00,NN,4387.053624947168
161,Vessel Hull Through Water Longitudinal Speed (knots),-382.57380348257516,11.186857142857145,2024-08-10 14:15:00,NN,4387.053624947168
162,Vessel Hull Through Water Longitudinal Speed (knots),966.4216482048494,13.3,2024-03-24 01:15:00,NN,4387.053624947168
163,Vessel Hull Through Water Longitudinal Speed (knots),-1070.7648203879144,9.573482142857143,2024-11-12 20:15:00,NN,4387.053624947168
164,Vessel Hull Through Water Longitudinal Speed (knots),619.6351806031913,12.525282485875708,2024-06-07 14:00:00,NN,4387.053624947168
165,Vessel Hull Through Water Longitudinal Speed (knots),-907.460799587579,10.556264460586494,2024-05-10 12:45:00,NN,4387.053624947168
166,Vessel Hull Through Water Longitudinal Speed (knots),404.7647574659918,12.277848932676518,2024-04-25 01:30:00,NN,4387.053624947168
167,Vessel Hull Through Water Longitudinal Speed (knots),-816.0415951597704,10.800833333333337,2024-12-09 21:15:00,NN,4387.053624947168
168,Vessel Hull Through Water Longitudinal Speed (knots),737.6203841716305,12.91704022988506,2024-03-27 10:00:00,NN,4387.053624947168
169,Vessel Hull Through Water Longitudinal Speed (knots),572.5535498844754,12.734246527777778,2024-02-25 16:15:00,NN,4387.053624947168
170,Vessel Hull Through Water Longitudinal Speed (knots),-190.01054092308368,11.580931855500822,2024-04-25 04:00:00,NN,4387.053624947168
171,Vessel Hull Through Water Longitudinal Speed (knots),-1361.4678570377075,9.010774853801168,2024-12-28 21:15:00,NN,4387.053624947168
172,Vessel Hull Through Water Longitudinal Speed (knots),777.4980896314448,13.047811986863712,2024-02-26 19:00:00,NN,4387.053624947168
173,Vessel Hull Through Water Longitudinal Speed (knots),-1296.6035474020716,9.083556878306878,2024-08-27 13:00:00,NN,4387.053624947168
174,Vessel Hull Through Water Longitudinal Speed (knots),1410.8464542208978,13.584420903954802,2024-04-23 21:45:00,NN,4387.053624947168
175,Vessel Hull Through Water Longitudinal Speed (knots),357.3818751343099,12.430172413793104,2024-02-17 16:15:00,NN,4387.053624947168
176,Vessel Hull Through Water Longitudinal Speed (knots),-497.5381389457656,10.998805555555554,2024-08-19 20:15:00,NN,4387.053624947168
177,Vessel Hull Through Water Longitudinal Speed (knots),939.9980347216459,13.111064153439152,2024-08-08 07:45:00,NN,4387.053624947168
178,Vessel Hull Through Water Longitudinal Speed (knots),1042.9528968458912,13.38923767752715,2024-03-22 20:15:00,NN,4387.053624947168
179,Vessel Hull Through Water Longitudinal Speed (knots),-1246.6991782712012,9.225456349206349,2024-08-25 11:45:00,NN,4387.053624947168
180,Vessel Hull Through Water Longitudinal Speed (knots),-590.7896723670717,10.886873015873016,2024-10-31 09:00:00,NN,4387.053624947168
181,Vessel Hull Through Water Longitudinal Speed (knots),-488.03052398053995,11.294953703703705,2024-12-16 02:15:00,NN,4387.053624947168
182,Vessel Hull Through Water Longitudinal Speed (knots),974.4928772031521,13.08675,2024-07-18 00:00:00,NN,4387.053624947168
183,Vessel Hull Through Water Longitudinal Speed (knots),-812.0745544529352,10.219827586206897,2024-08-17 22:30:00,NN,4387.053624947168
184,Vessel Hull Through Water Longitudinal Speed (knots),140.41612551368718,12.070454545454544,2024-02-14 13:45:00,NN,4387.053624947168
185,Vessel Hull Through Water Longitudinal Speed (knots),776.4983753741412,12.769604519774012,2024-06-08 10:30:00,NN,4387.053624947168
186,Vessel Hull Through Water Longitudinal Speed (knots),-253.62099202693844,11.443333333333332,2024-08-14 20:30:00,NN,4387.053624947168
187,Vessel Hull Through Water Longitudinal Speed (knots),874.4727513001715,13.210785714285716,2024-02-28 03:15:00,NN,4387.053624947168
188,Vessel Hull Through Water Longitudinal Speed (knots),-631.3753892408178,10.837486111111112,2024-10-16 23:30:00,NN,4387.053624947168
189,Vessel Hull Through Water Longitudinal Speed (knots),-273.3744265875675,11.707124060150376,2024-05-06 03:00:00,NN,4387.053624947168
190,Vessel Hull Through Water Longitudinal Speed (knots),-353.55618204375054,11.19063425925926,2024-08-18 20:15:00,NN,4387.053624947168
191,Vessel Hull Through Water Longitudinal Speed (knots),-913.985564886975,10.142900793650794,2024-11-02 00:45:00,NN,4387.053624947168
192,Vessel Hull Through Water Longitudinal Speed (knots),-1197.0174140383137,9.84818253968254,2024-12-23 18:30:00,NN,4387.053624947168
193,Vessel Hull Through Water Longitudinal Speed (knots),457.6242070127424,12.58784632034632,2024-02-20 05:30:00,NN,4387.053624947168
194,Vessel Hull Through Water Longitudinal Speed (knots),261.1765077005188,12.05657268170426,2024-06-01 18:45:00,NN,4387.053624947168
195,Vessel Hull Through Water Longitudinal Speed (knots),967.3840164021715,13.305,2024-03-23 23:15:00,NN,4387.053624947168
196,Vessel Hull Through Water Longitudinal Speed (knots),-638.927671184616,10.749722222222225,2024-10-31 11:15:00,NN,4387.053624947168
197,Vessel Hull Through Water Longitudinal Speed (knots),892.4921623886136,13.202697740112994,2024-03-10 10:15:00,NN,4387.053624947168
198,Vessel Hull Through Water Longitudinal Speed (knots),966.3833304959524,13.3505957883924,2024-02-27 18:30:00,NN,4387.053624947168
199,Vessel Hull Through Water Longitudinal Speed (knots),-660.2035291614244,11.058873015873017,2024-12-14 09:30:00,NN,4387.053624947168
0,Day of Year,-2091.582511589317,357.0,2024-12-22 11:30:00,NN,4387.053624947168
1,Day of Year,1567.4104734013301,69.0,2024-03-09 10:00:00,NN,4387.053624947168
2,Day of Year,827.5453955847553,103.0,2024-04-12 18:15:00,NN,4387.053624947168
3,Day of Year,-444.2343501474368,218.0,2024-08-05 02:15:00,NN,4387.053624947168
4,Day of Year,-802.0761196213347,237.0,2024-08-24 05:00:00,NN,4387.053624947168
5,Day of Year,863.1053078770278,119.0,2024-04-28 22:15:00,NN,4387.053624947168
6,Day of Year,798.1262180947929,120.0,2024-04-29 15:00:00,NN,4387.053624947168
7,Day of Year,-803.0047322827146,237.0,2024-08-24 07:30:00,NN,4387.053624947168
8,Day of Year,-2010.548908735461,355.0,2024-12-20 13:45:00,NN,4387.053624947168
9,Day of Year,-1976.3741756358313,359.0,2024-12-24 11:45:00,NN,4387.053624947168
10,Day of Year,-1001.91113205162,258.0,2024-09-14 02:00:00,NN,4387.053624947168
11,Day of Year,2131.0469084756287,41.0,2024-02-10 19:00:00,NN,4387.053624947168
12,Day of Year,-897.5005620904151,256.0,2024-09-12 02:45:00,NN,4387.053624947168
13,Day of Year,695.2806677534132,126.0,2024-05-05 15:30:00,NN,4387.053624947168
14,Day of Year,-995.7624988975598,259.0,2024-09-15 02:15:00,NN,4387.053624947168
15,Day of Year,1074.3854376329675,93.0,2024-04-02 01:45:00,NN,4387.053624947168
16,Day of Year,-1991.2467601810092,362.0,2024-12-27 03:45:00,NN,4387.053624947168
17,Day of Year,1525.1661292388385,72.0,2024-03-12 02:45:00,NN,4387.053624947168
18,Day of Year,1566.9991294847264,77.0,2024-03-17 07:45:00,NN,4387.053624947168
19,Day of Year,-2115.481315634949,349.0,2024-12-14 15:15:00,NN,4387.053624947168
20,Day of Year,-1230.5208145255087,300.0,2024-10-26 01:45:00,NN,4387.053624947168
21,Day of Year,1091.6590892227382,92.0,2024-04-01 22:00:00,NN,4387.053624947168
22,Day of Year,556.2346779291441,132.0,2024-05-11 08:45:00,NN,4387.053624947168
23,Day of Year,717.9339837243778,121.0,2024-04-30 21:45:00,NN,4387.053624947168
24,Day of Year,-504.44494525981315,215.0,2024-08-02 07:15:00,NN,4387.053624947168
25,Day of Year,1722.7046445768938,59.0,2024-02-28 08:00:00,NN,4387.053624947168
26,Day of Year,1769.4002301829446,63.0,2024-03-03 03:45:00,NN,4387.053624947168
27,Day of Year,-1267.2619325296766,316.0,2024-11-11 13:30:00,NN,4387.053624947168
28,Day of Year,1686.5399500935757,59.0,2024-02-28 17:45:00,NN,4387.053624947168
29,Day of Year,2069.0377743416625,48.0,2024-02-17 22:00:00,NN,4387.053624947168
30,Day of Year,-1490.2602218788466,325.0,2024-11-20 07:00:00,NN,4387.053624947168
31,Day of Year,1847.329718650034,56.0,2024-02-25 02:30:00,NN,4387.053624947168
32,Day of Year,1588.675204896741,70.0,2024-03-10 23:15:00,NN,4387.053624947168
33,Day of Year,1447.7713270390473,80.0,2024-03-20 15:30:00,NN,4387.053624947168
34,Day of Year,-708.2217710471241,230.0,2024-08-17 00:15:00,NN,4387.053624947168
35,Day of Year,315.3979081363263,157.0,2024-06-05 05:15:00,NN,4387.053624947168
36,Day of Year,-303.047153184565,202.0,2024-07-20 01:30:00,NN,4387.053624947168
37,Day of Year,-1258.186596103861,316.0,2024-11-11 15:15:00,NN,4387.053624947168
38,Day of Year,2071.111554468348,45.0,2024-02-14 05:30:00,NN,4387.053624947168
39,Day of Year,1981.5690064559187,47.0,2024-02-16 01:00:00,NN,4387.053624947168
40,Day of Year,-897.1909048597996,256.0,2024-09-12 03:30:00,NN,4387.053624947168
41,Day of Year,724.2829800534331,123.0,2024-05-02 05:30:00,NN,4387.053624947168
42,Day of Year,-973.1821863108107,259.0,2024-09-15 14:15:00,NN,4387.053624947168
43,Day of Year,-749.4428199471686,235.0,2024-08-22 00:30:00,NN,4387.053624947168
44,Day of Year,-353.84073829927775,207.0,2024-07-25 09:45:00,NN,4387.053624947168
45,Day of Year,-1888.1726045770463,363.0,2024-12-28 23:30:00,NN,4387.053624947168
46,Day of Year,-981.0538310645496,259.0,2024-09-15 19:00:00,NN,4387.053624947168
47,Day of Year,847.6084015116668,101.0,2024-04-10 16:45:00,NN,4387.053624947168
48,Day of Year,-1117.5258679448414,294.0,2024-10-20 09:15:00,NN,4387.053624947168
49,Day of Year,-342.93605228245497,206.0,2024-07-24 18:30:00,NN,4387.053624947168
50,Day of Year,1888.899022586167,54.0,2024-02-23 12:30:00,NN,4387.053624947168
51,Day of Year,-1183.721128696945,308.0,2024-11-03 22:00:00,NN,4387.053624947168
52,Day of Year,1705.175019670498,59.0,2024-02-28 14:30:00,NN,4387.053624947168
53,Day of Year,-1261.0426196469652,314.0,2024-11-09 07:30:00,NN,4387.053624947168
54,Day of Year,-759.0496773237921,236.0,2024-08-23 03:15:00,NN,4387.053624947168
55,Day of Year,1709.526559411606,60.0,2024-02-29 22:45:00,NN,4387.053624947168
56,Day of Year,-1993.885700762872,351.0,2024-12-16 01:30:00,NN,4387.053624947168
57,Day of Year,-964.6352464925212,262.0,2024-09-18 22:45:00,NN,4387.053624947168
58,Day of Year,807.7481970475433,115.0,2024-04-24 16:30:00,NN,4387.053624947168
59,Day of Year,1870.1664300532552,55.0,2024-02-24 23:15:00,NN,4387.053624947168
60,Day of Year,-977.6687557247601,258.0,2024-09-14 11:00:00,NN,4387.053624947168
61,Day of Year,773.6599751167656,118.0,2024-04-27 12:45:00,NN,4387.053624947168
62,Day of Year,-205.4546053728714,198.0,2024-07-16 23:30:00,NN,4387.053624947168
63,Day of Year,-209.68940110707234,200.0,2024-07-18 08:00:00,NN,4387.053624947168
64,Day of Year,955.4319836137354,94.0,2024-04-03 06:15:00,NN,4387.053624947168
65,Day of Year,-460.0666931576883,217.0,2024-08-04 14:45:00,NN,4387.053624947168
66,Day of Year,1530.1536205771297,77.0,2024-03-17 21:45:00,NN,4387.053624947168
67,Day of Year,-521.5634679484517,221.0,2024-08-08 08:30:00,NN,4387.053624947168
68,Day of Year,-2076.1933863453723,360.0,2024-12-25 00:15:00,NN,4387.053624947168
69,Day of Year,-2011.4246986321612,352.0,2024-12-17 16:45:00,NN,4387.053624947168
70,Day of Year,-742.5754482664968,235.0,2024-08-22 22:45:00,NN,4387.053624947168
71,Day of Year,1585.979118160557,77.0,2024-03-17 20:15:00,NN,4387.053624947168
72,Day of Year,2032.3757195392038,48.0,2024-02-17 09:15:00,NN,4387.053624947168
73,Day of Year,1675.9318870366324,61.0,2024-03-01 06:00:00,NN,4387.053624947168
74,Day of Year,-677.9412238872654,228.0,2024-08-15 18:00:00,NN,4387.053624947168
75,Day of Year,-202.55529765659858,199.0,2024-07-17 19:00:00,NN,4387.053624947168
76,Day of Year,988.5087864608216,93.0,2024-04-02 12:15:00,NN,4387.053624947168
77,Day of Year,-542.7345307651801,219.0,2024-08-06 22:30:00,NN,4387.053624947168
78,Day of Year,-1997.7661481641364,352.0,2024-12-17 15:00:00,NN,4387.053624947168
79,Day of Year,1858.525974632236,51.0,2024-02-20 16:15:00,NN,4387.053624947168
80,Day of Year,-1051.7205286730737,263.0,2024-09-19 23:30:00,NN,4387.053624947168
81,Day of Year,-1242.594463022082,316.0,2024-11-11 06:00:00,NN,4387.053624947168
82,Day of Year,-718.414577569808,232.0,2024-08-19 12:30:00,NN,4387.053624947168
83,Day of Year,-1018.6929055929629,261.0,2024-09-17 09:00:00,NN,4387.053624947168
84,Day of Year,-1270.1323540246683,318.0,2024-11-13 04:45:00,NN,4387.053624947168
85,Day of Year,548.1759750787234,132.0,2024-05-11 13:15:00,NN,4387.053624947168
86,Day of Year,798.4672631700392,106.0,2024-04-15 05:00:00,NN,4387.053624947168
87,Day of Year,-975.7013261516172,258.0,2024-09-14 10:00:00,NN,4387.053624947168
88,Day of Year,670.8896702791512,129.0,2024-05-08 14:30:00,NN,4387.053624947168
89,Day of Year,-2044.828860914144,361.0,2024-12-26 19:15:00,NN,4387.053624947168
90,Day of Year,1707.4029604461168,59.0,2024-02-28 15:45:00,NN,4387.053624947168
91,Day of Year,-253.16317097778884,202.0,2024-07-20 22:15:00,NN,4387.053624947168
92,Day of Year,1628.3044168507413,75.0,2024-03-15 00:15:00,NN,4387.053624947168
93,Day of Year,790.1345441755345,117.0,2024-04-26 14:00:00,NN,4387.053624947168
94,Day of Year,-745.9908307522165,233.0,2024-08-20 10:00:00,NN,4387.053624947168
95,Day of Year,-967.7498811220136,258.0,2024-09-14 14:30:00,NN,4387.053624947168
96,Day of Year,-1794.4752719562152,335.0,2024-11-30 23:30:00,NN,4387.053624947168
97,Day of Year,798.1609167427662,119.0,2024-04-28 19:00:00,NN,4387.053624947168
98,Day of Year,690.001325287153,126.0,2024-05-05 15:45:00,NN,4387.053624947168
99,Day of Year,-200.3066500925511,198.0,2024-07-16 12:00:00,NN,4387.053624947168
100,Day of Year,-326.6434525278882,205.0,2024-07-23 00:30:00,NN,4387.053624947168
101,Day of Year,-2024.085186101554,357.0,2024-12-22 13:15:00,NN,4387.053624947168
102,Day of Year,1423.3582080711344,86.0,2024-03-26 15:00:00,NN,4387.053624947168
103,Day of Year,-530.8457451289847,221.0,2024-08-08 16:15:00,NN,4387.053624947168
104,Day of Year,-748.3511617808695,227.0,2024-08-14 09:30:00,NN,4387.053624947168
105,Day of Year,1832.5271489436645,57.0,2024-02-26 12:00:00,NN,4387.053624947168
106,Day of Year,1736.587656937316,59.0,2024-02-28 09:30:00,NN,4387.053624947168
107,Day of Year,2083.950414828926,40.0,2024-02-09 05:45:00,NN,4387.053624947168
108,Day of Year,-437.9797341595272,217.0,2024-08-04 02:30:00,NN,4387.053624947168
109,Day of Year,-310.5346306628549,202.0,2024-07-20 09:00:00,NN,4387.053624947168
110,Day of Year,1687.5937981197512,61.0,2024-03-01 09:30:00,NN,4387.053624947168
111,Day of Year,-995.5919103594913,263.0,2024-09-19 01:00:00,NN,4387.053624947168
112,Day of Year,-453.42600527844627,217.0,2024-08-04 01:45:00,NN,4387.053624947168
113,Day of Year,-2009.0889310556347,357.0,2024-12-22 01:45:00,NN,4387.053624947168
114,Day of Year,2093.6143611128205,44.0,2024-02-13 18:00:00,NN,4387.053624947168
115,Day of Year,-721.6089195946657,230.0,2024-08-17 03:45:00,NN,4387.053624947168
116,Day of Year,-1727.6756188476536,336.0,2024-12-01 21:30:00,NN,4387.053624947168
117,Day of Year,1368.6243545771026,87.0,2024-03-27 03:00:00,NN,4387.053624947168
118,Day of Year,-1138.484417659337,297.0,2024-10-23 08:00:00,NN,4387.053624947168
119,Day of Year,2039.9031234950196,48.0,2024-02-17 12:45:00,NN,4387.053624947168
120,Day of Year,-997.1617463083231,263.0,2024-09-19 03:30:00,NN,4387.053624947168
121,Day of Year,1910.7250691713637,54.0,2024-02-23 13:30:00,NN,4387.053624947168
122,Day of Year,728.4572825227218,119.0,2024-04-28 09:30:00,NN,4387.053624947168
123,Day of Year,756.9057615478426,119.0,2024-04-28 04:30:00,NN,4387.053624947168
124,Day of Year,785.8055571685422,117.0,2024-04-26 23:15:00,NN,4387.053624947168
125,Day of Year,-988.5100923239171,262.0,2024-09-18 01:00:00,NN,4387.053624947168
126,Day of Year,-737.4651896711633,227.0,2024-08-14 04:30:00,NN,4387.053624947168
127,Day of Year,-1315.2693441425033,318.0,2024-11-13 15:00:00,NN,4387.053624947168
128,Day of Year,667.3514977213171,127.0,2024-05-06 15:00:00,NN,4387.053624947168
129,Day of Year,728.2058225782073,119.0,2024-04-28 11:45:00,NN,4387.053624947168
130,Day of Year,-1246.618752757887,311.0,2024-11-06 06:45:00,NN,4387.053624947168
131,Day of Year,-764.1229857114231,234.0,2024-08-21 08:30:00,NN,4387.053624947168
132,Day of Year,812.2002088785794,102.0,2024-04-11 21:30:00,NN,4387.053624947168
133,Day of Year,-1259.198724988027,316.0,2024-11-11 10:30:00,NN,4387.053624947168
134,Day of Year,-2057.1859113726177,350.0,2024-12-15 14:45:00,NN,4387.053624947168
135,Day of Year,975.0010438877565,94.0,2024-04-03 04:45:00,NN,4387.053624947168
136,Day of Year,-1264.6336039242806,300.0,2024-10-26 06:15:00,NN,4387.053624947168
137,Day of Year,882.4337048338899,116.0,2024-04-25 14:30:00,NN,4387.053624947168
138,Day of Year,-1089.9121394350018,292.0,2024-10-18 10:45:00,NN,4387.053624947168
139,Day of Year,441.8587327855705,154.0,2024-06-02 01:30:00,NN,4387.053624947168
140,Day of Year,-758.5606415344065,235.0,2024-08-22 23:30:00,NN,4387.053624947168
141,Day of Year,-1996.7049114725583,357.0,2024-12-22 13:45:00,NN,4387.053624947168
142,Day of Year,-746.7028301778842,235.0,2024-08-22 17:45:00,NN,4387.053624947168
143,Day of Year,1334.0933295942373,82.0,2024-03-22 19:00:00,NN,4387.053624947168
144,Day of Year,-522.0312128460788,215.0,2024-08-02 04:45:00,NN,4387.053624947168
145,Day of Year,1368.7008613156445,87.0,2024-03-27 03:15:00,NN,4387.053624947168
146,Day of Year,1795.8047169518516,62.0,2024-03-02 08:15:00,NN,4387.053624947168
147,Day of Year,1657.1346826066838,60.0,2024-02-29 02:45:00,NN,4387.053624947168
148,Day of Year,-740.2043053916801,228.0,2024-08-15 06:30:00,NN,4387.053624947168
149,Day of Year,1594.9536579154612,76.0,2024-03-16 22:00:00,NN,4387.053624947168
150,Day of Year,-677.2260942237581,228.0,2024-08-15 18:15:00,NN,4387.053624947168
151,Day of Year,572.8699796264324,132.0,2024-05-11 03:00:00,NN,4387.053624947168
152,Day of Year,-732.0343357085756,235.0,2024-08-22 13:15:00,NN,4387.053624947168
153,Day of Year,-1248.4109725209278,310.0,2024-11-05 19:30:00,NN,4387.053624947168
154,Day of Year,222.626591210911,162.0,2024-06-10 03:00:00,NN,4387.053624947168
155,Day of Year,796.8988426272854,105.0,2024-04-14 12:00:00,NN,4387.053624947168
156,Day of Year,-219.1159883194009,199.0,2024-07-17 00:30:00,NN,4387.053624947168
157,Day of Year,-729.83595376312,233.0,2024-08-20 05:45:00,NN,4387.053624947168
158,Day of Year,-1372.3334496666048,324.0,2024-11-19 00:00:00,NN,4387.053624947168
159,Day of Year,-1715.1497237585475,336.0,2024-12-01 21:00:00,NN,4387.053624947168
160,Day of Year,973.117379847893,93.0,2024-04-02 14:30:00,NN,4387.053624947168
161,Day of Year,-555.6442989893093,223.0,2024-08-10 14:15:00,NN,4387.053624947168
162,Day of Year,1342.828121802774,84.0,2024-03-24 01:15:00,NN,4387.053624947168
163,Day of Year,-1351.3983332124283,317.0,2024-11-12 20:15:00,NN,4387.053624947168
164,Day of Year,323.9511641272038,159.0,2024-06-07 14:00:00,NN,4387.053624947168
165,Day of Year,571.734342183728,131.0,2024-05-10 12:45:00,NN,4387.053624947168
166,Day of Year,873.13788374581,116.0,2024-04-25 01:30:00,NN,4387.053624947168
167,Day of Year,-1917.5835197262074,344.0,2024-12-09 21:15:00,NN,4387.053624947168
168,Day of Year,1326.1548037426899,87.0,2024-03-27 10:00:00,NN,4387.053624947168
169,Day of Year,1823.99939415693,56.0,2024-02-25 16:15:00,NN,4387.053624947168
170,Day of Year,850.0575011342127,116.0,2024-04-25 04:00:00,NN,4387.053624947168
171,Day of Year,-1884.1726034016192,363.0,2024-12-28 21:15:00,NN,4387.053624947168
172,Day of Year,1794.6714146868342,57.0,2024-02-26 19:00:00,NN,4387.053624947168
173,Day of Year,-861.0846305919317,240.0,2024-08-27 13:00:00,NN,4387.053624947168
174,Day of Year,840.9587242640258,114.0,2024-04-23 21:45:00,NN,4387.053624947168
175,Day of Year,2048.627729375611,48.0,2024-02-17 16:15:00,NN,4387.053624947168
176,Day of Year,-718.3130376910123,232.0,2024-08-19 20:15:00,NN,4387.053624947168
177,Day of Year,-526.7799076792476,221.0,2024-08-08 07:45:00,NN,4387.053624947168
178,Day of Year,1328.873278456325,82.0,2024-03-22 20:15:00,NN,4387.053624947168
179,Day of Year,-817.6997023126506,238.0,2024-08-25 11:45:00,NN,4387.053624947168
180,Day of Year,-1165.939933116824,305.0,2024-10-31 09:00:00,NN,4387.053624947168
181,Day of Year,-1994.80949234067,351.0,2024-12-16 02:15:00,NN,4387.053624947168
182,Day of Year,-211.98978698464353,200.0,2024-07-18 00:00:00,NN,4387.053624947168
183,Day of Year,-775.927216129452,230.0,2024-08-17 22:30:00,NN,4387.053624947168
184,Day of Year,2066.4462832863824,45.0,2024-02-14 13:45:00,NN,4387.053624947168
185,Day of Year,307.967917631219,160.0,2024-06-08 10:30:00,NN,4387.053624947168
186,Day of Year,-764.1989024810156,227.0,2024-08-14 20:30:00,NN,4387.053624947168
187,Day of Year,1718.1281429967712,59.0,2024-02-28 03:15:00,NN,4387.053624947168
188,Day of Year,-1061.250071778514,290.0,2024-10-16 23:30:00,NN,4387.053624947168
189,Day of Year,567.4890425090827,127.0,2024-05-06 03:00:00,NN,4387.053624947168
190,Day of Year,-731.4183194707022,231.0,2024-08-18 20:15:00,NN,4387.053624947168
191,Day of Year,-1254.750970024716,307.0,2024-11-02 00:45:00,NN,4387.053624947168
192,Day of Year,-1880.0498810703098,358.0,2024-12-23 18:30:00,NN,4387.053624947168
193,Day of Year,1964.4429338999203,51.0,2024-02-20 05:30:00,NN,4387.053624947168
194,Day of Year,441.71761207756214,153.0,2024-06-01 18:45:00,NN,4387.053624947168
195,Day of Year,1366.7765461169543,83.0,2024-03-23 23:15:00,NN,4387.053624947168
196,Day of Year,-1161.3744361325996,305.0,2024-10-31 11:15:00,NN,4387.053624947168
197,Day of Year,1569.2722555817188,70.0,2024-03-10 10:15:00,NN,4387.053624947168
198,Day of Year,1757.2364233267194,58.0,2024-02-27 18:30:00,NN,4387.053624947168
199,Day of Year,-2023.8185104964998,349.0,2024-12-14 09:30:00,NN,4387.053624947168
0,Vessel External Conditions Wave Period (Provider S),645.8243956148561,8.2771,2024-12-22 11:30:00,NN,4387.053624947168
1,Vessel External Conditions Wave Period (Provider S),-193.81505778364834,2.3437,2024-03-09 10:00:00,NN,4387.053624947168
2,Vessel External Conditions Wave Period (Provider S),15.762491910970994,4.8051,2024-04-12 18:15:00,NN,4387.053624947168
3,Vessel External Conditions Wave Period (Provider S),-104.28174531847534,1.6541,2024-08-05 02:15:00,NN,4387.053624947168
4,Vessel External Conditions Wave Period (Provider S),137.8251930640612,5.5488,2024-08-24 05:00:00,NN,4387.053624947168
5,Vessel External Conditions Wave Period (Provider S),502.69463237644675,6.4266,2024-04-28 22:15:00,NN,4387.053624947168
6,Vessel External Conditions Wave Period (Provider S),756.0872447198927,7.6339,2024-04-29 15:00:00,NN,4387.053624947168
7,Vessel External Conditions Wave Period (Provider S),121.81769387900343,5.4332,2024-08-24 07:30:00,NN,4387.053624947168
8,Vessel External Conditions Wave Period (Provider S),443.80702726284625,7.4669,2024-12-20 13:45:00,NN,4387.053624947168
9,Vessel External Conditions Wave Period (Provider S),-42.2660016053619,4.2193,2024-12-24 11:45:00,NN,4387.053624947168
10,Vessel External Conditions Wave Period (Provider S),30.374122047496083,5.0022,2024-09-14 02:00:00,NN,4387.053624947168
11,Vessel External Conditions Wave Period (Provider S),132.51843966012024,5.4437,2024-02-10 19:00:00,NN,4387.053624947168
12,Vessel External Conditions Wave Period (Provider S),-167.82477501858378,1.7261,2024-09-12 02:45:00,NN,4387.053624947168
13,Vessel External Conditions Wave Period (Provider S),345.9634461917517,5.9642,2024-05-05 15:30:00,NN,4387.053624947168
14,Vessel External Conditions Wave Period (Provider S),319.54970499927424,6.4199,2024-09-15 02:15:00,NN,4387.053624947168
15,Vessel External Conditions Wave Period (Provider S),11.582717654864496,4.554,2024-04-02 01:45:00,NN,4387.053624947168
16,Vessel External Conditions Wave Period (Provider S),-86.66372389040681,2.9165,2024-12-27 03:45:00,NN,4387.053624947168
17,Vessel External Conditions Wave Period (Provider S),-183.8942411397127,2.6519,2024-03-12 02:45:00,NN,4387.053624947168
18,Vessel External Conditions Wave Period (Provider S),-13.520484376715913,4.4432,2024-03-17 07:45:00,NN,4387.053624947168
19,Vessel External Conditions Wave Period (Provider S),-117.0903038763455,3.7046,2024-12-14 15:15:00,NN,4387.053624947168
20,Vessel External Conditions Wave Period (Provider S),-164.39937140834033,2.84,2024-10-26 01:45:00,NN,4387.053624947168
21,Vessel External Conditions Wave Period (Provider S),45.142632241468114,4.7128,2024-04-01 22:00:00,NN,4387.053624947168
22,Vessel External Conditions Wave Period (Provider S),-183.95093775338339,2.7651,2024-05-11 08:45:00,NN,4387.053624947168
23,Vessel External Conditions Wave Period (Provider S),-68.73653202362203,3.9536,2024-04-30 21:45:00,NN,4387.053624947168
24,Vessel External Conditions Wave Period (Provider S),133.6385482223571,6.0564,2024-08-02 07:15:00,NN,4387.053624947168
25,Vessel External Conditions Wave Period (Provider S),-213.44002239713032,2.3844,2024-02-28 08:00:00,NN,4387.053624947168
26,Vessel External Conditions Wave Period (Provider S),210.47871068247278,6.0119,2024-03-03 03:45:00,NN,4387.053624947168
27,Vessel External Conditions Wave Period (Provider S),-90.19869873616453,2.8084,2024-11-11 13:30:00,NN,4387.053624947168
28,Vessel External Conditions Wave Period (Provider S),-236.9647842703329,1.6319,2024-02-28 17:45:00,NN,4387.053624947168
29,Vessel External Conditions Wave Period (Provider S),160.62241742197773,5.4466,2024-02-17 22:00:00,NN,4387.053624947168
30,Vessel External Conditions Wave Period (Provider S),-137.6771372714433,2.7848,2024-11-20 07:00:00,NN,4387.053624947168
31,Vessel External Conditions Wave Period (Provider S),-88.86809356295811,3.8598,2024-02-25 02:30:00,NN,4387.053624947168
32,Vessel External Conditions Wave Period (Provider S),-201.2027737168952,2.4689,2024-03-10 23:15:00,NN,4387.053624947168
33,Vessel External Conditions Wave Period (Provider S),-157.3460101866959,3.2215,2024-03-20 15:30:00,NN,4387.053624947168
34,Vessel External Conditions Wave Period (Provider S),-89.6634056306685,3.8908,2024-08-17 00:15:00,NN,4387.053624947168
35,Vessel External Conditions Wave Period (Provider S),-125.56131158368618,3.5645,2024-06-05 05:15:00,NN,4387.053624947168
36,Vessel External Conditions Wave Period (Provider S),-257.23317857308024,2.19,2024-07-20 01:30:00,NN,4387.053624947168
37,Vessel External Conditions Wave Period (Provider S),-101.9802361038761,2.7294,2024-11-11 15:15:00,NN,4387.053624947168
38,Vessel External Conditions Wave Period (Provider S),173.84594475680282,5.7707,2024-02-14 05:30:00,NN,4387.053624947168
39,Vessel External Conditions Wave Period (Provider S),-119.05592410642689,3.5806,2024-02-16 01:00:00,NN,4387.053624947168
40,Vessel External Conditions Wave Period (Provider S),-178.08695298829048,1.7636,2024-09-12 03:30:00,NN,4387.053624947168
41,Vessel External Conditions Wave Period (Provider S),834.4710664038356,7.7055,2024-05-02 05:30:00,NN,4387.053624947168
42,Vessel External Conditions Wave Period (Provider S),311.1632247352367,6.2749,2024-09-15 14:15:00,NN,4387.053624947168
43,Vessel External Conditions Wave Period (Provider S),-172.8324812914996,2.5048,2024-08-22 00:30:00,NN,4387.053624947168
44,Vessel External Conditions Wave Period (Provider S),278.85651340400267,6.0253,2024-07-25 09:45:00,NN,4387.053624947168
45,Vessel External Conditions Wave Period (Provider S),-2.432164008926975,4.7034,2024-12-28 23:30:00,NN,4387.053624947168
46,Vessel External Conditions Wave Period (Provider S),282.5876838008113,6.1395,2024-09-15 19:00:00,NN,4387.053624947168
47,Vessel External Conditions Wave Period (Provider S),-402.03750638939886,1.3256,2024-04-10 16:45:00,NN,4387.053624947168
48,Vessel External Conditions Wave Period (Provider S),81.74933140887394,5.2516,2024-10-20 09:15:00,NN,4387.053624947168
49,Vessel External Conditions Wave Period (Provider S),-50.53734357576102,4.3623,2024-07-24 18:30:00,NN,4387.053624947168
50,Vessel External Conditions Wave Period (Provider S),-66.57943566442782,4.0574,2024-02-23 12:30:00,NN,4387.053624947168
51,Vessel External Conditions Wave Period (Provider S),111.51455053718793,5.8079,2024-11-03 22:00:00,NN,4387.053624947168
52,Vessel External Conditions Wave Period (Provider S),-225.7580463661919,2.0469,2024-02-28 14:30:00,NN,4387.053624947168
53,Vessel External Conditions Wave Period (Provider S),-87.59453842631291,3.6062,2024-11-09 07:30:00,NN,4387.053624947168
54,Vessel External Conditions Wave Period (Provider S),-223.8048982324438,2.3671,2024-08-23 03:15:00,NN,4387.053624947168
55,Vessel External Conditions Wave Period (Provider S),-178.15303572171965,2.3438,2024-02-29 22:45:00,NN,4387.053624947168
56,Vessel External Conditions Wave Period (Provider S),-152.9195557182099,0.8107,2024-12-16 01:30:00,NN,4387.053624947168
57,Vessel External Conditions Wave Period (Provider S),-144.1702567844718,2.4842,2024-09-18 22:45:00,NN,4387.053624947168
58,Vessel External Conditions Wave Period (Provider S),-44.80666681995028,4.3893,2024-04-24 16:30:00,NN,4387.053624947168
59,Vessel External Conditions Wave Period (Provider S),-50.175873692958234,4.2173,2024-02-24 23:15:00,NN,4387.053624947168
60,Vessel External Conditions Wave Period (Provider S),247.9777741371005,6.0815,2024-09-14 11:00:00,NN,4387.053624947168
61,Vessel External Conditions Wave Period (Provider S),403.7170827548106,7.7978,2024-04-27 12:45:00,NN,4387.053624947168
62,Vessel External Conditions Wave Period (Provider S),-131.5153267083888,1.7768,2024-07-16 23:30:00,NN,4387.053624947168
63,Vessel External Conditions Wave Period (Provider S),-125.16127771008831,2.1241,2024-07-18 08:00:00,NN,4387.053624947168
64,Vessel External Conditions Wave Period (Provider S),-270.64891089674194,3.0067,2024-04-03 06:15:00,NN,4387.053624947168
65,Vessel External Conditions Wave Period (Provider S),-122.32444001487049,1.9875,2024-08-04 14:45:00,NN,4387.053624947168
66,Vessel External Conditions Wave Period (Provider S),-107.87348528048867,3.6714,2024-03-17 21:45:00,NN,4387.053624947168
67,Vessel External Conditions Wave Period (Provider S),-169.88831423859875,2.6172,2024-08-08 08:30:00,NN,4387.053624947168
68,Vessel External Conditions Wave Period (Provider S),-111.79691270871194,2.8743,2024-12-25 00:15:00,NN,4387.053624947168
69,Vessel External Conditions Wave Period (Provider S),-139.37396615919923,0.9903,2024-12-17 16:45:00,NN,4387.053624947168
70,Vessel External Conditions Wave Period (Provider S),-219.12847827864118,2.0236,2024-08-22 22:45:00,NN,4387.053624947168
71,Vessel External Conditions Wave Period (Provider S),127.18514948690478,5.3464,2024-03-17 20:15:00,NN,4387.053624947168
72,Vessel External Conditions Wave Period (Provider S),119.77693619368921,5.3483,2024-02-17 09:15:00,NN,4387.053624947168
73,Vessel External Conditions Wave Period (Provider S),-192.55557213141424,1.7599,2024-03-01 06:00:00,NN,4387.053624947168
74,Vessel External Conditions Wave Period (Provider S),-170.66327493999503,2.4828,2024-08-15 18:00:00,NN,4387.053624947168
75,Vessel External Conditions Wave Period (Provider S),-194.28186702597478,2.0628,2024-07-17 19:00:00,NN,4387.053624947168
76,Vessel External Conditions Wave Period (Provider S),-126.29513186411731,3.9517,2024-04-02 12:15:00,NN,4387.053624947168
77,Vessel External Conditions Wave Period (Provider S),-129.91167437607274,3.2085,2024-08-06 22:30:00,NN,4387.053624947168
78,Vessel External Conditions Wave Period (Provider S),-181.4062663599843,2.134,2024-12-17 15:00:00,NN,4387.053624947168
79,Vessel External Conditions Wave Period (Provider S),-175.75676240337503,2.9108,2024-02-20 16:15:00,NN,4387.053624947168
80,Vessel External Conditions Wave Period (Provider S),-1.9722721243012984,4.9652,2024-09-19 23:30:00,NN,4387.053624947168
81,Vessel External Conditions Wave Period (Provider S),-8.148194896120913,4.5891,2024-11-11 06:00:00,NN,4387.053624947168
82,Vessel External Conditions Wave Period (Provider S),-16.144305390035584,4.7122,2024-08-19 12:30:00,NN,4387.053624947168
83,Vessel External Conditions Wave Period (Provider S),115.935899657986,5.3659,2024-09-17 09:00:00,NN,4387.053624947168
84,Vessel External Conditions Wave Period (Provider S),-109.14951001157308,3.2877,2024-11-13 04:45:00,NN,4387.053624947168
85,Vessel External Conditions Wave Period (Provider S),-171.6648380959628,3.1157,2024-05-11 13:15:00,NN,4387.053624947168
86,Vessel External Conditions Wave Period (Provider S),-48.7799245813597,4.4081,2024-04-15 05:00:00,NN,4387.053624947168
87,Vessel External Conditions Wave Period (Provider S),220.12551007686605,5.9323,2024-09-14 10:00:00,NN,4387.053624947168
88,Vessel External Conditions Wave Period (Provider S),289.560530728061,6.0522,2024-05-08 14:30:00,NN,4387.053624947168
89,Vessel External Conditions Wave Period (Provider S),21.082854761513317,5.0351,2024-12-26 19:15:00,NN,4387.053624947168
90,Vessel External Conditions Wave Period (Provider S),-220.84203717475023,2.1493,2024-02-28 15:45:00,NN,4387.053624947168
91,Vessel External Conditions Wave Period (Provider S),-179.4962616707436,2.281,2024-07-20 22:15:00,NN,4387.053624947168
92,Vessel External Conditions Wave Period (Provider S),136.86690126021648,5.3919625,2024-03-15 00:15:00,NN,4387.053624947168
93,Vessel External Conditions Wave Period (Provider S),163.4056879708298,6.1975,2024-04-26 14:00:00,NN,4387.053624947168
94,Vessel External Conditions Wave Period (Provider S),-93.9129991182603,3.9608,2024-08-20 10:00:00,NN,4387.053624947168
95,Vessel External Conditions Wave Period (Provider S),282.1589940707021,6.1978,2024-09-14 14:30:00,NN,4387.053624947168
96,Vessel External Conditions Wave Period (Provider S),-145.18965363570422,2.4762,2024-11-30 23:30:00,NN,4387.053624947168
97,Vessel External Conditions Wave Period (Provider S),5.136599100623243,4.6002,2024-04-28 19:00:00,NN,4387.053624947168
98,Vessel External Conditions Wave Period (Provider S),343.3582267213579,5.9642,2024-05-05 15:45:00,NN,4387.053624947168
99,Vessel External Conditions Wave Period (Provider S),-102.72562282185942,1.289,2024-07-16 12:00:00,NN,4387.053624947168
100,Vessel External Conditions Wave Period (Provider S),83.44826763241643,5.1512,2024-07-23 00:30:00,NN,4387.053624947168
101,Vessel External Conditions Wave Period (Provider S),579.1799900938106,8.1694,2024-12-22 13:15:00,NN,4387.053624947168
102,Vessel External Conditions Wave Period (Provider S),68.91798484836396,5.0177,2024-03-26 15:00:00,NN,4387.053624947168
103,Vessel External Conditions Wave Period (Provider S),-113.02930082753768,3.1738,2024-08-08 16:15:00,NN,4387.053624947168
104,Vessel External Conditions Wave Period (Provider S),147.0559219765936,6.2911,2024-08-14 09:30:00,NN,4387.053624947168
105,Vessel External Conditions Wave Period (Provider S),-103.4004745435095,3.7086,2024-02-26 12:00:00,NN,4387.053624947168
106,Vessel External Conditions Wave Period (Provider S),-175.79981740332525,2.8631,2024-02-28 09:30:00,NN,4387.053624947168
107,Vessel External Conditions Wave Period (Provider S),30.62028340255665,4.9489,2024-02-09 05:45:00,NN,4387.053624947168
108,Vessel External Conditions Wave Period (Provider S),-103.86707121617212,2.286,2024-08-04 02:30:00,NN,4387.053624947168
109,Vessel External Conditions Wave Period (Provider S),-281.99280208633303,1.8074,2024-07-20 09:00:00,NN,4387.053624947168
110,Vessel External Conditions Wave Period (Provider S),-175.47521422447974,2.0662,2024-03-01 09:30:00,NN,4387.053624947168
111,Vessel External Conditions Wave Period (Provider S),-120.83013092781103,2.7865,2024-09-19 01:00:00,NN,4387.053624947168
112,Vessel External Conditions Wave Period (Provider S),-109.7340629581455,2.5951,2024-08-04 01:45:00,NN,4387.053624947168
113,Vessel External Conditions Wave Period (Provider S),559.96492072176,8.0607,2024-12-22 01:45:00,NN,4387.053624947168
114,Vessel External Conditions Wave Period (Provider S),178.23231875562865,5.776,2024-02-13 18:00:00,NN,4387.053624947168
115,Vessel External Conditions Wave Period (Provider S),-25.95012080962124,4.5733,2024-08-17 03:45:00,NN,4387.053624947168
116,Vessel External Conditions Wave Period (Provider S),146.08637399366512,5.7109,2024-12-01 21:30:00,NN,4387.053624947168
117,Vessel External Conditions Wave Period (Provider S),-60.58492301177577,4.1176,2024-03-27 03:00:00,NN,4387.053624947168
118,Vessel External Conditions Wave Period (Provider S),129.45440079900953,5.9442,2024-10-23 08:00:00,NN,4387.053624947168
119,Vessel External Conditions Wave Period (Provider S),182.94848345495635,5.4783,2024-02-17 12:45:00,NN,4387.053624947168
120,Vessel External Conditions Wave Period (Provider S),-126.271170327802,3.0516,2024-09-19 03:30:00,NN,4387.053624947168
121,Vessel External Conditions Wave Period (Provider S),45.79589652374139,4.9653,2024-02-23 13:30:00,NN,4387.053624947168
122,Vessel External Conditions Wave Period (Provider S),-218.66783077431367,1.9831,2024-04-28 09:30:00,NN,4387.053624947168
123,Vessel External Conditions Wave Period (Provider S),-96.69416542257048,1.4268,2024-04-28 04:30:00,NN,4387.053624947168
124,Vessel External Conditions Wave Period (Provider S),326.9675407971853,7.5305,2024-04-26 23:15:00,NN,4387.053624947168
125,Vessel External Conditions Wave Period (Provider S),-184.82550542311873,2.6584,2024-09-18 01:00:00,NN,4387.053624947168
126,Vessel External Conditions Wave Period (Provider S),158.21326564187743,6.4162,2024-08-14 04:30:00,NN,4387.053624947168
127,Vessel External Conditions Wave Period (Provider S),-96.97683781853941,3.6065,2024-11-13 15:00:00,NN,4387.053624947168
128,Vessel External Conditions Wave Period (Provider S),-215.95886798411405,2.5133,2024-05-06 15:00:00,NN,4387.053624947168
129,Vessel External Conditions Wave Period (Provider S),-219.299434061476,1.9954,2024-04-28 11:45:00,NN,4387.053624947168
130,Vessel External Conditions Wave Period (Provider S),-68.00615744907151,3.8186,2024-11-06 06:45:00,NN,4387.053624947168
131,Vessel External Conditions Wave Period (Provider S),-83.10652478313438,4.0596,2024-08-21 08:30:00,NN,4387.053624947168
132,Vessel External Conditions Wave Period (Provider S),-218.35760379329864,2.0813,2024-04-11 21:30:00,NN,4387.053624947168
133,Vessel External Conditions Wave Period (Provider S),-86.52371429837841,3.2002,2024-11-11 10:30:00,NN,4387.053624947168
134,Vessel External Conditions Wave Period (Provider S),-208.12914827202994,2.3526,2024-12-15 14:45:00,NN,4387.053624947168
135,Vessel External Conditions Wave Period (Provider S),-253.8553722928279,3.1133,2024-04-03 04:45:00,NN,4387.053624947168
136,Vessel External Conditions Wave Period (Provider S),-90.17881491872494,3.8651,2024-10-26 06:15:00,NN,4387.053624947168
137,Vessel External Conditions Wave Period (Provider S),-40.26494030965091,4.1904,2024-04-25 14:30:00,NN,4387.053624947168
138,Vessel External Conditions Wave Period (Provider S),-134.38106727515105,3.0997,2024-10-18 10:45:00,NN,4387.053624947168
139,Vessel External Conditions Wave Period (Provider S),86.47418693613513,5.107,2024-06-02 01:30:00,NN,4387.053624947168
140,Vessel External Conditions Wave Period (Provider S),-210.22630931026802,2.4312,2024-08-22 23:30:00,NN,4387.053624947168
141,Vessel External Conditions Wave Period (Provider S),567.0199125194965,8.1694,2024-12-22 13:45:00,NN,4387.053624947168
142,Vessel External Conditions Wave Period (Provider S),-227.4540569996133,2.0156,2024-08-22 17:45:00,NN,4387.053624947168
143,Vessel External Conditions Wave Period (Provider S),-226.07549654636253,1.1748,2024-03-22 19:00:00,NN,4387.053624947168
144,Vessel External Conditions Wave Period (Provider S),142.31160235287038,5.9854,2024-08-02 04:45:00,NN,4387.053624947168
145,Vessel External Conditions Wave Period (Provider S),-60.87918690111384,4.1176,2024-03-27 03:15:00,NN,4387.053624947168
146,Vessel External Conditions Wave Period (Provider S),232.2429766747169,6.0943,2024-03-02 08:15:00,NN,4387.053624947168
147,Vessel External Conditions Wave Period (Provider S),-228.58195946133873,1.3999,2024-02-29 02:45:00,NN,4387.053624947168
148,Vessel External Conditions Wave Period (Provider S),73.54984227114429,5.8657,2024-08-15 06:30:00,NN,4387.053624947168
149,Vessel External Conditions Wave Period (Provider S),59.581849295066256,4.9425,2024-03-16 22:00:00,NN,4387.053624947168
150,Vessel External Conditions Wave Period (Provider S),-169.4102200377898,2.4828,2024-08-15 18:15:00,NN,4387.053624947168
151,Vessel External Conditions Wave Period (Provider S),-164.79681092698573,2.5965,2024-05-11 03:00:00,NN,4387.053624947168
152,Vessel External Conditions Wave Period (Provider S),-202.3307470068869,1.9923,2024-08-22 13:15:00,NN,4387.053624947168
153,Vessel External Conditions Wave Period (Provider S),5.55545756594347,4.839,2024-11-05 19:30:00,NN,4387.053624947168
154,Vessel External Conditions Wave Period (Provider S),-171.87578663959565,3.2346,2024-06-10 03:00:00,NN,4387.053624947168
155,Vessel External Conditions Wave Period (Provider S),-148.75090392090462,3.5229,2024-04-14 12:00:00,NN,4387.053624947168
156,Vessel External Conditions Wave Period (Provider S),-135.7543043204023,1.7987,2024-07-17 00:30:00,NN,4387.053624947168
157,Vessel External Conditions Wave Period (Provider S),-166.8064210922414,3.0671,2024-08-20 05:45:00,NN,4387.053624947168
158,Vessel External Conditions Wave Period (Provider S),-70.57477288690033,3.8763,2024-11-19 00:00:00,NN,4387.053624947168
159,Vessel External Conditions Wave Period (Provider S),145.32647068234567,5.7109,2024-12-01 21:00:00,NN,4387.053624947168
160,Vessel External Conditions Wave Period (Provider S),-117.74329125659874,3.9805,2024-04-02 14:30:00,NN,4387.053624947168
161,Vessel External Conditions Wave Period (Provider S),-125.63004010499158,2.9242,2024-08-10 14:15:00,NN,4387.053624947168
162,Vessel External Conditions Wave Period (Provider S),-244.79853212038995,1.9069,2024-03-24 01:15:00,NN,4387.053624947168
163,Vessel External Conditions Wave Period (Provider S),31.036890159102086,4.8505,2024-11-12 20:15:00,NN,4387.053624947168
164,Vessel External Conditions Wave Period (Provider S),7.242776640208258,4.6471,2024-06-07 14:00:00,NN,4387.053624947168
165,Vessel External Conditions Wave Period (Provider S),-263.0157577917236,2.7973,2024-05-10 12:45:00,NN,4387.053624947168
166,Vessel External Conditions Wave Period (Provider S),-232.613878089243,2.8736,2024-04-25 01:30:00,NN,4387.053624947168
167,Vessel External Conditions Wave Period (Provider S),-3.4218748523492195,4.6709,2024-12-09 21:15:00,NN,4387.053624947168
168,Vessel External Conditions Wave Period (Provider S),-197.01429084261798,2.5685,2024-03-27 10:00:00,NN,4387.053624947168
169,Vessel External Conditions Wave Period (Provider S),-129.40054077139587,3.4364,2024-02-25 16:15:00,NN,4387.053624947168
170,Vessel External Conditions Wave Period (Provider S),-242.42114583221877,2.9555,2024-04-25 04:00:00,NN,4387.053624947168
171,Vessel External Conditions Wave Period (Provider S),31.22942018586855,5.0498,2024-12-28 21:15:00,NN,4387.053624947168
172,Vessel External Conditions Wave Period (Provider S),-177.07205258599814,2.8604,2024-02-26 19:00:00,NN,4387.053624947168
173,Vessel External Conditions Wave Period (Provider S),320.9137379853777,6.5999,2024-08-27 13:00:00,NN,4387.053624947168
174,Vessel External Conditions Wave Period (Provider S),163.04217259180228,5.8977,2024-04-23 21:45:00,NN,4387.053624947168
175,Vessel External Conditions Wave Period (Provider S),187.04192916802486,5.5113,2024-02-17 16:15:00,NN,4387.053624947168
176,Vessel External Conditions Wave Period (Provider S),-143.91381849620288,3.401,2024-08-19 20:15:00,NN,4387.053624947168
177,Vessel External Conditions Wave Period (Provider S),-157.54436008449224,2.9111,2024-08-08 07:45:00,NN,4387.053624947168
178,Vessel External Conditions Wave Period (Provider S),-221.18428565716943,1.0434,2024-03-22 20:15:00,NN,4387.053624947168
179,Vessel External Conditions Wave Period (Provider S),228.339473842956,6.3112,2024-08-25 11:45:00,NN,4387.053624947168
180,Vessel External Conditions Wave Period (Provider S),-86.0911879985373,3.431,2024-10-31 09:00:00,NN,4387.053624947168
181,Vessel External Conditions Wave Period (Provider S),-165.05730718844683,0.7739,2024-12-16 02:15:00,NN,4387.053624947168
182,Vessel External Conditions Wave Period (Provider S),-142.45949725770365,2.5253,2024-07-18 00:00:00,NN,4387.053624947168
183,Vessel External Conditions Wave Period (Provider S),121.25687592525772,5.2571,2024-08-17 22:30:00,NN,4387.053624947168
184,Vessel External Conditions Wave Period (Provider S),197.67335626553339,5.8866,2024-02-14 13:45:00,NN,4387.053624947168
185,Vessel External Conditions Wave Period (Provider S),35.415140160280224,4.8563,2024-06-08 10:30:00,NN,4387.053624947168
186,Vessel External Conditions Wave Period (Provider S),181.66747719570344,6.8146,2024-08-14 20:30:00,NN,4387.053624947168
187,Vessel External Conditions Wave Period (Provider S),-243.67192152091565,1.9754,2024-02-28 03:15:00,NN,4387.053624947168
188,Vessel External Conditions Wave Period (Provider S),-150.10911817145083,2.5577,2024-10-16 23:30:00,NN,4387.053624947168
189,Vessel External Conditions Wave Period (Provider S),-183.4514495090019,2.7865,2024-05-06 03:00:00,NN,4387.053624947168
190,Vessel External Conditions Wave Period (Provider S),112.41141224181872,5.3833,2024-08-18 20:15:00,NN,4387.053624947168
191,Vessel External Conditions Wave Period (Provider S),-161.11237796250134,2.6411,2024-11-02 00:45:00,NN,4387.053624947168
192,Vessel External Conditions Wave Period (Provider S),33.873082017867546,5.0482,2024-12-23 18:30:00,NN,4387.053624947168
193,Vessel External Conditions Wave Period (Provider S),7.471825584516902,4.7108,2024-02-20 05:30:00,NN,4387.053624947168
194,Vessel External Conditions Wave Period (Provider S),121.30962557361936,5.2965,2024-06-01 18:45:00,NN,4387.053624947168
195,Vessel External Conditions Wave Period (Provider S),-250.6999213829332,1.9017,2024-03-23 23:15:00,NN,4387.053624947168
196,Vessel External Conditions Wave Period (Provider S),-83.27135955006106,3.4605,2024-10-31 11:15:00,NN,4387.053624947168
197,Vessel External Conditions Wave Period (Provider S),-189.58742770933222,2.6516,2024-03-10 10:15:00,NN,4387.053624947168
198,Vessel External Conditions Wave Period (Provider S),-214.85199110683945,2.4439,2024-02-27 18:30:00,NN,4387.053624947168
199,Vessel External Conditions Wave Period (Provider S),-111.37516984990012,3.5728,2024-12-14 09:30:00,NN,4387.053624947168
0,longitudinal_wave_force (calculated),466.77220677961947,2.5597507258003733,2024-12-22 11:30:00,NN,4387.053624947168
1,longitudinal_wave_force (calculated),-147.25473913974733,-1.4216665921290124,2024-03-09 10:00:00,NN,4387.053624947168
2,longitudinal_wave_force (calculated),-331.0723429978681,-0.7014102061577555,2024-04-12 18:15:00,NN,4387.053624947168
3,longitudinal_wave_force (calculated),-61.48801439925487,-0.7493404385604426,2024-08-05 02:15:00,NN,4387.053624947168
4,longitudinal_wave_force (calculated),78.30531380724835,1.7652332869848957,2024-08-24 05:00:00,NN,4387.053624947168
5,longitudinal_wave_force (calculated),78.83183229363216,0.8434676216695733,2024-04-28 22:15:00,NN,4387.053624947168
6,longitudinal_wave_force (calculated),910.2485723082591,3.219803538307385,2024-04-29 15:00:00,NN,4387.053624947168
7,longitudinal_wave_force (calculated),83.94673688792444,1.7989470371355385,2024-08-24 07:30:00,NN,4387.053624947168
8,longitudinal_wave_force (calculated),326.2324598019728,2.228173381389132,2024-12-20 13:45:00,NN,4387.053624947168
9,longitudinal_wave_force (calculated),-89.67012839294244,0.3033689656425226,2024-12-24 11:45:00,NN,4387.053624947168
10,longitudinal_wave_force (calculated),-98.10187123100532,0.2726668767183282,2024-09-14 02:00:00,NN,4387.053624947168
11,longitudinal_wave_force (calculated),48.42904496074572,1.334716618778699,2024-02-10 19:00:00,NN,4387.053624947168
12,longitudinal_wave_force (calculated),-122.43028106507734,-0.7874213735029306,2024-09-12 02:45:00,NN,4387.053624947168
13,longitudinal_wave_force (calculated),529.2243200922047,2.1896727308681805,2024-05-05 15:30:00,NN,4387.053624947168
14,longitudinal_wave_force (calculated),-58.67702299610403,0.4822959254097678,2024-09-15 02:15:00,NN,4387.053624947168
15,longitudinal_wave_force (calculated),38.70935827337508,1.0068530138493437,2024-04-02 01:45:00,NN,4387.053624947168
16,longitudinal_wave_force (calculated),-135.7064070917613,-0.9970668335090578,2024-12-27 03:45:00,NN,4387.053624947168
17,longitudinal_wave_force (calculated),-134.07802235122676,-1.4306995927976982,2024-03-12 02:45:00,NN,4387.053624947168
18,longitudinal_wave_force (calculated),40.72104887603368,1.1925608324641428,2024-03-17 07:45:00,NN,4387.053624947168
19,longitudinal_wave_force (calculated),7.791118440425635,1.0876916514738637,2024-12-14 15:15:00,NN,4387.053624947168
20,longitudinal_wave_force (calculated),145.97697816924514,1.7077821340565422,2024-10-26 01:45:00,NN,4387.053624947168
21,longitudinal_wave_force (calculated),29.447664860396287,0.9777275871887282,2024-04-01 22:00:00,NN,4387.053624947168
22,longitudinal_wave_force (calculated),-238.27686825575236,-0.636672806581216,2024-05-11 08:45:00,NN,4387.053624947168
23,longitudinal_wave_force (calculated),-42.90535901612324,-3.4463271956473025,2024-04-30 21:45:00,NN,4387.053624947168
24,longitudinal_wave_force (calculated),1.4250485869723732,-1.742776359444616,2024-08-02 07:15:00,NN,4387.053624947168
25,longitudinal_wave_force (calculated),-154.34549517296233,0.0892041941238625,2024-02-28 08:00:00,NN,4387.053624947168
26,longitudinal_wave_force (calculated),458.1449413245916,2.485971398265036,2024-03-03 03:45:00,NN,4387.053624947168
27,longitudinal_wave_force (calculated),-76.07563569451328,-2.038734596884911,2024-11-11 13:30:00,NN,4387.053624947168
28,longitudinal_wave_force (calculated),-171.70377727127325,-0.1661428729734088,2024-02-28 17:45:00,NN,4387.053624947168
29,longitudinal_wave_force (calculated),5.031704021042799,1.1428909783561778,2024-02-17 22:00:00,NN,4387.053624947168
30,longitudinal_wave_force (calculated),-146.61440817646908,-0.5058549789513076,2024-11-20 07:00:00,NN,4387.053624947168
31,longitudinal_wave_force (calculated),274.1670105936877,1.999650977176462,2024-02-25 02:30:00,NN,4387.053624947168
32,longitudinal_wave_force (calculated),-80.57283508156183,0.6691017216329546,2024-03-10 23:15:00,NN,4387.053624947168
33,longitudinal_wave_force (calculated),-195.98477066298614,-0.512095754089352,2024-03-20 15:30:00,NN,4387.053624947168
34,longitudinal_wave_force (calculated),201.99303425922687,2.094820802034528,2024-08-17 00:15:00,NN,4387.053624947168
35,longitudinal_wave_force (calculated),-164.1728552545105,-0.5564550297485267,2024-06-05 05:15:00,NN,4387.053624947168
36,longitudinal_wave_force (calculated),-143.07939556821304,0.4664548816852418,2024-07-20 01:30:00,NN,4387.053624947168
37,longitudinal_wave_force (calculated),-123.82796171588934,-1.4009771433688438,2024-11-11 15:15:00,NN,4387.053624947168
38,longitudinal_wave_force (calculated),239.2223761642428,2.011895899748985,2024-02-14 05:30:00,NN,4387.053624947168
39,longitudinal_wave_force (calculated),-10.204648007528021,1.0364150971973882,2024-02-16 01:00:00,NN,4387.053624947168
40,longitudinal_wave_force (calculated),-126.78458825120609,-0.5854852441859377,2024-09-12 03:30:00,NN,4387.053624947168
41,longitudinal_wave_force (calculated),216.27929766917717,1.3727706634967989,2024-05-02 05:30:00,NN,4387.053624947168
42,longitudinal_wave_force (calculated),-77.80472526130899,0.2121114957085165,2024-09-15 14:15:00,NN,4387.053624947168
43,longitudinal_wave_force (calculated),30.060621811414308,1.7391724982335297,2024-08-22 00:30:00,NN,4387.053624947168
44,longitudinal_wave_force (calculated),257.9998190387495,1.612123075496855,2024-07-25 09:45:00,NN,4387.053624947168
45,longitudinal_wave_force (calculated),-19.818240740983406,0.8883535642305359,2024-12-28 23:30:00,NN,4387.053624947168
46,longitudinal_wave_force (calculated),-23.51597909586303,0.7605932529039421,2024-09-15 19:00:00,NN,4387.053624947168
47,longitudinal_wave_force (calculated),-51.48029650204038,1.0386418512494024,2024-04-10 16:45:00,NN,4387.053624947168
48,longitudinal_wave_force (calculated),-98.28829684360902,0.215346200723494,2024-10-20 09:15:00,NN,4387.053624947168
49,longitudinal_wave_force (calculated),-6.3755188200404405,0.8818613301701581,2024-07-24 18:30:00,NN,4387.053624947168
50,longitudinal_wave_force (calculated),350.48949087261076,2.199465797981594,2024-02-23 12:30:00,NN,4387.053624947168
51,longitudinal_wave_force (calculated),-134.02582069862686,-1.5220205398056526,2024-11-03 22:00:00,NN,4387.053624947168
52,longitudinal_wave_force (calculated),-170.85439994872715,-0.1047813604497456,2024-02-28 14:30:00,NN,4387.053624947168
53,longitudinal_wave_force (calculated),-135.24012629648834,-0.2796104545618046,2024-11-09 07:30:00,NN,4387.053624947168
54,longitudinal_wave_force (calculated),-11.066606390083962,1.5799799248821995,2024-08-23 03:15:00,NN,4387.053624947168
55,longitudinal_wave_force (calculated),-62.79858454713009,-1.969331817309189,2024-02-29 22:45:00,NN,4387.053624947168
56,longitudinal_wave_force (calculated),54.05829444945127,1.447982793058392,2024-12-16 01:30:00,NN,4387.053624947168
57,longitudinal_wave_force (calculated),-76.42332202797596,-1.594680002275063,2024-09-18 22:45:00,NN,4387.053624947168
58,longitudinal_wave_force (calculated),-209.5718166887823,-2.556939030945044,2024-04-24 16:30:00,NN,4387.053624947168
59,longitudinal_wave_force (calculated),284.1451642190197,2.029780869001649,2024-02-24 23:15:00,NN,4387.053624947168
60,longitudinal_wave_force (calculated),-88.6401141031408,0.1445825654848207,2024-09-14 11:00:00,NN,4387.053624947168
61,longitudinal_wave_force (calculated),-256.3836720541882,-4.43695496925699,2024-04-27 12:45:00,NN,4387.053624947168
62,longitudinal_wave_force (calculated),-32.79912572526532,0.8505805945443682,2024-07-16 23:30:00,NN,4387.053624947168
63,longitudinal_wave_force (calculated),-193.23137705350675,-0.3608678944973172,2024-07-18 08:00:00,NN,4387.053624947168
64,longitudinal_wave_force (calculated),-226.7580495539764,0.341129829553996,2024-04-03 06:15:00,NN,4387.053624947168
65,longitudinal_wave_force (calculated),-6.544199438045894,-1.0192339545562623,2024-08-04 14:45:00,NN,4387.053624947168
66,longitudinal_wave_force (calculated),-27.473130090767864,0.8559166158669554,2024-03-17 21:45:00,NN,4387.053624947168
67,longitudinal_wave_force (calculated),-18.419808989161083,1.0932885416914573,2024-08-08 08:30:00,NN,4387.053624947168
68,longitudinal_wave_force (calculated),-162.6424232265659,-0.8442713792581796,2024-12-25 00:15:00,NN,4387.053624947168
69,longitudinal_wave_force (calculated),-155.0196192312628,-0.1256326241147154,2024-12-17 16:45:00,NN,4387.053624947168
70,longitudinal_wave_force (calculated),-17.82177410785448,1.5771098304281437,2024-08-22 22:45:00,NN,4387.053624947168
71,longitudinal_wave_force (calculated),-20.154179775544108,0.905911425316388,2024-03-17 20:15:00,NN,4387.053624947168
72,longitudinal_wave_force (calculated),-38.38048193206617,0.9234087280368805,2024-02-17 09:15:00,NN,4387.053624947168
73,longitudinal_wave_force (calculated),-33.91827071760936,-1.987040508337946,2024-03-01 06:00:00,NN,4387.053624947168
74,longitudinal_wave_force (calculated),58.899369974468726,1.8144155630705605,2024-08-15 18:00:00,NN,4387.053624947168
75,longitudinal_wave_force (calculated),-33.193149332543044,0.6968101373768091,2024-07-17 19:00:00,NN,4387.053624947168
76,longitudinal_wave_force (calculated),-183.91133444151237,0.4589856179782992,2024-04-02 12:15:00,NN,4387.053624947168
77,longitudinal_wave_force (calculated),-87.6731693447526,0.5395642311900238,2024-08-06 22:30:00,NN,4387.053624947168
78,longitudinal_wave_force (calculated),-143.68855712484523,-0.0231632722925921,2024-12-17 15:00:00,NN,4387.053624947168
79,longitudinal_wave_force (calculated),-198.5059396139853,-0.507464066240747,2024-02-20 16:15:00,NN,4387.053624947168
80,longitudinal_wave_force (calculated),-110.67589539589949,-1.8662334874587307,2024-09-19 23:30:00,NN,4387.053624947168
81,longitudinal_wave_force (calculated),-137.922929518855,-1.4764592433836403,2024-11-11 06:00:00,NN,4387.053624947168
82,longitudinal_wave_force (calculated),-65.02170317671799,1.0588842108626697,2024-08-19 12:30:00,NN,4387.053624947168
83,longitudinal_wave_force (calculated),-65.98310220412006,0.4290809117914648,2024-09-17 09:00:00,NN,4387.053624947168
84,longitudinal_wave_force (calculated),-51.2816816414938,0.6456735854757999,2024-11-13 04:45:00,NN,4387.053624947168
85,longitudinal_wave_force (calculated),-229.42540417350392,-0.4446997126740392,2024-05-11 13:15:00,NN,4387.053624947168
86,longitudinal_wave_force (calculated),-212.83541275309074,-2.060319581135732,2024-04-15 05:00:00,NN,4387.053624947168
87,longitudinal_wave_force (calculated),-55.12291304268321,0.4910362195725996,2024-09-14 10:00:00,NN,4387.053624947168
88,longitudinal_wave_force (calculated),-111.82205799828492,0.0831650861195112,2024-05-08 14:30:00,NN,4387.053624947168
89,longitudinal_wave_force (calculated),-156.57988987363015,-0.69320310431692,2024-12-26 19:15:00,NN,4387.053624947168
90,longitudinal_wave_force (calculated),-169.7128551536725,-0.0826233890728817,2024-02-28 15:45:00,NN,4387.053624947168
91,longitudinal_wave_force (calculated),8.170599448585108,0.988074550128362,2024-07-20 22:15:00,NN,4387.053624947168
92,longitudinal_wave_force (calculated),224.62333953074125,1.884554842350552,2024-03-15 00:15:00,NN,4387.053624947168
93,longitudinal_wave_force (calculated),-269.9885745666644,-3.3629079886520894,2024-04-26 14:00:00,NN,4387.053624947168
94,longitudinal_wave_force (calculated),-46.61479817613621,1.175238363100659,2024-08-20 10:00:00,NN,4387.053624947168
95,longitudinal_wave_force (calculated),-82.08809540134371,0.1808485726517613,2024-09-14 14:30:00,NN,4387.053624947168
96,longitudinal_wave_force (calculated),-40.94775772874027,0.8535708411569821,2024-11-30 23:30:00,NN,4387.053624947168
97,longitudinal_wave_force (calculated),-136.25109413443047,-0.0011994173530111,2024-04-28 19:00:00,NN,4387.053624947168
98,longitudinal_wave_force (calculated),519.2647583902201,2.1932413613241764,2024-05-05 15:45:00,NN,4387.053624947168
99,longitudinal_wave_force (calculated),-150.36461572717266,0.1057725430752564,2024-07-16 12:00:00,NN,4387.053624947168
100,longitudinal_wave_force (calculated),345.9692764763713,1.8629736111616144,2024-07-23 00:30:00,NN,4387.053624947168
101,longitudinal_wave_force (calculated),519.6419433011168,2.848325484908043,2024-12-22 13:15:00,NN,4387.053624947168
102,longitudinal_wave_force (calculated),-40.92570400133235,0.7710151908310596,2024-03-26 15:00:00,NN,4387.053624947168
103,longitudinal_wave_force (calculated),-82.25750430947295,0.9369906092962738,2024-08-08 16:15:00,NN,4387.053624947168
104,longitudinal_wave_force (calculated),-146.63927312188932,-2.425929854392676,2024-08-14 09:30:00,NN,4387.053624947168
105,longitudinal_wave_force (calculated),46.93358524984926,1.227225294161695,2024-02-26 12:00:00,NN,4387.053624947168
106,longitudinal_wave_force (calculated),-143.4503763227531,0.1828565678771604,2024-02-28 09:30:00,NN,4387.053624947168
107,longitudinal_wave_force (calculated),51.84975056640787,1.3052906789496752,2024-02-09 05:45:00,NN,4387.053624947168
108,longitudinal_wave_force (calculated),23.448234496422693,-1.456612148627752,2024-08-04 02:30:00,NN,4387.053624947168
109,longitudinal_wave_force (calculated),-109.64655678466106,0.637051707888544,2024-07-20 09:00:00,NN,4387.053624947168
110,longitudinal_wave_force (calculated),-12.789104580927187,-2.199984608422024,2024-03-01 09:30:00,NN,4387.053624947168
111,longitudinal_wave_force (calculated),-67.07060299988166,-1.6837549276218426,2024-09-19 01:00:00,NN,4387.053624947168
112,longitudinal_wave_force (calculated),34.61668721592582,-1.4580726955032872,2024-08-04 01:45:00,NN,4387.053624947168
113,longitudinal_wave_force (calculated),341.63316822298106,2.2711149475182038,2024-12-22 01:45:00,NN,4387.053624947168
114,longitudinal_wave_force (calculated),271.0198109757823,2.0985186299435274,2024-02-13 18:00:00,NN,4387.053624947168
115,longitudinal_wave_force (calculated),149.10138291601282,2.1227736071163803,2024-08-17 03:45:00,NN,4387.053624947168
116,longitudinal_wave_force (calculated),404.10165005789634,2.6210499145794324,2024-12-01 21:30:00,NN,4387.053624947168
117,longitudinal_wave_force (calculated),-30.440243841500433,0.8486009201344359,2024-03-27 03:00:00,NN,4387.053624947168
118,longitudinal_wave_force (calculated),-186.88598134113357,-1.567871244442543,2024-10-23 08:00:00,NN,4387.053624947168
119,longitudinal_wave_force (calculated),-9.278667925466152,0.9169240940825244,2024-02-17 12:45:00,NN,4387.053624947168
120,longitudinal_wave_force (calculated),-82.11016179272974,-1.686405658588943,2024-09-19 03:30:00,NN,4387.053624947168
121,longitudinal_wave_force (calculated),347.0705211693657,2.1986129533510743,2024-02-23 13:30:00,NN,4387.053624947168
122,longitudinal_wave_force (calculated),-184.45798373850695,-0.2398425576986996,2024-04-28 09:30:00,NN,4387.053624947168
123,longitudinal_wave_force (calculated),-60.96065114226611,-2.5912577368492284,2024-04-28 04:30:00,NN,4387.053624947168
124,longitudinal_wave_force (calculated),-138.57055197185187,-4.711702387622172,2024-04-26 23:15:00,NN,4387.053624947168
125,longitudinal_wave_force (calculated),-20.27052222287159,1.0273256947348013,2024-09-18 01:00:00,NN,4387.053624947168
126,longitudinal_wave_force (calculated),-198.5562119532718,-2.2633552373975383,2024-08-14 04:30:00,NN,4387.053624947168
127,longitudinal_wave_force (calculated),96.47867467285324,1.4263695064030082,2024-11-13 15:00:00,NN,4387.053624947168
128,longitudinal_wave_force (calculated),-140.38477142795955,-0.0604906996185261,2024-05-06 15:00:00,NN,4387.053624947168
129,longitudinal_wave_force (calculated),-186.51235242880108,-0.3427562096109205,2024-04-28 11:45:00,NN,4387.053624947168
130,longitudinal_wave_force (calculated),-142.6391637276717,-1.4674073391459728,2024-11-06 06:45:00,NN,4387.053624947168
131,longitudinal_wave_force (calculated),69.05043539180747,1.8413568472538733,2024-08-21 08:30:00,NN,4387.053624947168
132,longitudinal_wave_force (calculated),-229.03729557223068,-0.4688757255915277,2024-04-11 21:30:00,NN,4387.053624947168
133,longitudinal_wave_force (calculated),-98.5019593733473,-1.8963702572314836,2024-11-11 10:30:00,NN,4387.053624947168
134,longitudinal_wave_force (calculated),-16.882386914240442,1.0534506796006635,2024-12-15 14:45:00,NN,4387.053624947168
135,longitudinal_wave_force (calculated),-188.3414570951219,0.4526804021569451,2024-04-03 04:45:00,NN,4387.053624947168
136,longitudinal_wave_force (calculated),192.2542128380917,1.8277233370188064,2024-10-26 06:15:00,NN,4387.053624947168
137,longitudinal_wave_force (calculated),506.5700423314267,1.98550517033649,2024-04-25 14:30:00,NN,4387.053624947168
138,longitudinal_wave_force (calculated),-107.8159478711713,0.3169857669081975,2024-10-18 10:45:00,NN,4387.053624947168
139,longitudinal_wave_force (calculated),16.709941476615086,0.8272368558805455,2024-06-02 01:30:00,NN,4387.053624947168
140,longitudinal_wave_force (calculated),-4.449380557992754,1.606128437376198,2024-08-22 23:30:00,NN,4387.053624947168
141,longitudinal_wave_force (calculated),495.72353173865633,2.833412669774391,2024-12-22 13:45:00,NN,4387.053624947168
142,longitudinal_wave_force (calculated),-35.3341235152361,1.4628499692726082,2024-08-22 17:45:00,NN,4387.053624947168
143,longitudinal_wave_force (calculated),-143.28281863138164,0.1588731772928683,2024-03-22 19:00:00,NN,4387.053624947168
144,longitudinal_wave_force (calculated),-87.44642593264821,-1.135530701987184,2024-08-02 04:45:00,NN,4387.053624947168
145,longitudinal_wave_force (calculated),-32.6199507411975,0.839273795792304,2024-03-27 03:15:00,NN,4387.053624947168
146,longitudinal_wave_force (calculated),603.9656454530759,2.8517963804240254,2024-03-02 08:15:00,NN,4387.053624947168
147,longitudinal_wave_force (calculated),-180.93503831731886,-0.6765222919918432,2024-02-29 02:45:00,NN,4387.053624947168
148,longitudinal_wave_force (calculated),-150.63193499333804,-2.3046502462133702,2024-08-15 06:30:00,NN,4387.053624947168
149,longitudinal_wave_force (calculated),72.02008991793535,1.3022858488705025,2024-03-16 22:00:00,NN,4387.053624947168
150,longitudinal_wave_force (calculated),62.70883250470255,1.8198904948340573,2024-08-15 18:15:00,NN,4387.053624947168
151,longitudinal_wave_force (calculated),-226.23738476689581,-1.279595996980169,2024-05-11 03:00:00,NN,4387.053624947168
152,longitudinal_wave_force (calculated),-14.42872524849372,1.5960449706881257,2024-08-22 13:15:00,NN,4387.053624947168
153,longitudinal_wave_force (calculated),-166.92344903096154,-1.3639734133929375,2024-11-05 19:30:00,NN,4387.053624947168
154,longitudinal_wave_force (calculated),-130.8183359622151,-0.0346093627788664,2024-06-10 03:00:00,NN,4387.053624947168
155,longitudinal_wave_force (calculated),-301.3552647401264,-1.2324148553296863,2024-04-14 12:00:00,NN,4387.053624947168
156,longitudinal_wave_force (calculated),-18.614405481808646,0.9272731994610228,2024-07-17 00:30:00,NN,4387.053624947168
157,longitudinal_wave_force (calculated),-99.52224608216608,0.7747888899908741,2024-08-20 05:45:00,NN,4387.053624947168
158,longitudinal_wave_force (calculated),-119.05618907703678,-0.0778215172240679,2024-11-19 00:00:00,NN,4387.053624947168
159,longitudinal_wave_force (calculated),397.8909484461327,2.619442745683921,2024-12-01 21:00:00,NN,4387.053624947168
160,longitudinal_wave_force (calculated),-178.20407532379593,0.4358717540011054,2024-04-02 14:30:00,NN,4387.053624947168
161,longitudinal_wave_force (calculated),-102.14298442110412,0.6992312978308615,2024-08-10 14:15:00,NN,4387.053624947168
162,longitudinal_wave_force (calculated),-165.6169381623271,-0.1612630166297966,2024-03-24 01:15:00,NN,4387.053624947168
163,longitudinal_wave_force (calculated),150.47647280189247,1.6193788752358846,2024-11-12 20:15:00,NN,4387.053624947168
164,longitudinal_wave_force (calculated),-99.53700548797278,0.2056453304002352,2024-06-07 14:00:00,NN,4387.053624947168
165,longitudinal_wave_force (calculated),647.825809651712,2.5408752722188286,2024-05-10 12:45:00,NN,4387.053624947168
166,longitudinal_wave_force (calculated),733.2564278721502,2.5689557753553456,2024-04-25 01:30:00,NN,4387.053624947168
167,longitudinal_wave_force (calculated),-129.3402882215464,-0.0707945820763776,2024-12-09 21:15:00,NN,4387.053624947168
168,longitudinal_wave_force (calculated),-51.93778700910524,0.7952976618516506,2024-03-27 10:00:00,NN,4387.053624947168
169,longitudinal_wave_force (calculated),122.56307221880836,1.5278479442856476,2024-02-25 16:15:00,NN,4387.053624947168
170,longitudinal_wave_force (calculated),783.5461403246477,2.481187941654268,2024-04-25 04:00:00,NN,4387.053624947168
171,longitudinal_wave_force (calculated),-100.96614629033374,0.1217926099408752,2024-12-28 21:15:00,NN,4387.053624947168
172,longitudinal_wave_force (calculated),-79.21870372617447,0.6297854113749823,2024-02-26 19:00:00,NN,4387.053624947168
173,longitudinal_wave_force (calculated),388.8618725925309,2.6686017671890814,2024-08-27 13:00:00,NN,4387.053624947168
174,longitudinal_wave_force (calculated),-320.1769697920063,-2.1642423005486124,2024-04-23 21:45:00,NN,4387.053624947168
175,longitudinal_wave_force (calculated),-25.658969438892598,0.8438263529920943,2024-02-17 16:15:00,NN,4387.053624947168
176,longitudinal_wave_force (calculated),-92.27609713689768,0.862976158843924,2024-08-19 20:15:00,NN,4387.053624947168
177,longitudinal_wave_force (calculated),-29.9713305296724,1.0661358491211086,2024-08-08 07:45:00,NN,4387.053624947168
178,longitudinal_wave_force (calculated),-158.53218492730042,-0.0347820425985199,2024-03-22 20:15:00,NN,4387.053624947168
179,longitudinal_wave_force (calculated),281.56151952836865,2.3204065045515154,2024-08-25 11:45:00,NN,4387.053624947168
180,longitudinal_wave_force (calculated),-140.60454854149256,-1.5027266350714874,2024-10-31 09:00:00,NN,4387.053624947168
181,longitudinal_wave_force (calculated),63.5341290411511,1.5006364901135472,2024-12-16 02:15:00,NN,4387.053624947168
182,longitudinal_wave_force (calculated),-174.40840600607325,-0.0696094400462236,2024-07-18 00:00:00,NN,4387.053624947168
183,longitudinal_wave_force (calculated),-39.12154120172769,0.3549673295978202,2024-08-17 22:30:00,NN,4387.053624947168
184,longitudinal_wave_force (calculated),341.08019660787085,2.327829878813328,2024-02-14 13:45:00,NN,4387.053624947168
185,longitudinal_wave_force (calculated),-129.55470762876476,0.0066254150823783,2024-06-08 10:30:00,NN,4387.053624947168
186,longitudinal_wave_force (calculated),-220.29658364084995,-2.79963820633093,2024-08-14 20:30:00,NN,4387.053624947168
187,longitudinal_wave_force (calculated),-172.77671752352123,-0.1465607544442154,2024-02-28 03:15:00,NN,4387.053624947168
188,longitudinal_wave_force (calculated),-48.863291592383355,0.7439961513356664,2024-10-16 23:30:00,NN,4387.053624947168
189,longitudinal_wave_force (calculated),-243.76651674209896,-0.5937058442703759,2024-05-06 03:00:00,NN,4387.053624947168
190,longitudinal_wave_force (calculated),-73.44889329293277,0.3953179376627052,2024-08-18 20:15:00,NN,4387.053624947168
191,longitudinal_wave_force (calculated),305.8512251580293,2.2572391607752365,2024-11-02 00:45:00,NN,4387.053624947168
192,longitudinal_wave_force (calculated),-106.28223402196734,-0.0054408498534678,2024-12-23 18:30:00,NN,4387.053624947168
193,longitudinal_wave_force (calculated),-194.5208854025893,-0.615691857055666,2024-02-20 05:30:00,NN,4387.053624947168
194,longitudinal_wave_force (calculated),116.70226438256216,1.297510214457697,2024-06-01 18:45:00,NN,4387.053624947168
195,longitudinal_wave_force (calculated),-158.50841430613002,-0.0828813900467416,2024-03-23 23:15:00,NN,4387.053624947168
196,longitudinal_wave_force (calculated),-137.85438846921454,-1.6042459894584786,2024-10-31 11:15:00,NN,4387.053624947168
197,longitudinal_wave_force (calculated),-145.00190949531776,0.1704747756465448,2024-03-10 10:15:00,NN,4387.053624947168
198,longitudinal_wave_force (calculated),-124.05457051233375,0.3094362985231281,2024-02-27 18:30:00,NN,4387.053624947168
199,longitudinal_wave_force (calculated),-28.076616161966204,0.9177340998809232,2024-12-14 09:30:00,NN,4387.053624947168
0,longitudinal_wind_force (calculated),-18.79108005499461,1.0549932058652811,2024-12-22 11:30:00,NN,4387.053624947168
1,longitudinal_wind_force (calculated),-39.03400237121791,-4.485637055853089,2024-03-09 10:00:00,NN,4387.053624947168
2,longitudinal_wind_force (calculated),-63.532017472006316,-1.3403917265983405,2024-04-12 18:15:00,NN,4387.053624947168
3,longitudinal_wind_force (calculated),-42.25157161161016,-0.9988968135796268,2024-08-05 02:15:00,NN,4387.053624947168
4,longitudinal_wind_force (calculated),107.551434490749,8.271106603257492,2024-08-24 05:00:00,NN,4387.053624947168
5,longitudinal_wind_force (calculated),129.41408020515118,4.780825297913236,2024-04-28 22:15:00,NN,4387.053624947168
6,longitudinal_wind_force (calculated),231.26829552339734,11.273912928523831,2024-04-29 15:00:00,NN,4387.053624947168
7,longitudinal_wind_force (calculated),118.4571303296286,9.180559680927944,2024-08-24 07:30:00,NN,4387.053624947168
8,longitudinal_wind_force (calculated),163.72875977658,7.622423388746474,2024-12-20 13:45:00,NN,4387.053624947168
9,longitudinal_wind_force (calculated),-144.18749750451508,-4.794917076412453,2024-12-24 11:45:00,NN,4387.053624947168
10,longitudinal_wind_force (calculated),28.610219641471787,2.14146684780519,2024-09-14 02:00:00,NN,4387.053624947168
11,longitudinal_wind_force (calculated),6.64378265452001,7.048581632695111,2024-02-10 19:00:00,NN,4387.053624947168
12,longitudinal_wind_force (calculated),-52.415776690649864,-0.8303923456485095,2024-09-12 02:45:00,NN,4387.053624947168
13,longitudinal_wind_force (calculated),141.9808646702746,6.652395868171014,2024-05-05 15:30:00,NN,4387.053624947168
14,longitudinal_wind_force (calculated),59.82230293559586,3.3807572694007453,2024-09-15 02:15:00,NN,4387.053624947168
15,longitudinal_wind_force (calculated),142.13599133164874,7.415953453231269,2024-04-02 01:45:00,NN,4387.053624947168
16,longitudinal_wind_force (calculated),-201.64634317719404,-8.954521561822839,2024-12-27 03:45:00,NN,4387.053624947168
17,longitudinal_wind_force (calculated),-5.296230143180537,0.3336518363533787,2024-03-12 02:45:00,NN,4387.053624947168
18,longitudinal_wind_force (calculated),5.710667483243242,3.1226971745022944,2024-03-17 07:45:00,NN,4387.053624947168
19,longitudinal_wind_force (calculated),159.61688865976768,6.63617976117058,2024-12-14 15:15:00,NN,4387.053624947168
20,longitudinal_wind_force (calculated),62.48253430205568,5.260126653744906,2024-10-26 01:45:00,NN,4387.053624947168
21,longitudinal_wind_force (calculated),136.4498502197926,7.269505488379794,2024-04-01 22:00:00,NN,4387.053624947168
22,longitudinal_wind_force (calculated),-80.68985693653937,-2.0713129906409526,2024-05-11 08:45:00,NN,4387.053624947168
23,longitudinal_wind_force (calculated),-147.7463676487688,-7.825834028882349,2024-04-30 21:45:00,NN,4387.053624947168
24,longitudinal_wind_force (calculated),-100.98987558601108,-7.787496943278615,2024-08-02 07:15:00,NN,4387.053624947168
25,longitudinal_wind_force (calculated),-5.746664592562865,1.181977968728947,2024-02-28 08:00:00,NN,4387.053624947168
26,longitudinal_wind_force (calculated),30.555933176886434,8.849309228442158,2024-03-03 03:45:00,NN,4387.053624947168
27,longitudinal_wind_force (calculated),-71.30337773659133,-4.069962953092833,2024-11-11 13:30:00,NN,4387.053624947168
28,longitudinal_wind_force (calculated),-17.74120164537362,-0.0522522312891338,2024-02-28 17:45:00,NN,4387.053624947168
29,longitudinal_wind_force (calculated),-1.4554483901611093,5.205738144638792,2024-02-17 22:00:00,NN,4387.053624947168
30,longitudinal_wind_force (calculated),-126.93382101436276,-7.109163181694259,2024-11-20 07:00:00,NN,4387.053624947168
31,longitudinal_wind_force (calculated),27.66034139489579,6.436679240171807,2024-02-25 02:30:00,NN,4387.053624947168
32,longitudinal_wind_force (calculated),4.202395674793252,2.4557973179400205,2024-03-10 23:15:00,NN,4387.053624947168
33,longitudinal_wind_force (calculated),-20.434540766445252,-2.1281842622868408,2024-03-20 15:30:00,NN,4387.053624947168
34,longitudinal_wind_force (calculated),55.83563063320912,4.999337295435939,2024-08-17 00:15:00,NN,4387.053624947168
35,longitudinal_wind_force (calculated),-35.35265137232682,-2.3374605790687446,2024-06-05 05:15:00,NN,4387.053624947168
36,longitudinal_wind_force (calculated),10.45028660738376,2.6937162007749587,2024-07-20 01:30:00,NN,4387.053624947168
37,longitudinal_wind_force (calculated),-57.66916784740536,-2.748657485039177,2024-11-11 15:15:00,NN,4387.053624947168
38,longitudinal_wind_force (calculated),21.13816537605469,10.059932446131548,2024-02-14 05:30:00,NN,4387.053624947168
39,longitudinal_wind_force (calculated),15.581844277297876,5.598722212393585,2024-02-16 01:00:00,NN,4387.053624947168
40,longitudinal_wind_force (calculated),-29.33467389072291,0.0883839518209221,2024-09-12 03:30:00,NN,4387.053624947168
41,longitudinal_wind_force (calculated),20.73198568420831,2.32432625431482,2024-05-02 05:30:00,NN,4387.053624947168
42,longitudinal_wind_force (calculated),6.306948295193251,1.023809342288313,2024-09-15 14:15:00,NN,4387.053624947168
43,longitudinal_wind_force (calculated),49.35929233158355,4.227910663359336,2024-08-22 00:30:00,NN,4387.053624947168
44,longitudinal_wind_force (calculated),117.12260868978733,8.491972309571645,2024-07-25 09:45:00,NN,4387.053624947168
45,longitudinal_wind_force (calculated),164.86177864779472,8.741687923933602,2024-12-28 23:30:00,NN,4387.053624947168
46,longitudinal_wind_force (calculated),41.90806343056121,2.667107004994496,2024-09-15 19:00:00,NN,4387.053624947168
47,longitudinal_wind_force (calculated),-27.90091440159955,1.4199913408373488,2024-04-10 16:45:00,NN,4387.053624947168
48,longitudinal_wind_force (calculated),-31.832062371089933,-1.1375952993045688,2024-10-20 09:15:00,NN,4387.053624947168
49,longitudinal_wind_force (calculated),47.91224155026073,4.771975755231908,2024-07-24 18:30:00,NN,4387.053624947168
50,longitudinal_wind_force (calculated),40.01494395163459,7.5835131727027,2024-02-23 12:30:00,NN,4387.053624947168
51,longitudinal_wind_force (calculated),-42.31016446246993,-4.272315069150234,2024-11-03 22:00:00,NN,4387.053624947168
52,longitudinal_wind_force (calculated),-15.275233326347461,0.0922669310383115,2024-02-28 14:30:00,NN,4387.053624947168
53,longitudinal_wind_force (calculated),-25.981566721869058,-0.4053355143268578,2024-11-09 07:30:00,NN,4387.053624947168
54,longitudinal_wind_force (calculated),64.18717462259107,5.265551034871523,2024-08-23 03:15:00,NN,4387.053624947168
55,longitudinal_wind_force (calculated),-31.570645708589915,-4.4995355359508284,2024-02-29 22:45:00,NN,4387.053624947168
56,longitudinal_wind_force (calculated),139.74459667640923,6.37591227262352,2024-12-16 01:30:00,NN,4387.053624947168
57,longitudinal_wind_force (calculated),-44.33664224636766,-0.6968871719440891,2024-09-18 22:45:00,NN,4387.053624947168
58,longitudinal_wind_force (calculated),-137.97711698873673,-6.962114799078249,2024-04-24 16:30:00,NN,4387.053624947168
59,longitudinal_wind_force (calculated),35.212461472465655,7.549429504766132,2024-02-24 23:15:00,NN,4387.053624947168
60,longitudinal_wind_force (calculated),18.129838553074023,1.5497004855724985,2024-09-14 11:00:00,NN,4387.053624947168
61,longitudinal_wind_force (calculated),-199.96901972301967,-10.971568302607338,2024-04-27 12:45:00,NN,4387.053624947168
62,longitudinal_wind_force (calculated),53.76806372915154,4.779557755453726,2024-07-16 23:30:00,NN,4387.053624947168
63,longitudinal_wind_force (calculated),43.80509698029775,3.5002791045505903,2024-07-18 08:00:00,NN,4387.053624947168
64,longitudinal_wind_force (calculated),-21.071558005889756,1.8852394028026296,2024-04-03 06:15:00,NN,4387.053624947168
65,longitudinal_wind_force (calculated),-56.16695329586437,-2.66709794341689,2024-08-04 14:45:00,NN,4387.053624947168
66,longitudinal_wind_force (calculated),2.7306712128388426,1.9999266376768217,2024-03-17 21:45:00,NN,4387.053624947168
67,longitudinal_wind_force (calculated),63.54975459424381,4.14017264729282,2024-08-08 08:30:00,NN,4387.053624947168
68,longitudinal_wind_force (calculated),-86.67173504474167,-1.901334597821592,2024-12-25 00:15:00,NN,4387.053624947168
69,longitudinal_wind_force (calculated),153.4499338816174,6.886913349670743,2024-12-17 16:45:00,NN,4387.053624947168
70,longitudinal_wind_force (calculated),71.94445100036454,5.4686973265452,2024-08-22 22:45:00,NN,4387.053624947168
71,longitudinal_wind_force (calculated),2.5707781683468056,2.279364900839282,2024-03-17 20:15:00,NN,4387.053624947168
72,longitudinal_wind_force (calculated),4.179992122442172,5.902671074143661,2024-02-17 09:15:00,NN,4387.053624947168
73,longitudinal_wind_force (calculated),-33.79320993456662,-3.916124487454637,2024-03-01 06:00:00,NN,4387.053624947168
74,longitudinal_wind_force (calculated),10.381414882918762,2.493448144217233,2024-08-15 18:00:00,NN,4387.053624947168
75,longitudinal_wind_force (calculated),62.74283987456313,4.022088309197604,2024-07-17 19:00:00,NN,4387.053624947168
76,longitudinal_wind_force (calculated),36.070955865902306,4.226776139257043,2024-04-02 12:15:00,NN,4387.053624947168
77,longitudinal_wind_force (calculated),21.693614155760997,1.683803623248692,2024-08-06 22:30:00,NN,4387.053624947168
78,longitudinal_wind_force (calculated),199.10715116652412,8.154683391789877,2024-12-17 15:00:00,NN,4387.053624947168
79,longitudinal_wind_force (calculated),-22.15644959561064,-1.8565648820287897,2024-02-20 16:15:00,NN,4387.053624947168
80,longitudinal_wind_force (calculated),-155.3316217505583,-5.827822011059229,2024-09-19 23:30:00,NN,4387.053624947168
81,longitudinal_wind_force (calculated),-35.09345446141428,-1.4898368252487395,2024-11-11 06:00:00,NN,4387.053624947168
82,longitudinal_wind_force (calculated),85.50962394328131,6.33991198262444,2024-08-19 12:30:00,NN,4387.053624947168
83,longitudinal_wind_force (calculated),112.74223060106411,5.793408143877798,2024-09-17 09:00:00,NN,4387.053624947168
84,longitudinal_wind_force (calculated),5.960552722738612,2.253224440261395,2024-11-13 04:45:00,NN,4387.053624947168
85,longitudinal_wind_force (calculated),-119.4291415958762,-3.886336303353731,2024-05-11 13:15:00,NN,4387.053624947168
86,longitudinal_wind_force (calculated),-83.40666919696766,-3.755623357969051,2024-04-15 05:00:00,NN,4387.053624947168
87,longitudinal_wind_force (calculated),10.467274392732634,1.2665621169434784,2024-09-14 10:00:00,NN,4387.053624947168
88,longitudinal_wind_force (calculated),46.02110529321174,2.955972050611357,2024-05-08 14:30:00,NN,4387.053624947168
89,longitudinal_wind_force (calculated),-222.03748282674158,-8.348149476096296,2024-12-26 19:15:00,NN,4387.053624947168
90,longitudinal_wind_force (calculated),-12.061042208222261,0.5005835784262374,2024-02-28 15:45:00,NN,4387.053624947168
91,longitudinal_wind_force (calculated),34.82101012428576,3.6931842969419937,2024-07-20 22:15:00,NN,4387.053624947168
92,longitudinal_wind_force (calculated),8.586623112969846,4.712726000608954,2024-03-15 00:15:00,NN,4387.053624947168
93,longitudinal_wind_force (calculated),-194.23640521370788,-13.086229706719813,2024-04-26 14:00:00,NN,4387.053624947168
94,longitudinal_wind_force (calculated),20.59832820745669,2.665786558457341,2024-08-20 10:00:00,NN,4387.053624947168
95,longitudinal_wind_force (calculated),30.621268185622966,2.082744092418676,2024-09-14 14:30:00,NN,4387.053624947168
96,longitudinal_wind_force (calculated),141.3574034639563,6.737008758953199,2024-11-30 23:30:00,NN,4387.053624947168
97,longitudinal_wind_force (calculated),26.711965267173774,1.783434270643072,2024-04-28 19:00:00,NN,4387.053624947168
98,longitudinal_wind_force (calculated),140.37601849553067,6.664104299707303,2024-05-05 15:45:00,NN,4387.053624947168
99,longitudinal_wind_force (calculated),24.786219860610913,3.259553103654359,2024-07-16 12:00:00,NN,4387.053624947168
100,longitudinal_wind_force (calculated),46.75889726109847,5.149658521276307,2024-07-23 00:30:00,NN,4387.053624947168
101,longitudinal_wind_force (calculated),-37.08509500566964,0.300182632751663,2024-12-22 13:15:00,NN,4387.053624947168
102,longitudinal_wind_force (calculated),19.808614214421368,4.553867410615389,2024-03-26 15:00:00,NN,4387.053624947168
103,longitudinal_wind_force (calculated),55.70490208646129,4.08801550162103,2024-08-08 16:15:00,NN,4387.053624947168
104,longitudinal_wind_force (calculated),-260.61708878078156,-10.225063326656002,2024-08-14 09:30:00,NN,4387.053624947168
105,longitudinal_wind_force (calculated),7.395043311299582,3.944775292223327,2024-02-26 12:00:00,NN,4387.053624947168
106,longitudinal_wind_force (calculated),-4.088731258390226,1.3808386047873584,2024-02-28 09:30:00,NN,4387.053624947168
107,longitudinal_wind_force (calculated),50.56999893103327,9.910657528099442,2024-02-09 05:45:00,NN,4387.053624947168
108,longitudinal_wind_force (calculated),-88.30903692741148,-3.954164444878254,2024-08-04 02:30:00,NN,4387.053624947168
109,longitudinal_wind_force (calculated),-56.249598225349246,-0.5366426274211286,2024-07-20 09:00:00,NN,4387.053624947168
110,longitudinal_wind_force (calculated),-39.086245312896686,-4.586845158896338,2024-03-01 09:30:00,NN,4387.053624947168
111,longitudinal_wind_force (calculated),-98.53744519586216,-3.0570807468718253,2024-09-19 01:00:00,NN,4387.053624947168
112,longitudinal_wind_force (calculated),-88.81399926329992,-4.697426688040836,2024-08-04 01:45:00,NN,4387.053624947168
113,longitudinal_wind_force (calculated),89.92943264945025,5.219476268877847,2024-12-22 01:45:00,NN,4387.053624947168
114,longitudinal_wind_force (calculated),13.494583413187001,9.09155857282881,2024-02-13 18:00:00,NN,4387.053624947168
115,longitudinal_wind_force (calculated),53.661715641548874,5.76063789432334,2024-08-17 03:45:00,NN,4387.053624947168
116,longitudinal_wind_force (calculated),351.2109591803769,14.633683461685264,2024-12-01 21:30:00,NN,4387.053624947168
117,longitudinal_wind_force (calculated),30.107070009462625,5.17536465220633,2024-03-27 03:00:00,NN,4387.053624947168
118,longitudinal_wind_force (calculated),-72.35887789687901,-5.017938710310927,2024-10-23 08:00:00,NN,4387.053624947168
119,longitudinal_wind_force (calculated),14.637159326903298,4.963520063149044,2024-02-17 12:45:00,NN,4387.053624947168
120,longitudinal_wind_force (calculated),-109.10471268392625,-3.624156565887467,2024-09-19 03:30:00,NN,4387.053624947168
121,longitudinal_wind_force (calculated),27.709774354276533,7.827969726345889,2024-02-23 13:30:00,NN,4387.053624947168
122,longitudinal_wind_force (calculated),-9.918062206130799,0.9275088203265224,2024-04-28 09:30:00,NN,4387.053624947168
123,longitudinal_wind_force (calculated),-66.37881384287691,-2.418603538485105,2024-04-28 04:30:00,NN,4387.053624947168
124,longitudinal_wind_force (calculated),-227.46479813492974,-15.02359138760812,2024-04-26 23:15:00,NN,4387.053624947168
125,longitudinal_wind_force (calculated),94.83084064440143,4.848561014125388,2024-09-18 01:00:00,NN,4387.053624947168
126,longitudinal_wind_force (calculated),-328.0344396944892,-12.144975313693164,2024-08-14 04:30:00,NN,4387.053624947168
127,longitudinal_wind_force (calculated),57.49115360510086,5.689906583306824,2024-11-13 15:00:00,NN,4387.053624947168
128,longitudinal_wind_force (calculated),4.505251854529433,0.4582883156315617,2024-05-06 15:00:00,NN,4387.053624947168
129,longitudinal_wind_force (calculated),-16.131813654529424,0.5373848332658161,2024-04-28 11:45:00,NN,4387.053624947168
130,longitudinal_wind_force (calculated),-97.0180106550038,-6.601593656688529,2024-11-06 06:45:00,NN,4387.053624947168
131,longitudinal_wind_force (calculated),70.9475462645873,6.179131806912991,2024-08-21 08:30:00,NN,4387.053624947168
132,longitudinal_wind_force (calculated),-51.46199906233946,-2.6765696570567563,2024-04-11 21:30:00,NN,4387.053624947168
133,longitudinal_wind_force (calculated),-60.01352972126624,-3.121075626934384,2024-11-11 10:30:00,NN,4387.053624947168
134,longitudinal_wind_force (calculated),171.96527054302166,7.227629245145589,2024-12-15 14:45:00,NN,4387.053624947168
135,longitudinal_wind_force (calculated),15.856293063807698,3.2436894269472942,2024-04-03 04:45:00,NN,4387.053624947168
136,longitudinal_wind_force (calculated),72.48478559768841,5.748096115654068,2024-10-26 06:15:00,NN,4387.053624947168
137,longitudinal_wind_force (calculated),155.55954830444034,6.755442659794021,2024-04-25 14:30:00,NN,4387.053624947168
138,longitudinal_wind_force (calculated),11.474665708916291,2.866614520935989,2024-10-18 10:45:00,NN,4387.053624947168
139,longitudinal_wind_force (calculated),60.05791965315521,3.736964582501248,2024-06-02 01:30:00,NN,4387.053624947168
140,longitudinal_wind_force (calculated),42.58876638645581,4.217231594329747,2024-08-22 23:30:00,NN,4387.053624947168
141,longitudinal_wind_force (calculated),-37.004186475643564,0.2971563119880402,2024-12-22 13:45:00,NN,4387.053624947168
142,longitudinal_wind_force (calculated),47.49328501793252,4.384147555048227,2024-08-22 17:45:00,NN,4387.053624947168
143,longitudinal_wind_force (calculated),-18.968600361841027,0.2637558627934617,2024-03-22 19:00:00,NN,4387.053624947168
144,longitudinal_wind_force (calculated),-83.62836580886815,-7.892600306158872,2024-08-02 04:45:00,NN,4387.053624947168
145,longitudinal_wind_force (calculated),29.552512887641164,5.084702888797668,2024-03-27 03:15:00,NN,4387.053624947168
146,longitudinal_wind_force (calculated),50.78775526803238,10.225667525691424,2024-03-02 08:15:00,NN,4387.053624947168
147,longitudinal_wind_force (calculated),-28.56676806857571,-1.4382602812024117,2024-02-29 02:45:00,NN,4387.053624947168
148,longitudinal_wind_force (calculated),-274.1969691675271,-9.963672162328525,2024-08-15 06:30:00,NN,4387.053624947168
149,longitudinal_wind_force (calculated),8.87621620720382,3.6919336537802656,2024-03-16 22:00:00,NN,4387.053624947168
150,longitudinal_wind_force (calculated),10.927031443535725,2.4956314977842107,2024-08-15 18:15:00,NN,4387.053624947168
151,longitudinal_wind_force (calculated),-59.28058741311372,-1.4050212974948475,2024-05-11 03:00:00,NN,4387.053624947168
152,longitudinal_wind_force (calculated),71.70059140211758,5.199083585040851,2024-08-22 13:15:00,NN,4387.053624947168
153,longitudinal_wind_force (calculated),-86.88782481810799,-5.681927914394561,2024-11-05 19:30:00,NN,4387.053624947168
154,longitudinal_wind_force (calculated),3.1712284880782136,1.3161320879541294,2024-06-10 03:00:00,NN,4387.053624947168
155,longitudinal_wind_force (calculated),-88.44979885930603,-4.201275388858992,2024-04-14 12:00:00,NN,4387.053624947168
156,longitudinal_wind_force (calculated),58.826014029349565,5.081022643675053,2024-07-17 00:30:00,NN,4387.053624947168
157,longitudinal_wind_force (calculated),10.040615015836238,1.9537905076403943,2024-08-20 05:45:00,NN,4387.053624947168
158,longitudinal_wind_force (calculated),-10.92517199283827,1.8849677127415416,2024-11-19 00:00:00,NN,4387.053624947168
159,longitudinal_wind_force (calculated),341.41031065527216,14.63047960960281,2024-12-01 21:00:00,NN,4387.053624947168
160,longitudinal_wind_force (calculated),34.75424033203467,4.376421992914346,2024-04-02 14:30:00,NN,4387.053624947168
161,longitudinal_wind_force (calculated),-11.100825266781271,0.6750172180330821,2024-08-10 14:15:00,NN,4387.053624947168
162,longitudinal_wind_force (calculated),-12.518542906251923,-0.1826494158041908,2024-03-24 01:15:00,NN,4387.053624947168
163,longitudinal_wind_force (calculated),97.90517968488281,7.897583489138177,2024-11-12 20:15:00,NN,4387.053624947168
164,longitudinal_wind_force (calculated),13.184416771555794,1.3709606289230174,2024-06-07 14:00:00,NN,4387.053624947168
165,longitudinal_wind_force (calculated),36.69060275431674,3.282329962455794,2024-05-10 12:45:00,NN,4387.053624947168
166,longitudinal_wind_force (calculated),59.18007846791775,3.4095710348727843,2024-04-25 01:30:00,NN,4387.053624947168
167,longitudinal_wind_force (calculated),-72.04341571699895,-1.3648448249305136,2024-12-09 21:15:00,NN,4387.053624947168
168,longitudinal_wind_force (calculated),30.60132268982327,4.863670001589265,2024-03-27 10:00:00,NN,4387.053624947168
169,longitudinal_wind_force (calculated),36.3201711818885,6.859876962730319,2024-02-25 16:15:00,NN,4387.053624947168
170,longitudinal_wind_force (calculated),90.54392676627981,4.521069823201381,2024-04-25 04:00:00,NN,4387.053624947168
171,longitudinal_wind_force (calculated),36.42155549245696,3.4543549662172848,2024-12-28 21:15:00,NN,4387.053624947168
172,longitudinal_wind_force (calculated),0.08011604845546572,2.100964640051118,2024-02-26 19:00:00,NN,4387.053624947168
173,longitudinal_wind_force (calculated),104.96788780123163,9.773054794618677,2024-08-27 13:00:00,NN,4387.053624947168
174,longitudinal_wind_force (calculated),-164.97228502851894,-9.289355645463884,2024-04-23 21:45:00,NN,4387.053624947168
175,longitudinal_wind_force (calculated),9.434466698198548,4.856829530437694,2024-02-17 16:15:00,NN,4387.053624947168
176,longitudinal_wind_force (calculated),20.989200832743904,2.581213906630123,2024-08-19 20:15:00,NN,4387.053624947168
177,longitudinal_wind_force (calculated),62.92599846702599,4.238637462614343,2024-08-08 07:45:00,NN,4387.053624947168
178,longitudinal_wind_force (calculated),-23.36230986211788,-0.2059711138031846,2024-03-22 20:15:00,NN,4387.053624947168
179,longitudinal_wind_force (calculated),107.68345223008352,9.032719038939144,2024-08-25 11:45:00,NN,4387.053624947168
180,longitudinal_wind_force (calculated),-76.39850993324973,-4.898795515597697,2024-10-31 09:00:00,NN,4387.053624947168
181,longitudinal_wind_force (calculated),129.03604067526473,6.052669627922399,2024-12-16 02:15:00,NN,4387.053624947168
182,longitudinal_wind_force (calculated),64.14161651118297,4.3950017791972105,2024-07-18 00:00:00,NN,4387.053624947168
183,longitudinal_wind_force (calculated),-34.24304796343006,-3.3834665605364043,2024-08-17 22:30:00,NN,4387.053624947168
184,longitudinal_wind_force (calculated),15.219960376905874,9.427409421786267,2024-02-14 13:45:00,NN,4387.053624947168
185,longitudinal_wind_force (calculated),-4.764679177882726,0.3759088640126798,2024-06-08 10:30:00,NN,4387.053624947168
186,longitudinal_wind_force (calculated),-356.93713941584497,-13.298887304497567,2024-08-14 20:30:00,NN,4387.053624947168
187,longitudinal_wind_force (calculated),-14.785720418535675,-0.3611927609002645,2024-02-28 03:15:00,NN,4387.053624947168
188,longitudinal_wind_force (calculated),23.897822284833182,3.408423332431968,2024-10-16 23:30:00,NN,4387.053624947168
189,longitudinal_wind_force (calculated),-49.51835602383079,-0.6471742489808755,2024-05-06 03:00:00,NN,4387.053624947168
190,longitudinal_wind_force (calculated),26.921189263563235,1.8870512631697136,2024-08-18 20:15:00,NN,4387.053624947168
191,longitudinal_wind_force (calculated),50.425096819336204,5.110099885816879,2024-11-02 00:45:00,NN,4387.053624947168
192,longitudinal_wind_force (calculated),-27.428243947919537,0.4477907383820597,2024-12-23 18:30:00,NN,4387.053624947168
193,longitudinal_wind_force (calculated),-2.382225993572547,-0.3597812076956969,2024-02-20 05:30:00,NN,4387.053624947168
194,longitudinal_wind_force (calculated),165.32300759345452,9.530358662687986,2024-06-01 18:45:00,NN,4387.053624947168
195,longitudinal_wind_force (calculated),-17.949199069812266,-1.307298682179541,2024-03-23 23:15:00,NN,4387.053624947168
196,longitudinal_wind_force (calculated),-70.05528125373274,-4.341568556058981,2024-10-31 11:15:00,NN,4387.053624947168
197,longitudinal_wind_force (calculated),-9.512620005518784,0.6381758336877144,2024-03-10 10:15:00,NN,4387.053624947168
198,longitudinal_wind_force (calculated),-10.253558770210475,0.1436476505906193,2024-02-27 18:30:00,NN,4387.053624947168
199,longitudinal_wind_force (calculated),147.76727523967995,6.479045723190872,2024-12-14 09:30:00,NN,4387.053624947168
