row_id,feature_name,shap_value,feature_value,timestamp,model_name,base_value
0,Avg Draft (Calculated),98.64097695599456,9.945,2024-12-22 11:30:00,random_forest,4226.299097029805
1,Avg Draft (Calculated),155.7217826880792,11.615,2024-03-09 10:00:00,random_forest,4226.299097029805
2,Avg Draft (Calculated),-383.1021299858602,6.145,2024-04-12 18:15:00,random_forest,4226.299097029805
3,Avg Draft (Calculated),-22.602053854868505,14.25,2024-08-05 02:15:00,random_forest,4226.299097029805
4,Avg Draft (Calculated),-75.23881981408577,14.2,2024-08-24 05:00:00,random_forest,4226.299097029805
5,Avg Draft (Calculated),-93.48779969111644,6.42,2024-04-28 22:15:00,random_forest,4226.299097029805
6,Avg Draft (Calculated),-33.8430267201862,6.42,2024-04-29 15:00:00,random_forest,4226.299097029805
7,Avg Draft (Calculated),-75.07687402526663,14.2,2024-08-24 07:30:00,random_forest,4226.299097029805
8,Avg Draft (Calculated),90.24368442537593,9.945,2024-12-20 13:45:00,random_forest,4226.299097029805
9,Avg Draft (Calculated),18.366322428841976,9.945,2024-12-24 11:45:00,random_forest,4226.299097029805
10,Avg Draft (Calculated),297.9121443665636,14.7,2024-09-14 02:00:00,random_forest,4226.299097029805
11,Avg Draft (Calculated),142.12840027656478,11.84,2024-02-10 19:00:00,random_forest,4226.299097029805
12,Avg Draft (Calculated),287.5322664239274,14.7,2024-09-12 02:45:00,random_forest,4226.299097029805
13,Avg Draft (Calculated),55.41105437548296,6.42,2024-05-05 15:30:00,random_forest,4226.299097029805
14,Avg Draft (Calculated),315.80454770227783,14.7,2024-09-15 02:15:00,random_forest,4226.299097029805
15,Avg Draft (Calculated),-384.30133855682163,6.145,2024-04-02 01:45:00,random_forest,4226.299097029805
16,Avg Draft (Calculated),-28.537061013229877,9.945,2024-12-27 03:45:00,random_forest,4226.299097029805
17,Avg Draft (Calculated),149.33538792930392,11.615,2024-03-12 02:45:00,random_forest,4226.299097029805
18,Avg Draft (Calculated),151.06857845385736,11.615,2024-03-17 07:45:00,random_forest,4226.299097029805
19,Avg Draft (Calculated),81.59775145085092,9.945,2024-12-14 15:15:00,random_forest,4226.299097029805
20,Avg Draft (Calculated),-290.1938963891645,6.1,2024-10-26 01:45:00,random_forest,4226.299097029805
21,Avg Draft (Calculated),-383.6790722894925,6.145,2024-04-01 22:00:00,random_forest,4226.299097029805
22,Avg Draft (Calculated),-267.2081226714108,6.42,2024-05-11 08:45:00,random_forest,4226.299097029805
23,Avg Draft (Calculated),-206.82576529304495,6.42,2024-04-30 21:45:00,random_forest,4226.299097029805
24,Avg Draft (Calculated),-25.965124685138868,14.25,2024-08-02 07:15:00,random_forest,4226.299097029805
25,Avg Draft (Calculated),142.2799267575175,11.615,2024-02-28 08:00:00,random_forest,4226.299097029805
26,Avg Draft (Calculated),165.18008491711927,11.615,2024-03-03 03:45:00,random_forest,4226.299097029805
27,Avg Draft (Calculated),-313.90559980475547,6.1,2024-11-11 13:30:00,random_forest,4226.299097029805
28,Avg Draft (Calculated),145.45076221864775,11.615,2024-02-28 17:45:00,random_forest,4226.299097029805
29,Avg Draft (Calculated),146.7090797593607,11.615,2024-02-17 22:00:00,random_forest,4226.299097029805
30,Avg Draft (Calculated),-373.83470485585343,6.4,2024-11-20 07:00:00,random_forest,4226.299097029805
31,Avg Draft (Calculated),158.2095363404636,11.615,2024-02-25 02:30:00,random_forest,4226.299097029805
32,Avg Draft (Calculated),153.0178992831503,11.615,2024-03-10 23:15:00,random_forest,4226.299097029805
33,Avg Draft (Calculated),159.240177902335,11.615,2024-03-20 15:30:00,random_forest,4226.299097029805
34,Avg Draft (Calculated),-47.32371103025123,14.2,2024-08-17 00:15:00,random_forest,4226.299097029805
35,Avg Draft (Calculated),175.9435827759708,10.43,2024-06-05 05:15:00,random_forest,4226.299097029805
36,Avg Draft (Calculated),-261.45546750004354,6.75,2024-07-20 01:30:00,random_forest,4226.299097029805
37,Avg Draft (Calculated),-319.19055505610174,6.1,2024-11-11 15:15:00,random_forest,4226.299097029805
38,Avg Draft (Calculated),143.35576868715552,11.84,2024-02-14 05:30:00,random_forest,4226.299097029805
39,Avg Draft (Calculated),138.20818252595475,11.615,2024-02-16 01:00:00,random_forest,4226.299097029805
40,Avg Draft (Calculated),280.9099396152998,14.7,2024-09-12 03:30:00,random_forest,4226.299097029805
41,Avg Draft (Calculated),25.64578974206601,6.42,2024-05-02 05:30:00,random_forest,4226.299097029805
42,Avg Draft (Calculated),323.2593951337032,14.7,2024-09-15 14:15:00,random_forest,4226.299097029805
43,Avg Draft (Calculated),-71.50407354213829,14.2,2024-08-22 00:30:00,random_forest,4226.299097029805
44,Avg Draft (Calculated),-208.40291694390098,6.75,2024-07-25 09:45:00,random_forest,4226.299097029805
45,Avg Draft (Calculated),-217.97995322979,9.81,2024-12-28 23:30:00,random_forest,4226.299097029805
46,Avg Draft (Calculated),331.82937690822644,14.7,2024-09-15 19:00:00,random_forest,4226.299097029805
47,Avg Draft (Calculated),-384.79813823595293,6.145,2024-04-10 16:45:00,random_forest,4226.299097029805
48,Avg Draft (Calculated),-275.88459444780347,6.1,2024-10-20 09:15:00,random_forest,4226.299097029805
49,Avg Draft (Calculated),-182.05786913417523,6.75,2024-07-24 18:30:00,random_forest,4226.299097029805
50,Avg Draft (Calculated),155.8897008320798,11.615,2024-02-23 12:30:00,random_forest,4226.299097029805
51,Avg Draft (Calculated),-295.51006471286445,6.1,2024-11-03 22:00:00,random_forest,4226.299097029805
52,Avg Draft (Calculated),145.5620820177676,11.615,2024-02-28 14:30:00,random_forest,4226.299097029805
53,Avg Draft (Calculated),-323.5413001389202,6.1,2024-11-09 07:30:00,random_forest,4226.299097029805
54,Avg Draft (Calculated),-71.6756856285279,14.2,2024-08-23 03:15:00,random_forest,4226.299097029805
55,Avg Draft (Calculated),159.9189695320898,11.615,2024-02-29 22:45:00,random_forest,4226.299097029805
56,Avg Draft (Calculated),94.21479478793097,9.945,2024-12-16 01:30:00,random_forest,4226.299097029805
57,Avg Draft (Calculated),293.9866331129244,14.7,2024-09-18 22:45:00,random_forest,4226.299097029805
58,Avg Draft (Calculated),-107.26790642783254,6.42,2024-04-24 16:30:00,random_forest,4226.299097029805
59,Avg Draft (Calculated),159.67483103076688,11.615,2024-02-24 23:15:00,random_forest,4226.299097029805
60,Avg Draft (Calculated),299.66772608196874,14.7,2024-09-14 11:00:00,random_forest,4226.299097029805
61,Avg Draft (Calculated),-242.60317111385743,6.42,2024-04-27 12:45:00,random_forest,4226.299097029805
62,Avg Draft (Calculated),-136.6670778879632,6.75,2024-07-16 23:30:00,random_forest,4226.299097029805
63,Avg Draft (Calculated),-183.28062237820407,6.75,2024-07-18 08:00:00,random_forest,4226.299097029805
64,Avg Draft (Calculated),-384.03608432574174,6.145,2024-04-03 06:15:00,random_forest,4226.299097029805
65,Avg Draft (Calculated),-18.539220677505366,14.25,2024-08-04 14:45:00,random_forest,4226.299097029805
66,Avg Draft (Calculated),147.99827236412506,11.615,2024-03-17 21:45:00,random_forest,4226.299097029805
67,Avg Draft (Calculated),5.006095681732287,14.25,2024-08-08 08:30:00,random_forest,4226.299097029805
68,Avg Draft (Calculated),3.2824075780880246,9.945,2024-12-25 00:15:00,random_forest,4226.299097029805
69,Avg Draft (Calculated),89.43327163559889,9.945,2024-12-17 16:45:00,random_forest,4226.299097029805
70,Avg Draft (Calculated),-71.75633892485655,14.2,2024-08-22 22:45:00,random_forest,4226.299097029805
71,Avg Draft (Calculated),149.00382864394115,11.615,2024-03-17 20:15:00,random_forest,4226.299097029805
72,Avg Draft (Calculated),146.02707102595562,11.615,2024-02-17 09:15:00,random_forest,4226.299097029805
73,Avg Draft (Calculated),163.61633451089855,11.615,2024-03-01 06:00:00,random_forest,4226.299097029805
74,Avg Draft (Calculated),-51.06828948284184,14.2,2024-08-15 18:00:00,random_forest,4226.299097029805
75,Avg Draft (Calculated),-164.99841893485373,6.75,2024-07-17 19:00:00,random_forest,4226.299097029805
76,Avg Draft (Calculated),-384.822431292866,6.145,2024-04-02 12:15:00,random_forest,4226.299097029805
77,Avg Draft (Calculated),6.307156098480971,14.25,2024-08-06 22:30:00,random_forest,4226.299097029805
78,Avg Draft (Calculated),91.14756267083779,9.945,2024-12-17 15:00:00,random_forest,4226.299097029805
79,Avg Draft (Calculated),152.3768180814513,11.615,2024-02-20 16:15:00,random_forest,4226.299097029805
80,Avg Draft (Calculated),288.36526695792236,14.7,2024-09-19 23:30:00,random_forest,4226.299097029805
81,Avg Draft (Calculated),-317.93667409428116,6.1,2024-11-11 06:00:00,random_forest,4226.299097029805
82,Avg Draft (Calculated),-73.98597231633633,14.2,2024-08-19 12:30:00,random_forest,4226.299097029805
83,Avg Draft (Calculated),205.35915670449523,14.7,2024-09-17 09:00:00,random_forest,4226.299097029805
84,Avg Draft (Calculated),-339.38713926254735,6.1,2024-11-13 04:45:00,random_forest,4226.299097029805
85,Avg Draft (Calculated),-943.6481580304145,6.115,2024-05-11 13:15:00,random_forest,4226.299097029805
86,Avg Draft (Calculated),-380.94533327713697,6.145,2024-04-15 05:00:00,random_forest,4226.299097029805
87,Avg Draft (Calculated),295.50820250034127,14.7,2024-09-14 10:00:00,random_forest,4226.299097029805
88,Avg Draft (Calculated),-20.871359899774397,6.42,2024-05-08 14:30:00,random_forest,4226.299097029805
89,Avg Draft (Calculated),-31.80346664724647,9.945,2024-12-26 19:15:00,random_forest,4226.299097029805
90,Avg Draft (Calculated),144.2071716727294,11.615,2024-02-28 15:45:00,random_forest,4226.299097029805
91,Avg Draft (Calculated),-225.85446632386612,6.75,2024-07-20 22:15:00,random_forest,4226.299097029805
92,Avg Draft (Calculated),173.0600903688835,11.615,2024-03-15 00:15:00,random_forest,4226.299097029805
93,Avg Draft (Calculated),-112.33319562617939,6.42,2024-04-26 14:00:00,random_forest,4226.299097029805
94,Avg Draft (Calculated),-69.3301556778618,14.2,2024-08-20 10:00:00,random_forest,4226.299097029805
95,Avg Draft (Calculated),307.9149585964515,14.7,2024-09-14 14:30:00,random_forest,4226.299097029805
96,Avg Draft (Calculated),51.73841442491512,9.945,2024-11-30 23:30:00,random_forest,4226.299097029805
97,Avg Draft (Calculated),-38.88427266247627,6.42,2024-04-28 19:00:00,random_forest,4226.299097029805
98,Avg Draft (Calculated),55.38730410538686,6.42,2024-05-05 15:45:00,random_forest,4226.299097029805
99,Avg Draft (Calculated),-142.83127893945587,6.75,2024-07-16 12:00:00,random_forest,4226.299097029805
100,Avg Draft (Calculated),-191.56815825554202,6.75,2024-07-23 00:30:00,random_forest,4226.299097029805
101,Avg Draft (Calculated),114.98247317535578,9.945,2024-12-22 13:15:00,random_forest,4226.299097029805
102,Avg Draft (Calculated),146.2265518420936,11.47,2024-03-26 15:00:00,random_forest,4226.299097029805
103,Avg Draft (Calculated),68.4559475047572,14.25,2024-08-08 16:15:00,random_forest,4226.299097029805
104,Avg Draft (Calculated),-53.2239659202841,14.2,2024-08-14 09:30:00,random_forest,4226.299097029805
105,Avg Draft (Calculated),150.46531166596168,11.615,2024-02-26 12:00:00,random_forest,4226.299097029805
106,Avg Draft (Calculated),141.86470046071136,11.615,2024-02-28 09:30:00,random_forest,4226.299097029805
107,Avg Draft (Calculated),136.25002968274967,11.84,2024-02-09 05:45:00,random_forest,4226.299097029805
108,Avg Draft (Calculated),-21.544939255436883,14.25,2024-08-04 02:30:00,random_forest,4226.299097029805
109,Avg Draft (Calculated),-266.0971845379145,6.75,2024-07-20 09:00:00,random_forest,4226.299097029805
110,Avg Draft (Calculated),162.56603537684896,11.615,2024-03-01 09:30:00,random_forest,4226.299097029805
111,Avg Draft (Calculated),293.47641983880703,14.7,2024-09-19 01:00:00,random_forest,4226.299097029805
112,Avg Draft (Calculated),-23.582602600922833,14.25,2024-08-04 01:45:00,random_forest,4226.299097029805
113,Avg Draft (Calculated),94.74804717150862,9.945,2024-12-22 01:45:00,random_forest,4226.299097029805
114,Avg Draft (Calculated),143.40033673072088,11.84,2024-02-13 18:00:00,random_forest,4226.299097029805
115,Avg Draft (Calculated),-50.501780868722975,14.2,2024-08-17 03:45:00,random_forest,4226.299097029805
116,Avg Draft (Calculated),105.03131002257747,9.945,2024-12-01 21:30:00,random_forest,4226.299097029805
117,Avg Draft (Calculated),146.6070001208239,11.47,2024-03-27 03:00:00,random_forest,4226.299097029805
118,Avg Draft (Calculated),-273.4996802475781,6.1,2024-10-23 08:00:00,random_forest,4226.299097029805
119,Avg Draft (Calculated),144.75093239273653,11.615,2024-02-17 12:45:00,random_forest,4226.299097029805
120,Avg Draft (Calculated),293.40879690272703,14.7,2024-09-19 03:30:00,random_forest,4226.299097029805
121,Avg Draft (Calculated),154.17344023569333,11.615,2024-02-23 13:30:00,random_forest,4226.299097029805
122,Avg Draft (Calculated),-30.440332464440946,6.42,2024-04-28 09:30:00,random_forest,4226.299097029805
123,Avg Draft (Calculated),-117.5557825096756,6.42,2024-04-28 04:30:00,random_forest,4226.299097029805
124,Avg Draft (Calculated),-231.41288055212033,6.42,2024-04-26 23:15:00,random_forest,4226.299097029805
125,Avg Draft (Calculated),244.07434292218161,14.7,2024-09-18 01:00:00,random_forest,4226.299097029805
126,Avg Draft (Calculated),-49.20731355627044,14.2,2024-08-14 04:30:00,random_forest,4226.299097029805
127,Avg Draft (Calculated),-335.51313787225683,6.1,2024-11-13 15:00:00,random_forest,4226.299097029805
128,Avg Draft (Calculated),-8.586599509166716,6.42,2024-05-06 15:00:00,random_forest,4226.299097029805
129,Avg Draft (Calculated),-35.331834973525375,6.42,2024-04-28 11:45:00,random_forest,4226.299097029805
130,Avg Draft (Calculated),-319.3673818700621,6.1,2024-11-06 06:45:00,random_forest,4226.299097029805
131,Avg Draft (Calculated),-73.35977605705571,14.2,2024-08-21 08:30:00,random_forest,4226.299097029805
132,Avg Draft (Calculated),-379.4261942495687,6.145,2024-04-11 21:30:00,random_forest,4226.299097029805
133,Avg Draft (Calculated),-318.14590142683596,6.1,2024-11-11 10:30:00,random_forest,4226.299097029805
134,Avg Draft (Calculated),-166.97799645688642,9.945,2024-12-15 14:45:00,random_forest,4226.299097029805
135,Avg Draft (Calculated),-386.93373488687286,6.145,2024-04-03 04:45:00,random_forest,4226.299097029805
136,Avg Draft (Calculated),-293.7526755343425,6.1,2024-10-26 06:15:00,random_forest,4226.299097029805
137,Avg Draft (Calculated),-166.415834589107,6.42,2024-04-25 14:30:00,random_forest,4226.299097029805
138,Avg Draft (Calculated),-280.73773727974884,6.1,2024-10-18 10:45:00,random_forest,4226.299097029805
139,Avg Draft (Calculated),148.00924626082076,10.43,2024-06-02 01:30:00,random_forest,4226.299097029805
140,Avg Draft (Calculated),-70.71870629109046,14.2,2024-08-22 23:30:00,random_forest,4226.299097029805
141,Avg Draft (Calculated),116.68349471489155,9.945,2024-12-22 13:45:00,random_forest,4226.299097029805
142,Avg Draft (Calculated),-70.54702815658406,14.2,2024-08-22 17:45:00,random_forest,4226.299097029805
143,Avg Draft (Calculated),138.39951729992492,11.47,2024-03-22 19:00:00,random_forest,4226.299097029805
144,Avg Draft (Calculated),-35.670784444175546,14.25,2024-08-02 04:45:00,random_forest,4226.299097029805
145,Avg Draft (Calculated),146.90451919201368,11.47,2024-03-27 03:15:00,random_forest,4226.299097029805
146,Avg Draft (Calculated),115.83649469991285,11.615,2024-03-02 08:15:00,random_forest,4226.299097029805
147,Avg Draft (Calculated),149.58069564962125,11.615,2024-02-29 02:45:00,random_forest,4226.299097029805
148,Avg Draft (Calculated),-47.26449742553959,14.2,2024-08-15 06:30:00,random_forest,4226.299097029805
149,Avg Draft (Calculated),153.64699935681202,11.615,2024-03-16 22:00:00,random_forest,4226.299097029805
150,Avg Draft (Calculated),-51.046057912642375,14.2,2024-08-15 18:15:00,random_forest,4226.299097029805
151,Avg Draft (Calculated),-260.26773909317245,6.42,2024-05-11 03:00:00,random_forest,4226.299097029805
152,Avg Draft (Calculated),-71.3177470256711,14.2,2024-08-22 13:15:00,random_forest,4226.299097029805
153,Avg Draft (Calculated),-316.62074800223985,6.1,2024-11-05 19:30:00,random_forest,4226.299097029805
154,Avg Draft (Calculated),143.3277220625355,10.43,2024-06-10 03:00:00,random_forest,4226.299097029805
155,Avg Draft (Calculated),-379.539375221439,6.145,2024-04-14 12:00:00,random_forest,4226.299097029805
156,Avg Draft (Calculated),-137.11293601025793,6.75,2024-07-17 00:30:00,random_forest,4226.299097029805
157,Avg Draft (Calculated),-67.04910405280664,14.2,2024-08-20 05:45:00,random_forest,4226.299097029805
158,Avg Draft (Calculated),-313.60932941917224,6.4,2024-11-19 00:00:00,random_forest,4226.299097029805
159,Avg Draft (Calculated),105.04411328119686,9.945,2024-12-01 21:00:00,random_forest,4226.299097029805
160,Avg Draft (Calculated),-385.2060811983161,6.145,2024-04-02 14:30:00,random_forest,4226.299097029805
161,Avg Draft (Calculated),75.02440390640423,14.25,2024-08-10 14:15:00,random_forest,4226.299097029805
162,Avg Draft (Calculated),139.7157151364992,11.47,2024-03-24 01:15:00,random_forest,4226.299097029805
163,Avg Draft (Calculated),-349.962932163885,6.1,2024-11-12 20:15:00,random_forest,4226.299097029805
164,Avg Draft (Calculated),144.60604068703466,10.43,2024-06-07 14:00:00,random_forest,4226.299097029805
165,Avg Draft (Calculated),-4.945588851249177,6.42,2024-05-10 12:45:00,random_forest,4226.299097029805
166,Avg Draft (Calculated),-165.65369885100876,6.42,2024-04-25 01:30:00,random_forest,4226.299097029805
167,Avg Draft (Calculated),55.84076583280223,9.945,2024-12-09 21:15:00,random_forest,4226.299097029805
168,Avg Draft (Calculated),146.5865268749814,11.47,2024-03-27 10:00:00,random_forest,4226.299097029805
169,Avg Draft (Calculated),155.87634902355134,11.615,2024-02-25 16:15:00,random_forest,4226.299097029805
170,Avg Draft (Calculated),59.94380579443556,6.42,2024-04-25 04:00:00,random_forest,4226.299097029805
171,Avg Draft (Calculated),-220.6016474358863,9.81,2024-12-28 21:15:00,random_forest,4226.299097029805
172,Avg Draft (Calculated),145.8949544426068,11.615,2024-02-26 19:00:00,random_forest,4226.299097029805
173,Avg Draft (Calculated),-103.93726253635089,14.2,2024-08-27 13:00:00,random_forest,4226.299097029805
174,Avg Draft (Calculated),-119.53871217914184,6.42,2024-04-23 21:45:00,random_forest,4226.299097029805
175,Avg Draft (Calculated),143.45888487254723,11.615,2024-02-17 16:15:00,random_forest,4226.299097029805
176,Avg Draft (Calculated),-69.6991489237178,14.2,2024-08-19 20:15:00,random_forest,4226.299097029805
177,Avg Draft (Calculated),6.3435612096196206,14.25,2024-08-08 07:45:00,random_forest,4226.299097029805
178,Avg Draft (Calculated),140.28920446297772,11.47,2024-03-22 20:15:00,random_forest,4226.299097029805
179,Avg Draft (Calculated),-80.46785082361802,14.2,2024-08-25 11:45:00,random_forest,4226.299097029805
180,Avg Draft (Calculated),-278.7173976651398,6.1,2024-10-31 09:00:00,random_forest,4226.299097029805
181,Avg Draft (Calculated),91.1249664104471,9.945,2024-12-16 02:15:00,random_forest,4226.299097029805
182,Avg Draft (Calculated),-187.55897256140528,6.75,2024-07-18 00:00:00,random_forest,4226.299097029805
183,Avg Draft (Calculated),-56.720421270972324,14.2,2024-08-17 22:30:00,random_forest,4226.299097029805
184,Avg Draft (Calculated),142.84320352482183,11.84,2024-02-14 13:45:00,random_forest,4226.299097029805
185,Avg Draft (Calculated),156.9621280286251,10.43,2024-06-08 10:30:00,random_forest,4226.299097029805
186,Avg Draft (Calculated),-53.349210330314406,14.2,2024-08-14 20:30:00,random_forest,4226.299097029805
187,Avg Draft (Calculated),150.04427644473367,11.615,2024-02-28 03:15:00,random_forest,4226.299097029805
188,Avg Draft (Calculated),-283.94869461971865,6.1,2024-10-16 23:30:00,random_forest,4226.299097029805
189,Avg Draft (Calculated),-203.08355080084806,6.42,2024-05-06 03:00:00,random_forest,4226.299097029805
190,Avg Draft (Calculated),-61.80579465879293,14.2,2024-08-18 20:15:00,random_forest,4226.299097029805
191,Avg Draft (Calculated),-272.81086434999645,6.1,2024-11-02 00:45:00,random_forest,4226.299097029805
192,Avg Draft (Calculated),97.46695493469782,9.945,2024-12-23 18:30:00,random_forest,4226.299097029805
193,Avg Draft (Calculated),150.3690197258581,11.615,2024-02-20 05:30:00,random_forest,4226.299097029805
194,Avg Draft (Calculated),147.9083918939413,10.43,2024-06-01 18:45:00,random_forest,4226.299097029805
195,Avg Draft (Calculated),140.75154122036923,11.47,2024-03-23 23:15:00,random_forest,4226.299097029805
196,Avg Draft (Calculated),-275.5209076502329,6.1,2024-10-31 11:15:00,random_forest,4226.299097029805
197,Avg Draft (Calculated),147.00512339093828,11.615,2024-03-10 10:15:00,random_forest,4226.299097029805
198,Avg Draft (Calculated),145.5696739696514,11.615,2024-02-27 18:30:00,random_forest,4226.299097029805
199,Avg Draft (Calculated),83.4028987999271,9.945,2024-12-14 09:30:00,random_forest,4226.299097029805
0,SOG - STW (calculated),-2.199473132087927,-0.7735992063492034,2024-12-22 11:30:00,random_forest,4226.299097029805
1,SOG - STW (calculated),1.9609481930662371,-0.2038983050847456,2024-03-09 10:00:00,random_forest,4226.299097029805
2,SOG - STW (calculated),5.762032625744603,0.0055463435374161,2024-04-12 18:15:00,random_forest,4226.299097029805
3,SOG - STW (calculated),-1.6121554882304003,-0.6123869047619053,2024-08-05 02:15:00,random_forest,4226.299097029805
4,SOG - STW (calculated),-8.280471238531616,-1.4780423280423278,2024-08-24 05:00:00,random_forest,4226.299097029805
5,SOG - STW (calculated),0.9072866464908924,-0.3365893901420236,2024-04-28 22:15:00,random_forest,4226.299097029805
6,SOG - STW (calculated),12.837890090252303,-0.0881981187536737,2024-04-29 15:00:00,random_forest,4226.299097029805
7,SOG - STW (calculated),-8.308725799561751,-1.6937222222222204,2024-08-24 07:30:00,random_forest,4226.299097029805
8,SOG - STW (calculated),-0.7441955947969549,-0.4589487489911228,2024-12-20 13:45:00,random_forest,4226.299097029805
9,SOG - STW (calculated),2.327363358531902,-0.1999999999999993,2024-12-24 11:45:00,random_forest,4226.299097029805
10,SOG - STW (calculated),-2.8263478252987406,-0.7763630952380964,2024-09-14 02:00:00,random_forest,4226.299097029805
11,SOG - STW (calculated),-3.3657809565751724,-1.0923333333333325,2024-02-10 19:00:00,random_forest,4226.299097029805
12,SOG - STW (calculated),-5.590971462958367,-1.3524940476190466,2024-09-12 02:45:00,random_forest,4226.299097029805
13,SOG - STW (calculated),43.559568509392264,-0.0893542568542535,2024-05-05 15:30:00,random_forest,4226.299097029805
14,SOG - STW (calculated),-30.284522121256614,-1.3780813492063526,2024-09-15 02:15:00,random_forest,4226.299097029805
15,SOG - STW (calculated),26.97087081918997,0.2627567340067323,2024-04-02 01:45:00,random_forest,4226.299097029805
16,SOG - STW (calculated),1.2069365473587275,-0.3330833333333345,2024-12-27 03:45:00,random_forest,4226.299097029805
17,SOG - STW (calculated),-0.1515633153960788,-0.5369249512670589,2024-03-12 02:45:00,random_forest,4226.299097029805
18,SOG - STW (calculated),-2.0710078986711427,-0.5943227386648449,2024-03-17 07:45:00,random_forest,4226.299097029805
19,SOG - STW (calculated),4.648319999132838,0.2716785714285716,2024-12-14 15:15:00,random_forest,4226.299097029805
20,SOG - STW (calculated),-1.0423814660939787,-0.6791933653032771,2024-10-26 01:45:00,random_forest,4226.299097029805
21,SOG - STW (calculated),26.97256251913764,0.2840515873015832,2024-04-01 22:00:00,random_forest,4226.299097029805
22,SOG - STW (calculated),-0.0689592794394556,-0.521064030131825,2024-05-11 08:45:00,random_forest,4226.299097029805
23,SOG - STW (calculated),1.7840612288166549,-0.2498624794745492,2024-04-30 21:45:00,random_forest,4226.299097029805
24,SOG - STW (calculated),-1.1665687774909566,-0.2153161375661358,2024-08-02 07:15:00,random_forest,4226.299097029805
25,SOG - STW (calculated),-0.5985509992830196,-0.6087889983579657,2024-02-28 08:00:00,random_forest,4226.299097029805
26,SOG - STW (calculated),3.008409629237993,0.041499582289056,2024-03-03 03:45:00,random_forest,4226.299097029805
27,SOG - STW (calculated),0.3140042307121972,-0.2773690476190502,2024-11-11 13:30:00,random_forest,4226.299097029805
28,SOG - STW (calculated),-0.42015145312925606,-0.6109765940274414,2024-02-28 17:45:00,random_forest,4226.299097029805
29,SOG - STW (calculated),-10.618235383177728,-1.5961824051654556,2024-02-17 22:00:00,random_forest,4226.299097029805
30,SOG - STW (calculated),-1.419230171790415,-0.8782638888888883,2024-11-20 07:00:00,random_forest,4226.299097029805
31,SOG - STW (calculated),-1.6741455732637809,-0.6525992063492083,2024-02-25 02:30:00,random_forest,4226.299097029805
32,SOG - STW (calculated),2.6676782610198084,-0.1862187247780493,2024-03-10 23:15:00,random_forest,4226.299097029805
33,SOG - STW (calculated),3.5645006211645245,-0.067976190476191,2024-03-20 15:30:00,random_forest,4226.299097029805
34,SOG - STW (calculated),21.312665700851213,-0.0186944444444439,2024-08-17 00:15:00,random_forest,4226.299097029805
35,SOG - STW (calculated),-7.90709167238249,-1.1505046296296282,2024-06-05 05:15:00,random_forest,4226.299097029805
36,SOG - STW (calculated),3.114042779406542,-0.1732665343915354,2024-07-20 01:30:00,random_forest,4226.299097029805
37,SOG - STW (calculated),-0.3937874063998882,-0.5767361111111118,2024-11-11 15:15:00,random_forest,4226.299097029805
38,SOG - STW (calculated),-1.4587568060700582,-0.704038662486937,2024-02-14 05:30:00,random_forest,4226.299097029805
39,SOG - STW (calculated),-4.076178206579421,-0.9522083333333332,2024-02-16 01:00:00,random_forest,4226.299097029805
40,SOG - STW (calculated),-5.4057913197794205,-1.4573708635996798,2024-09-12 03:30:00,random_forest,4226.299097029805
41,SOG - STW (calculated),32.00647400111357,0.2968257575757569,2024-05-02 05:30:00,random_forest,4226.299097029805
42,SOG - STW (calculated),7.18769682749389,-2.2112006261158808,2024-09-15 14:15:00,random_forest,4226.299097029805
43,SOG - STW (calculated),-6.823640830099802,-0.6628756613756615,2024-08-22 00:30:00,random_forest,4226.299097029805
44,SOG - STW (calculated),-5.598470713432095,-1.594925925925926,2024-07-25 09:45:00,random_forest,4226.299097029805
45,SOG - STW (calculated),-1.5959643576830045,-0.6116071428571423,2024-12-28 23:30:00,random_forest,4226.299097029805
46,SOG - STW (calculated),10.901903358395076,-1.9675694444444431,2024-09-15 19:00:00,random_forest,4226.299097029805
47,SOG - STW (calculated),18.57638359119461,-0.0397454844006581,2024-04-10 16:45:00,random_forest,4226.299097029805
48,SOG - STW (calculated),1.6738176539025262,0.1039285714285718,2024-10-20 09:15:00,random_forest,4226.299097029805
49,SOG - STW (calculated),-4.113748190304101,-1.3631712962962954,2024-07-24 18:30:00,random_forest,4226.299097029805
50,SOG - STW (calculated),3.1121736940710707,-0.0029885057471261,2024-02-23 12:30:00,random_forest,4226.299097029805
51,SOG - STW (calculated),-1.4737066413978668,-0.6275894538606401,2024-11-03 22:00:00,random_forest,4226.299097029805
52,SOG - STW (calculated),-0.16590527568514846,-0.5103457700491596,2024-02-28 14:30:00,random_forest,4226.299097029805
53,SOG - STW (calculated),-1.37496713677238,-0.9017950693374424,2024-11-09 07:30:00,random_forest,4226.299097029805
54,SOG - STW (calculated),-7.9549773506543415,-1.678883597883596,2024-08-23 03:15:00,random_forest,4226.299097029805
55,SOG - STW (calculated),0.19716383784786004,-0.4596327683615815,2024-02-29 22:45:00,random_forest,4226.299097029805
56,SOG - STW (calculated),4.176797728721786,0.0080992063492075,2024-12-16 01:30:00,random_forest,4226.299097029805
57,SOG - STW (calculated),-4.665201402562871,-1.4165410052910037,2024-09-18 22:45:00,random_forest,4226.299097029805
58,SOG - STW (calculated),1.5910391542157027,-0.41512740183793,2024-04-24 16:30:00,random_forest,4226.299097029805
59,SOG - STW (calculated),-1.1081686541941236,-0.5562500000000021,2024-02-24 23:15:00,random_forest,4226.299097029805
60,SOG - STW (calculated),-20.774789827865323,-1.5809404761904755,2024-09-14 11:00:00,random_forest,4226.299097029805
61,SOG - STW (calculated),20.78738890343681,1.275059187516817,2024-04-27 12:45:00,random_forest,4226.299097029805
62,SOG - STW (calculated),4.052893967520837,-0.2037762345679006,2024-07-16 23:30:00,random_forest,4226.299097029805
63,SOG - STW (calculated),4.189490007929916,0.5096369047619032,2024-07-18 08:00:00,random_forest,4226.299097029805
64,SOG - STW (calculated),13.694218582637257,0.3038505747126425,2024-04-03 06:15:00,random_forest,4226.299097029805
65,SOG - STW (calculated),-3.716609114526921,-1.283815476190476,2024-08-04 14:45:00,random_forest,4226.299097029805
66,SOG - STW (calculated),-1.112584997153949,-0.7383682266009846,2024-03-17 21:45:00,random_forest,4226.299097029805
67,SOG - STW (calculated),-4.826383837200972,-1.4495600048100066,2024-08-08 08:30:00,random_forest,4226.299097029805
68,SOG - STW (calculated),2.9207014364585673,0.4166388888888885,2024-12-25 00:15:00,random_forest,4226.299097029805
69,SOG - STW (calculated),3.39885256190931,-0.1016587301587303,2024-12-17 16:45:00,random_forest,4226.299097029805
70,SOG - STW (calculated),-7.854211362159339,-1.5309398148148148,2024-08-22 22:45:00,random_forest,4226.299097029805
71,SOG - STW (calculated),-2.527355762407114,-0.8115681444991782,2024-03-17 20:15:00,random_forest,4226.299097029805
72,SOG - STW (calculated),-3.569961622221139,-0.948390804597704,2024-02-17 09:15:00,random_forest,4226.299097029805
73,SOG - STW (calculated),0.6207152537855976,-0.4211863711001644,2024-03-01 06:00:00,random_forest,4226.299097029805
74,SOG - STW (calculated),-4.310328982602467,-0.5134067460317464,2024-08-15 18:00:00,random_forest,4226.299097029805
75,SOG - STW (calculated),20.17424104390377,1.039041666666666,2024-07-17 19:00:00,random_forest,4226.299097029805
76,SOG - STW (calculated),-4.962758408095725,-0.958118326118324,2024-04-02 12:15:00,random_forest,4226.299097029805
77,SOG - STW (calculated),5.049081596451942,0.1335092592592559,2024-08-06 22:30:00,random_forest,4226.299097029805
78,SOG - STW (calculated),-1.107764351039322,-0.8915277777777781,2024-12-17 15:00:00,random_forest,4226.299097029805
79,SOG - STW (calculated),2.3300751295468576,0.0488229755178899,2024-02-20 16:15:00,random_forest,4226.299097029805
80,SOG - STW (calculated),-1.0491557587750806,-0.6772142857142853,2024-09-19 23:30:00,random_forest,4226.299097029805
81,SOG - STW (calculated),1.581587662046817,-0.1574047619047611,2024-11-11 06:00:00,random_forest,4226.299097029805
82,SOG - STW (calculated),-6.44789436994706,-0.955333333333332,2024-08-19 12:30:00,random_forest,4226.299097029805
83,SOG - STW (calculated),-4.3992125045820965,-1.9567367724867677,2024-09-17 09:00:00,random_forest,4226.299097029805
84,SOG - STW (calculated),0.35040086957400074,-1.030536050578423,2024-11-13 04:45:00,random_forest,4226.299097029805
85,SOG - STW (calculated),6.78704260262368,-0.4853472222222237,2024-05-11 13:15:00,random_forest,4226.299097029805
86,SOG - STW (calculated),6.060464613435687,0.1223948412698412,2024-04-15 05:00:00,random_forest,4226.299097029805
87,SOG - STW (calculated),-20.18721999509575,-1.583440476190475,2024-09-14 10:00:00,random_forest,4226.299097029805
88,SOG - STW (calculated),2.457664325879341,-0.343197089947088,2024-05-08 14:30:00,random_forest,4226.299097029805
89,SOG - STW (calculated),1.105266913835412,-0.2888293650793674,2024-12-26 19:15:00,random_forest,4226.299097029805
90,SOG - STW (calculated),0.11058736120043523,-0.4952871939736329,2024-02-28 15:45:00,random_forest,4226.299097029805
91,SOG - STW (calculated),-3.017686906602928,-0.893144179894179,2024-07-20 22:15:00,random_forest,4226.299097029805
92,SOG - STW (calculated),-1.3511276947377475,-0.8268563357546395,2024-03-15 00:15:00,random_forest,4226.299097029805
93,SOG - STW (calculated),3.1974397955365768,0.3247674742411544,2024-04-26 14:00:00,random_forest,4226.299097029805
94,SOG - STW (calculated),-6.98157301056062,-0.8489133597883605,2024-08-20 10:00:00,random_forest,4226.299097029805
95,SOG - STW (calculated),2.9589425388658364,-1.7838396067209636,2024-09-14 14:30:00,random_forest,4226.299097029805
96,SOG - STW (calculated),-6.696068959216643,-0.7739796267762369,2024-11-30 23:30:00,random_forest,4226.299097029805
97,SOG - STW (calculated),5.797140953722336,-0.0816748768472894,2024-04-28 19:00:00,random_forest,4226.299097029805
98,SOG - STW (calculated),45.261479376646534,-0.142111992945324,2024-05-05 15:45:00,random_forest,4226.299097029805
99,SOG - STW (calculated),-0.7687993601395056,-0.4008234126984096,2024-07-16 12:00:00,random_forest,4226.299097029805
100,SOG - STW (calculated),-2.53478533898719,-0.84780753968254,2024-07-23 00:30:00,random_forest,4226.299097029805
101,SOG - STW (calculated),3.6668356766802277,-0.1125260473989282,2024-12-22 13:15:00,random_forest,4226.299097029805
102,SOG - STW (calculated),-3.3669282064748827,-0.795552072448622,2024-03-26 15:00:00,random_forest,4226.299097029805
103,SOG - STW (calculated),21.061169935698157,0.117592592592592,2024-08-08 16:15:00,random_forest,4226.299097029805
104,SOG - STW (calculated),-4.677353426965607,-1.718592592592595,2024-08-14 09:30:00,random_forest,4226.299097029805
105,SOG - STW (calculated),1.609467193423731,-0.423757936507938,2024-02-26 12:00:00,random_forest,4226.299097029805
106,SOG - STW (calculated),1.7960038287863818,-0.2608737753474592,2024-02-28 09:30:00,random_forest,4226.299097029805
107,SOG - STW (calculated),3.2552621401882686,-0.0079166666666665,2024-02-09 05:45:00,random_forest,4226.299097029805
108,SOG - STW (calculated),2.26605783246362,0.0605416666666638,2024-08-04 02:30:00,random_forest,4226.299097029805
109,SOG - STW (calculated),-1.4743288981561646,-0.59312697189816,2024-07-20 09:00:00,random_forest,4226.299097029805
110,SOG - STW (calculated),-0.9922311482917039,-0.7466959064327483,2024-03-01 09:30:00,random_forest,4226.299097029805
111,SOG - STW (calculated),-3.2420950661708936,-0.9103148148148144,2024-09-19 01:00:00,random_forest,4226.299097029805
112,SOG - STW (calculated),1.2044880569811334,-0.2297837301587293,2024-08-04 01:45:00,random_forest,4226.299097029805
113,SOG - STW (calculated),-0.8032570165992502,-0.5166825396825399,2024-12-22 01:45:00,random_forest,4226.299097029805
114,SOG - STW (calculated),-2.0044230033483004,-0.7235351089588367,2024-02-13 18:00:00,random_forest,4226.299097029805
115,SOG - STW (calculated),-7.362090474904869,-0.84006613756614,2024-08-17 03:45:00,random_forest,4226.299097029805
116,SOG - STW (calculated),9.907075250484821,-1.146958333333333,2024-12-01 21:30:00,random_forest,4226.299097029805
117,SOG - STW (calculated),7.627715686708959,-0.0792091836734698,2024-03-27 03:00:00,random_forest,4226.299097029805
118,SOG - STW (calculated),0.8648668182708577,0.0948115079365106,2024-10-23 08:00:00,random_forest,4226.299097029805
119,SOG - STW (calculated),-9.366265510451106,-2.4745682001614195,2024-02-17 12:45:00,random_forest,4226.299097029805
120,SOG - STW (calculated),-4.784992578590892,-1.3514669312169332,2024-09-19 03:30:00,random_forest,4226.299097029805
121,SOG - STW (calculated),3.086876239381376,-0.0642939244663374,2024-02-23 13:30:00,random_forest,4226.299097029805
122,SOG - STW (calculated),3.993983257660158,0.4037826203927892,2024-04-28 09:30:00,random_forest,4226.299097029805
123,SOG - STW (calculated),3.207177606868404,-0.0133807506053287,2024-04-28 04:30:00,random_forest,4226.299097029805
124,SOG - STW (calculated),3.2241629774511975,0.8375753968253932,2024-04-26 23:15:00,random_forest,4226.299097029805
125,SOG - STW (calculated),-6.475578172526153,-1.4350555555555555,2024-09-18 01:00:00,random_forest,4226.299097029805
126,SOG - STW (calculated),3.612148937624029,-0.0423893065998353,2024-08-14 04:30:00,random_forest,4226.299097029805
127,SOG - STW (calculated),2.6291087068397645,0.5237097576752774,2024-11-13 15:00:00,random_forest,4226.299097029805
128,SOG - STW (calculated),2.885984894341153,-0.3929926108374388,2024-05-06 15:00:00,random_forest,4226.299097029805
129,SOG - STW (calculated),3.756268250923931,-0.0039487607908661,2024-04-28 11:45:00,random_forest,4226.299097029805
130,SOG - STW (calculated),-0.19408430753877365,-0.3677764550264566,2024-11-06 06:45:00,random_forest,4226.299097029805
131,SOG - STW (calculated),-7.495710637925916,-1.297744708994708,2024-08-21 08:30:00,random_forest,4226.299097029805
132,SOG - STW (calculated),2.8651580095538423,-0.2617133196370478,2024-04-11 21:30:00,random_forest,4226.299097029805
133,SOG - STW (calculated),0.20827374427241607,-0.2848749999999977,2024-11-11 10:30:00,random_forest,4226.299097029805
134,SOG - STW (calculated),-0.604773460177069,-0.5536466165413518,2024-12-15 14:45:00,random_forest,4226.299097029805
135,SOG - STW (calculated),13.826531964849245,0.3355277777777754,2024-04-03 04:45:00,random_forest,4226.299097029805
136,SOG - STW (calculated),-0.14797797878357555,-1.0175718390804604,2024-10-26 06:15:00,random_forest,4226.299097029805
137,SOG - STW (calculated),7.647827736977795,0.7456362658057607,2024-04-25 14:30:00,random_forest,4226.299097029805
138,SOG - STW (calculated),3.0057643729908463,0.3719900793650783,2024-10-18 10:45:00,random_forest,4226.299097029805
139,SOG - STW (calculated),6.696554915892875,-0.0294252873563216,2024-06-02 01:30:00,random_forest,4226.299097029805
140,SOG - STW (calculated),-8.13700910162665,-1.4410102513227514,2024-08-22 23:30:00,random_forest,4226.299097029805
141,SOG - STW (calculated),4.029641625136131,0.2136944444444442,2024-12-22 13:45:00,random_forest,4226.299097029805
142,SOG - STW (calculated),-8.292086927182007,-1.6175773809523832,2024-08-22 17:45:00,random_forest,4226.299097029805
143,SOG - STW (calculated),1.502802742718188,-0.3055952380952398,2024-03-22 19:00:00,random_forest,4226.299097029805
144,SOG - STW (calculated),-4.296023677454787,-0.783164514393329,2024-08-02 04:45:00,random_forest,4226.299097029805
145,SOG - STW (calculated),7.594318877882885,-0.0216374269005861,2024-03-27 03:15:00,random_forest,4226.299097029805
146,SOG - STW (calculated),8.375296299374975,0.0879563492063457,2024-03-02 08:15:00,random_forest,4226.299097029805
147,SOG - STW (calculated),0.6216417722484819,-0.4299934291898601,2024-02-29 02:45:00,random_forest,4226.299097029805
148,SOG - STW (calculated),-1.4890878111939212,-0.4641607142857147,2024-08-15 06:30:00,random_forest,4226.299097029805
149,SOG - STW (calculated),1.7621749479483506,-0.317104519774011,2024-03-16 22:00:00,random_forest,4226.299097029805
150,SOG - STW (calculated),-4.259742522645839,-0.4638115079365086,2024-08-15 18:15:00,random_forest,4226.299097029805
151,SOG - STW (calculated),0.0355987155384159,-0.368634085213035,2024-05-11 03:00:00,random_forest,4226.299097029805
152,SOG - STW (calculated),-6.954878069998673,-1.2130396825396836,2024-08-22 13:15:00,random_forest,4226.299097029805
153,SOG - STW (calculated),0.8339810033126471,-0.2361435185185172,2024-11-05 19:30:00,random_forest,4226.299097029805
154,SOG - STW (calculated),-13.767704118726568,-1.88811541565779,2024-06-10 03:00:00,random_forest,4226.299097029805
155,SOG - STW (calculated),7.01197248310389,0.486730442176869,2024-04-14 12:00:00,random_forest,4226.299097029805
156,SOG - STW (calculated),-1.14351408425534,-0.4408703703703676,2024-07-17 00:30:00,random_forest,4226.299097029805
157,SOG - STW (calculated),-6.6108935079602125,-1.012640873015874,2024-08-20 05:45:00,random_forest,4226.299097029805
158,SOG - STW (calculated),2.494904773602701,-0.2492733990147773,2024-11-19 00:00:00,random_forest,4226.299097029805
159,SOG - STW (calculated),9.905745227442482,-1.1487539682539678,2024-12-01 21:00:00,random_forest,4226.299097029805
160,SOG - STW (calculated),-5.486946074635688,-1.9164399092970523,2024-04-02 14:30:00,random_forest,4226.299097029805
161,SOG - STW (calculated),8.467545460621277,-0.1924930555555573,2024-08-10 14:15:00,random_forest,4226.299097029805
162,SOG - STW (calculated),-6.2631367564190805,-0.9757894736842108,2024-03-24 01:15:00,random_forest,4226.299097029805
163,SOG - STW (calculated),2.4502388149921193,0.4015823412698402,2024-11-12 20:15:00,random_forest,4226.299097029805
164,SOG - STW (calculated),-0.18485469098285384,-0.8113505515200448,2024-06-07 14:00:00,random_forest,4226.299097029805
165,SOG - STW (calculated),27.124369839099288,0.6871879203658882,2024-05-10 12:45:00,random_forest,4226.299097029805
166,SOG - STW (calculated),8.301619669877676,0.2001518883415443,2024-04-25 01:30:00,random_forest,4226.299097029805
167,SOG - STW (calculated),0.22067340941509367,-0.4027777777777803,2024-12-09 21:15:00,random_forest,4226.299097029805
168,SOG - STW (calculated),-0.9559362747734514,-0.51704022988506,2024-03-27 10:00:00,random_forest,4226.299097029805
169,SOG - STW (calculated),-1.476851751731926,-0.5459131944444451,2024-02-25 16:15:00,random_forest,4226.299097029805
170,SOG - STW (calculated),102.45766632132772,1.61420498084291,2024-04-25 04:00:00,random_forest,4226.299097029805
171,SOG - STW (calculated),-0.8852039753805869,-0.6067982456140335,2024-12-28 21:15:00,random_forest,4226.299097029805
172,SOG - STW (calculated),0.6498986294530114,-0.4327257799671606,2024-02-26 19:00:00,random_forest,4226.299097029805
173,SOG - STW (calculated),-21.24918617671995,-1.280960978835978,2024-08-27 13:00:00,random_forest,4226.299097029805
174,SOG - STW (calculated),3.2970449042705456,0.4435421711057294,2024-04-23 21:45:00,random_forest,4226.299097029805
175,SOG - STW (calculated),-9.255260770866277,-2.2453899835796403,2024-02-17 16:15:00,random_forest,4226.299097029805
176,SOG - STW (calculated),-7.1646381925902185,-0.864686507936506,2024-08-19 20:15:00,random_forest,4226.299097029805
177,SOG - STW (calculated),-4.357320447322853,-1.2271752645502634,2024-08-08 07:45:00,random_forest,4226.299097029805
178,SOG - STW (calculated),2.2123725017790523,-0.2892376775271508,2024-03-22 20:15:00,random_forest,4226.299097029805
179,SOG - STW (calculated),30.423728454340925,-0.1985535714285724,2024-08-25 11:45:00,random_forest,4226.299097029805
180,SOG - STW (calculated),1.8529927100703791,0.1863670634920637,2024-10-31 09:00:00,random_forest,4226.299097029805
181,SOG - STW (calculated),2.6308990858640855,-0.2435648148148175,2024-12-16 02:15:00,random_forest,4226.299097029805
182,SOG - STW (calculated),3.684183535097681,0.292361111111111,2024-07-18 00:00:00,random_forest,4226.299097029805
183,SOG - STW (calculated),-4.196454801107981,-1.4118349753694588,2024-08-17 22:30:00,random_forest,4226.299097029805
184,SOG - STW (calculated),-2.9725756541619144,-1.1000909090909072,2024-02-14 13:45:00,random_forest,4226.299097029805
185,SOG - STW (calculated),4.856651017639286,-0.2567009685230044,2024-06-08 10:30:00,random_forest,4226.299097029805
186,SOG - STW (calculated),-5.211028169357218,-1.618615819209035,2024-08-14 20:30:00,random_forest,4226.299097029805
187,SOG - STW (calculated),-1.1912192031496722,-0.7960461309523836,2024-02-28 03:15:00,random_forest,4226.299097029805
188,SOG - STW (calculated),-0.1259354704990429,-1.1968472222222228,2024-10-16 23:30:00,random_forest,4226.299097029805
189,SOG - STW (calculated),0.37234985735811776,-0.4522291840712871,2024-05-06 03:00:00,random_forest,4226.299097029805
190,SOG - STW (calculated),-6.056106567626384,-1.3985403439153448,2024-08-18 20:15:00,random_forest,4226.299097029805
191,SOG - STW (calculated),3.773424091765927,0.0288796296296283,2024-11-02 00:45:00,random_forest,4226.299097029805
192,SOG - STW (calculated),-1.170331545688816,-0.95511111111111,2024-12-23 18:30:00,random_forest,4226.299097029805
193,SOG - STW (calculated),1.7590069901241498,0.0682438672438685,2024-02-20 05:30:00,random_forest,4226.299097029805
194,SOG - STW (calculated),7.272539594473854,0.0353425229741013,2024-06-01 18:45:00,random_forest,4226.299097029805
195,SOG - STW (calculated),-7.873686472818802,-1.1050000000000004,2024-03-23 23:15:00,random_forest,4226.299097029805
196,SOG - STW (calculated),2.2131481486277687,0.3310859788359757,2024-10-31 11:15:00,random_forest,4226.299097029805
197,SOG - STW (calculated),2.281618624669297,-0.1718644067796599,2024-03-10 10:15:00,random_forest,4226.299097029805
198,SOG - STW (calculated),-1.4875737604671524,-0.800930735930736,2024-02-27 18:30:00,random_forest,4226.299097029805
199,SOG - STW (calculated),0.48528503135638884,-0.4224887566137614,2024-12-14 09:30:00,random_forest,4226.299097029805
0,cumulative_fouling_penalty_index (calculated),-126.63692311273944,7567.553369004634,2024-12-22 11:30:00,random_forest,4226.299097029805
1,cumulative_fouling_penalty_index (calculated),116.92635988355704,1097.801644858641,2024-03-09 10:00:00,random_forest,4226.299097029805
2,cumulative_fouling_penalty_index (calculated),-86.882551355301,1995.1648251342367,2024-04-12 18:15:00,random_forest,4226.299097029805
3,cumulative_fouling_penalty_index (calculated),-56.46906711778985,1509.142717541013,2024-08-05 02:15:00,random_forest,4226.299097029805
4,cumulative_fouling_penalty_index (calculated),20.7027610953583,2731.0455105956003,2024-08-24 05:00:00,random_forest,4226.299097029805
5,cumulative_fouling_penalty_index (calculated),120.52728458138807,2501.676275441629,2024-04-28 22:15:00,random_forest,4226.299097029805
6,cumulative_fouling_penalty_index (calculated),307.61532895877787,2517.232215366977,2024-04-29 15:00:00,random_forest,4226.299097029805
7,cumulative_fouling_penalty_index (calculated),26.442163801172388,2733.720888199718,2024-08-24 07:30:00,random_forest,4226.299097029805
8,cumulative_fouling_penalty_index (calculated),-111.27842074433012,7531.368710499868,2024-12-20 13:45:00,random_forest,4226.299097029805
9,cumulative_fouling_penalty_index (calculated),-135.49708155594325,7592.989430514912,2024-12-24 11:45:00,random_forest,4226.299097029805
10,cumulative_fouling_penalty_index (calculated),257.839236752345,3314.6874026448627,2024-09-14 02:00:00,random_forest,4226.299097029805
11,cumulative_fouling_penalty_index (calculated),34.33015290009037,501.0905765520628,2024-02-10 19:00:00,random_forest,4226.299097029805
12,cumulative_fouling_penalty_index (calculated),214.23120117082232,3279.268068826471,2024-09-12 02:45:00,random_forest,4226.299097029805
13,cumulative_fouling_penalty_index (calculated),331.80791115279044,2756.1308781398952,2024-05-05 15:30:00,random_forest,4226.299097029805
14,cumulative_fouling_penalty_index (calculated),276.75416714713185,3334.130601154451,2024-09-15 02:15:00,random_forest,4226.299097029805
15,cumulative_fouling_penalty_index (calculated),-56.71800905386665,1660.2222551757163,2024-04-02 01:45:00,random_forest,4226.299097029805
16,cumulative_fouling_penalty_index (calculated),-259.00721283476526,7597.752075307371,2024-12-27 03:45:00,random_forest,4226.299097029805
17,cumulative_fouling_penalty_index (calculated),104.77803024192065,1143.0662576920856,2024-03-12 02:45:00,random_forest,4226.299097029805
18,cumulative_fouling_penalty_index (calculated),71.89434825462682,1225.5795475721852,2024-03-17 07:45:00,random_forest,4226.299097029805
19,cumulative_fouling_penalty_index (calculated),56.19176019495062,7397.596970294197,2024-12-14 15:15:00,random_forest,4226.299097029805
20,cumulative_fouling_penalty_index (calculated),26.174713070975226,4026.460020676516,2024-10-26 01:45:00,random_forest,4226.299097029805
21,cumulative_fouling_penalty_index (calculated),-56.43604578238627,1655.1418603362808,2024-04-01 22:00:00,random_forest,4226.299097029805
22,cumulative_fouling_penalty_index (calculated),154.26346147036702,2892.8311160290336,2024-05-11 08:45:00,random_forest,4226.299097029805
23,cumulative_fouling_penalty_index (calculated),33.886259350923204,2550.214154331404,2024-04-30 21:45:00,random_forest,4226.299097029805
24,cumulative_fouling_penalty_index (calculated),6.3411144856155675,1440.1209792153172,2024-08-02 07:15:00,random_forest,4226.299097029805
25,cumulative_fouling_penalty_index (calculated),80.0366510508951,915.4571290198388,2024-02-28 08:00:00,random_forest,4226.299097029805
26,cumulative_fouling_penalty_index (calculated),123.9191992327481,987.1273056082964,2024-03-03 03:45:00,random_forest,4226.299097029805
27,cumulative_fouling_penalty_index (calculated),-62.00135702028836,4449.31629380596,2024-11-11 13:30:00,random_forest,4226.299097029805
28,cumulative_fouling_penalty_index (calculated),84.41473699457764,922.6401427656788,2024-02-28 17:45:00,random_forest,4226.299097029805
29,cumulative_fouling_penalty_index (calculated),44.779966285559375,670.4500765694837,2024-02-17 22:00:00,random_forest,4226.299097029805
30,cumulative_fouling_penalty_index (calculated),-254.90339462475518,5333.52634085735,2024-11-20 07:00:00,random_forest,4226.299097029805
31,cumulative_fouling_penalty_index (calculated),81.24248352254354,851.5242963006214,2024-02-25 02:30:00,random_forest,4226.299097029805
32,cumulative_fouling_penalty_index (calculated),108.27932844280726,1124.4401596640828,2024-03-10 23:15:00,random_forest,4226.299097029805
33,cumulative_fouling_penalty_index (calculated),51.00163941869856,1297.6603780828257,2024-03-20 15:30:00,random_forest,4226.299097029805
34,cumulative_fouling_penalty_index (calculated),-26.438520908713784,2319.0388431814977,2024-08-17 00:15:00,random_forest,4226.299097029805
35,cumulative_fouling_penalty_index (calculated),70.57444197451959,4426.646671380408,2024-06-05 05:15:00,random_forest,4226.299097029805
36,cumulative_fouling_penalty_index (calculated),-254.8565463121047,329.47050665415645,2024-07-20 01:30:00,random_forest,4226.299097029805
37,cumulative_fouling_penalty_index (calculated),-65.60076028901305,4450.250045304347,2024-11-11 15:15:00,random_forest,4226.299097029805
38,cumulative_fouling_penalty_index (calculated),17.90768372585302,585.460111052185,2024-02-14 05:30:00,random_forest,4226.299097029805
39,cumulative_fouling_penalty_index (calculated),64.96866846801261,627.7475342256223,2024-02-16 01:00:00,random_forest,4226.299097029805
40,cumulative_fouling_penalty_index (calculated),219.97894409319335,3279.7481613612285,2024-09-12 03:30:00,random_forest,4226.299097029805
41,cumulative_fouling_penalty_index (calculated),259.85778457099025,2588.317025463377,2024-05-02 05:30:00,random_forest,4226.299097029805
42,cumulative_fouling_penalty_index (calculated),269.7097493975353,3344.485447954899,2024-09-15 14:15:00,random_forest,4226.299097029805
43,cumulative_fouling_penalty_index (calculated),15.393015014089329,2676.746692837274,2024-08-22 00:30:00,random_forest,4226.299097029805
44,cumulative_fouling_penalty_index (calculated),-46.65889643963829,623.7336949289537,2024-07-25 09:45:00,random_forest,4226.299097029805
45,cumulative_fouling_penalty_index (calculated),-382.2226210345228,7597.759471088608,2024-12-28 23:30:00,random_forest,4226.299097029805
46,cumulative_fouling_penalty_index (calculated),277.54825082768843,3348.5764077456665,2024-09-15 19:00:00,random_forest,4226.299097029805
47,cumulative_fouling_penalty_index (calculated),-100.39920789049586,1926.026112493296,2024-04-10 16:45:00,random_forest,4226.299097029805
48,cumulative_fouling_penalty_index (calculated),51.907309298976124,3887.109920624802,2024-10-20 09:15:00,random_forest,4226.299097029805
49,cumulative_fouling_penalty_index (calculated),-39.458077122453645,608.7121934929069,2024-07-24 18:30:00,random_forest,4226.299097029805
50,cumulative_fouling_penalty_index (calculated),17.1591541492075,804.7475579315374,2024-02-23 12:30:00,random_forest,4226.299097029805
51,cumulative_fouling_penalty_index (calculated),12.37867978991593,4324.890694337119,2024-11-03 22:00:00,random_forest,4226.299097029805
52,cumulative_fouling_penalty_index (calculated),83.8942305563259,920.2354771035168,2024-02-28 14:30:00,random_forest,4226.299097029805
53,cumulative_fouling_penalty_index (calculated),-56.007676707682315,4395.968903692503,2024-11-09 07:30:00,random_forest,4226.299097029805
54,cumulative_fouling_penalty_index (calculated),10.596327042462582,2703.645697619014,2024-08-23 03:15:00,random_forest,4226.299097029805
55,cumulative_fouling_penalty_index (calculated),118.50006856132408,946.821562860252,2024-02-29 22:45:00,random_forest,4226.299097029805
56,cumulative_fouling_penalty_index (calculated),60.25245066849166,7432.812490978426,2024-12-16 01:30:00,random_forest,4226.299097029805
57,cumulative_fouling_penalty_index (calculated),190.85976547255075,3428.070361186562,2024-09-18 22:45:00,random_forest,4226.299097029805
58,cumulative_fouling_penalty_index (calculated),117.25813412917117,2445.3957903919645,2024-04-24 16:30:00,random_forest,4226.299097029805
59,cumulative_fouling_penalty_index (calculated),84.43156324696972,848.4538302786233,2024-02-24 23:15:00,random_forest,4226.299097029805
60,cumulative_fouling_penalty_index (calculated),259.5017048515126,3322.252775582353,2024-09-14 11:00:00,random_forest,4226.299097029805
61,cumulative_fouling_penalty_index (calculated),24.84685787682478,2486.169072520933,2024-04-27 12:45:00,random_forest,4226.299097029805
62,cumulative_fouling_penalty_index (calculated),41.368157456948786,270.14282657679684,2024-07-16 23:30:00,random_forest,4226.299097029805
63,cumulative_fouling_penalty_index (calculated),-94.40950266266286,290.4384266523184,2024-07-18 08:00:00,random_forest,4226.299097029805
64,cumulative_fouling_penalty_index (calculated),-36.47695689649079,1696.521953703778,2024-04-03 06:15:00,random_forest,4226.299097029805
65,cumulative_fouling_penalty_index (calculated),-53.53152562501648,1497.8190045689405,2024-08-04 14:45:00,random_forest,4226.299097029805
66,cumulative_fouling_penalty_index (calculated),74.95375248722047,1238.002652154411,2024-03-17 21:45:00,random_forest,4226.299097029805
67,cumulative_fouling_penalty_index (calculated),76.00419092373015,1730.0278480608251,2024-08-08 08:30:00,random_forest,4226.299097029805
68,cumulative_fouling_penalty_index (calculated),-172.22255290764974,7595.281870965187,2024-12-25 00:15:00,random_forest,4226.299097029805
69,cumulative_fouling_penalty_index (calculated),76.12104157238088,7471.920824187508,2024-12-17 16:45:00,random_forest,4226.299097029805
70,cumulative_fouling_penalty_index (calculated),8.643126138943352,2699.163983803127,2024-08-22 22:45:00,random_forest,4226.299097029805
71,cumulative_fouling_penalty_index (calculated),70.727444005996,1236.738415800367,2024-03-17 20:15:00,random_forest,4226.299097029805
72,cumulative_fouling_penalty_index (calculated),49.643828096717954,657.8563132656457,2024-02-17 09:15:00,random_forest,4226.299097029805
73,cumulative_fouling_penalty_index (calculated),131.51141522133588,951.7598194185427,2024-03-01 06:00:00,random_forest,4226.299097029805
74,cumulative_fouling_penalty_index (calculated),-52.89275985659012,2280.0643678040487,2024-08-15 18:00:00,random_forest,4226.299097029805
75,cumulative_fouling_penalty_index (calculated),-53.88525819453996,282.5077990857309,2024-07-17 19:00:00,random_forest,4226.299097029805
76,cumulative_fouling_penalty_index (calculated),-38.9533862932187,1673.5817166542558,2024-04-02 12:15:00,random_forest,4226.299097029805
77,cumulative_fouling_penalty_index (calculated),-36.26377170704202,1575.25646061333,2024-08-06 22:30:00,random_forest,4226.299097029805
78,cumulative_fouling_penalty_index (calculated),76.60809150164299,7470.464795541713,2024-12-17 15:00:00,random_forest,4226.299097029805
79,cumulative_fouling_penalty_index (calculated),51.33728581198593,738.2625993715008,2024-02-20 16:15:00,random_forest,4226.299097029805
80,cumulative_fouling_penalty_index (calculated),191.36130021828865,3456.176308068957,2024-09-19 23:30:00,random_forest,4226.299097029805
81,cumulative_fouling_penalty_index (calculated),-61.27492404171045,4445.1485642853895,2024-11-11 06:00:00,random_forest,4226.299097029805
82,cumulative_fouling_penalty_index (calculated),12.66099815195973,2601.137123549333,2024-08-19 12:30:00,random_forest,4226.299097029805
83,cumulative_fouling_penalty_index (calculated),644.1984272909173,3388.8386154170903,2024-09-17 09:00:00,random_forest,4226.299097029805
84,cumulative_fouling_penalty_index (calculated),-102.3826369618118,4477.74897519526,2024-11-13 04:45:00,random_forest,4226.299097029805
85,cumulative_fouling_penalty_index (calculated),176.78185637489827,2894.6257233066326,2024-05-11 13:15:00,random_forest,4226.299097029805
86,cumulative_fouling_penalty_index (calculated),-85.7050218395565,2073.930683194726,2024-04-15 05:00:00,random_forest,4226.299097029805
87,cumulative_fouling_penalty_index (calculated),263.1999235780749,3321.490642038481,2024-09-14 10:00:00,random_forest,4226.299097029805
88,cumulative_fouling_penalty_index (calculated),250.5292705756455,2791.3328159565963,2024-05-08 14:30:00,random_forest,4226.299097029805
89,cumulative_fouling_penalty_index (calculated),-248.9351442109712,7597.669196432071,2024-12-26 19:15:00,random_forest,4226.299097029805
90,cumulative_fouling_penalty_index (calculated),82.48478599558668,921.1701999196856,2024-02-28 15:45:00,random_forest,4226.299097029805
91,cumulative_fouling_penalty_index (calculated),-212.89724444291716,347.22810981909527,2024-07-20 22:15:00,random_forest,4226.299097029805
92,cumulative_fouling_penalty_index (calculated),148.429940975854,1187.9746705545415,2024-03-15 00:15:00,random_forest,4226.299097029805
93,cumulative_fouling_penalty_index (calculated),125.44974073936854,2475.10024298764,2024-04-26 14:00:00,random_forest,4226.299097029805
94,cumulative_fouling_penalty_index (calculated),16.508416410570632,2628.0151340873363,2024-08-20 10:00:00,random_forest,4226.299097029805
95,cumulative_fouling_penalty_index (calculated),259.04117159697216,3324.974041640913,2024-09-14 14:30:00,random_forest,4226.299097029805
96,cumulative_fouling_penalty_index (calculated),-100.28538375998528,6987.942960168516,2024-11-30 23:30:00,random_forest,4226.299097029805
97,cumulative_fouling_penalty_index (calculated),148.48290904493004,2499.796221714676,2024-04-28 19:00:00,random_forest,4226.299097029805
98,cumulative_fouling_penalty_index (calculated),338.0408797401542,2756.2942978719366,2024-05-05 15:45:00,random_forest,4226.299097029805
99,cumulative_fouling_penalty_index (calculated),36.435820627377645,263.82184649889234,2024-07-16 12:00:00,random_forest,4226.299097029805
100,cumulative_fouling_penalty_index (calculated),-45.88428347860755,573.7602865797035,2024-07-23 00:30:00,random_forest,4226.299097029805
101,cumulative_fouling_penalty_index (calculated),-117.53354819471163,7568.516310054611,2024-12-22 13:15:00,random_forest,4226.299097029805
102,cumulative_fouling_penalty_index (calculated),25.011590500125347,1429.6794770051897,2024-03-26 15:00:00,random_forest,4226.299097029805
103,cumulative_fouling_penalty_index (calculated),44.03194130104095,1738.1168828673178,2024-08-08 16:15:00,random_forest,4226.299097029805
104,cumulative_fouling_penalty_index (calculated),-67.10121093743639,2249.8486907423694,2024-08-14 09:30:00,random_forest,4226.299097029805
105,cumulative_fouling_penalty_index (calculated),79.08180506638783,881.2776631872284,2024-02-26 12:00:00,random_forest,4226.299097029805
106,cumulative_fouling_penalty_index (calculated),78.4290514415679,916.5368862035244,2024-02-28 09:30:00,random_forest,4226.299097029805
107,cumulative_fouling_penalty_index (calculated),6.452017304810316,467.370724881372,2024-02-09 05:45:00,random_forest,4226.299097029805
108,cumulative_fouling_penalty_index (calculated),-52.517621358254246,1485.9214255656457,2024-08-04 02:30:00,random_forest,4226.299097029805
109,cumulative_fouling_penalty_index (calculated),-233.10532977032457,336.0542864996877,2024-07-20 09:00:00,random_forest,4226.299097029805
110,cumulative_fouling_penalty_index (calculated),130.45106957984015,954.0903914150016,2024-03-01 09:30:00,random_forest,4226.299097029805
111,cumulative_fouling_penalty_index (calculated),189.38611302538683,3430.048239756573,2024-09-19 01:00:00,random_forest,4226.299097029805
112,cumulative_fouling_penalty_index (calculated),-51.3079123366437,1485.114970358382,2024-08-04 01:45:00,random_forest,4226.299097029805
113,cumulative_fouling_penalty_index (calculated),-104.61380865989706,7561.416979717746,2024-12-22 01:45:00,random_forest,4226.299097029805
114,cumulative_fouling_penalty_index (calculated),19.935208354219295,573.8311464352083,2024-02-13 18:00:00,random_forest,4226.299097029805
115,cumulative_fouling_penalty_index (calculated),-32.81722990965902,2324.8640367525154,2024-08-17 03:45:00,random_forest,4226.299097029805
116,cumulative_fouling_penalty_index (calculated),-164.13371772873307,7012.202715368434,2024-12-01 21:30:00,random_forest,4226.299097029805
117,cumulative_fouling_penalty_index (calculated),26.458711159801478,1440.7043280687951,2024-03-27 03:00:00,random_forest,4226.299097029805
118,cumulative_fouling_penalty_index (calculated),28.272376703875068,3961.556064345256,2024-10-23 08:00:00,random_forest,4226.299097029805
119,cumulative_fouling_penalty_index (calculated),45.98958694121229,661.2006842943525,2024-02-17 12:45:00,random_forest,4226.299097029805
120,cumulative_fouling_penalty_index (calculated),187.13712386547175,3432.221505421441,2024-09-19 03:30:00,random_forest,4226.299097029805
121,cumulative_fouling_penalty_index (calculated),14.695535235971997,805.8738700028889,2024-02-23 13:30:00,random_forest,4226.299097029805
122,cumulative_fouling_penalty_index (calculated),124.89105061807142,2496.090663161879,2024-04-28 09:30:00,random_forest,4226.299097029805
123,cumulative_fouling_penalty_index (calculated),65.16471391414852,2493.938478949597,2024-04-28 04:30:00,random_forest,4226.299097029805
124,cumulative_fouling_penalty_index (calculated),39.90705390763084,2479.070813799956,2024-04-26 23:15:00,random_forest,4226.299097029805
125,cumulative_fouling_penalty_index (calculated),175.211013822245,3406.941273689128,2024-09-18 01:00:00,random_forest,4226.299097029805
126,cumulative_fouling_penalty_index (calculated),-62.12190268135841,2245.660843399417,2024-08-14 04:30:00,random_forest,4226.299097029805
127,cumulative_fouling_penalty_index (calculated),-120.46812153366159,4484.827290028599,2024-11-13 15:00:00,random_forest,4226.299097029805
128,cumulative_fouling_penalty_index (calculated),241.29027165034313,2769.551628310572,2024-05-06 15:00:00,random_forest,4226.299097029805
129,cumulative_fouling_penalty_index (calculated),133.26643405690464,2496.9125596749773,2024-04-28 11:45:00,random_forest,4226.299097029805
130,cumulative_fouling_penalty_index (calculated),-64.46437118747671,4354.574224362583,2024-11-06 06:45:00,random_forest,4226.299097029805
131,cumulative_fouling_penalty_index (calculated),17.065868437341162,2657.7374757662064,2024-08-21 08:30:00,random_forest,4226.299097029805
132,cumulative_fouling_penalty_index (calculated),-86.20733038962983,1966.170353719296,2024-04-11 21:30:00,random_forest,4226.299097029805
133,cumulative_fouling_penalty_index (calculated),-65.85381237918418,4447.772510079471,2024-11-11 10:30:00,random_forest,4226.299097029805
134,cumulative_fouling_penalty_index (calculated),-166.21389509209246,7421.981362209379,2024-12-15 14:45:00,random_forest,4226.299097029805
135,cumulative_fouling_penalty_index (calculated),-38.408317962505,1694.5595038996642,2024-04-03 04:45:00,random_forest,4226.299097029805
136,cumulative_fouling_penalty_index (calculated),25.236668254243906,4030.4723324685606,2024-10-26 06:15:00,random_forest,4226.299097029805
137,cumulative_fouling_penalty_index (calculated),74.74070482788483,2465.268079733619,2024-04-25 14:30:00,random_forest,4226.299097029805
138,cumulative_fouling_penalty_index (calculated),44.63189970463604,3821.031741283788,2024-10-18 10:45:00,random_forest,4226.299097029805
139,cumulative_fouling_penalty_index (calculated),94.87653087399556,4368.534294868558,2024-06-02 01:30:00,random_forest,4226.299097029805
140,cumulative_fouling_penalty_index (calculated),13.196355749234897,2699.918589726343,2024-08-22 23:30:00,random_forest,4226.299097029805
141,cumulative_fouling_penalty_index (calculated),-114.04170303821539,7568.848962549518,2024-12-22 13:45:00,random_forest,4226.299097029805
142,cumulative_fouling_penalty_index (calculated),9.659898649212057,2694.129960557165,2024-08-22 17:45:00,random_forest,4226.299097029805
143,cumulative_fouling_penalty_index (calculated),0.2983474659420932,1344.3929512459863,2024-03-22 19:00:00,random_forest,4226.299097029805
144,cumulative_fouling_penalty_index (calculated),-11.067747786645677,1437.4636943877672,2024-08-02 04:45:00,random_forest,4226.299097029805
145,cumulative_fouling_penalty_index (calculated),26.79480465279327,1440.938000229224,2024-03-27 03:15:00,random_forest,4226.299097029805
146,cumulative_fouling_penalty_index (calculated),341.72280475243997,971.7970276950588,2024-03-02 08:15:00,random_forest,4226.299097029805
147,cumulative_fouling_penalty_index (calculated),92.84198476311157,928.9985827166598,2024-02-29 02:45:00,random_forest,4226.299097029805
148,cumulative_fouling_penalty_index (calculated),-55.47689608108458,2266.6632461864874,2024-08-15 06:30:00,random_forest,4226.299097029805
149,cumulative_fouling_penalty_index (calculated),80.71157166025873,1216.4389801317004,2024-03-16 22:00:00,random_forest,4226.299097029805
150,cumulative_fouling_penalty_index (calculated),-52.90623375858745,2280.406604797978,2024-08-15 18:15:00,random_forest,4226.299097029805
151,cumulative_fouling_penalty_index (calculated),150.5605967366562,2890.8059484714795,2024-05-11 03:00:00,random_forest,4226.299097029805
152,cumulative_fouling_penalty_index (calculated),7.891195611269549,2689.359446892628,2024-08-22 13:15:00,random_forest,4226.299097029805
153,cumulative_fouling_penalty_index (calculated),-62.91299344928855,4349.624412247549,2024-11-05 19:30:00,random_forest,4226.299097029805
154,cumulative_fouling_penalty_index (calculated),42.93458154331933,4541.1485354696415,2024-06-10 03:00:00,random_forest,4226.299097029805
155,cumulative_fouling_penalty_index (calculated),-86.67687733795168,2052.221526736934,2024-04-14 12:00:00,random_forest,4226.299097029805
156,cumulative_fouling_penalty_index (calculated),41.76562492706403,270.6947224919676,2024-07-17 00:30:00,random_forest,4226.299097029805
157,cumulative_fouling_penalty_index (calculated),14.942036979489062,2622.5705562933254,2024-08-20 05:45:00,random_forest,4226.299097029805
158,cumulative_fouling_penalty_index (calculated),-383.61082303030656,5302.813959697909,2024-11-19 00:00:00,random_forest,4226.299097029805
159,cumulative_fouling_penalty_index (calculated),-164.20467199893812,7011.409246168977,2024-12-01 21:00:00,random_forest,4226.299097029805
160,cumulative_fouling_penalty_index (calculated),-37.395800435014074,1676.4204111202655,2024-04-02 14:30:00,random_forest,4226.299097029805
161,cumulative_fouling_penalty_index (calculated),-28.48955084535499,1783.8788950476198,2024-08-10 14:15:00,random_forest,4226.299097029805
162,cumulative_fouling_penalty_index (calculated),4.548003100931123,1371.7964629455887,2024-03-24 01:15:00,random_forest,4226.299097029805
163,cumulative_fouling_penalty_index (calculated),-113.3865632923229,4471.725515473764,2024-11-12 20:15:00,random_forest,4226.299097029805
164,cumulative_fouling_penalty_index (calculated),97.87071835975557,4480.492420707255,2024-06-07 14:00:00,random_forest,4226.299097029805
165,cumulative_fouling_penalty_index (calculated),525.2570672987014,2881.1159085866093,2024-05-10 12:45:00,random_forest,4226.299097029805
166,cumulative_fouling_penalty_index (calculated),78.5675332774783,2452.178594279528,2024-04-25 01:30:00,random_forest,4226.299097029805
167,cumulative_fouling_penalty_index (calculated),-46.92021331093178,7245.233337501019,2024-12-09 21:15:00,random_forest,4226.299097029805
168,cumulative_fouling_penalty_index (calculated),25.367521357238477,1447.189300101414,2024-03-27 10:00:00,random_forest,4226.299097029805
169,cumulative_fouling_penalty_index (calculated),83.43446893884008,864.0942917442113,2024-02-25 16:15:00,random_forest,4226.299097029805
170,cumulative_fouling_penalty_index (calculated),303.6604072546556,2454.3116560646527,2024-04-25 04:00:00,random_forest,4226.299097029805
171,cumulative_fouling_penalty_index (calculated),-386.90075465102825,7597.759471088608,2024-12-28 21:15:00,random_forest,4226.299097029805
172,cumulative_fouling_penalty_index (calculated),81.67347274926162,887.1668229502646,2024-02-26 19:00:00,random_forest,4226.299097029805
173,cumulative_fouling_penalty_index (calculated),57.6453702381924,2817.4244903541376,2024-08-27 13:00:00,random_forest,4226.299097029805
174,cumulative_fouling_penalty_index (calculated),113.82193844904432,2433.6900715671754,2024-04-23 21:45:00,random_forest,4226.299097029805
175,cumulative_fouling_penalty_index (calculated),40.826936917806215,664.7128649569066,2024-02-17 16:15:00,random_forest,4226.299097029805
176,cumulative_fouling_penalty_index (calculated),15.785832735894358,2610.7434562051594,2024-08-19 20:15:00,random_forest,4226.299097029805
177,cumulative_fouling_penalty_index (calculated),75.25792654140349,1729.4221447696182,2024-08-08 07:45:00,random_forest,4226.299097029805
178,cumulative_fouling_penalty_index (calculated),2.2619918096827876,1345.4915353355402,2024-03-22 20:15:00,random_forest,4226.299097029805
179,cumulative_fouling_penalty_index (calculated),75.33655708969171,2764.73320263011,2024-08-25 11:45:00,random_forest,4226.299097029805
180,cumulative_fouling_penalty_index (calculated),32.594750394993156,4138.553371161896,2024-10-31 09:00:00,random_forest,4226.299097029805
181,cumulative_fouling_penalty_index (calculated),65.83600702383767,7433.576830119188,2024-12-16 02:15:00,random_forest,4226.299097029805
182,cumulative_fouling_penalty_index (calculated),-97.25671999436247,285.6275736003107,2024-07-18 00:00:00,random_forest,4226.299097029805
183,cumulative_fouling_penalty_index (calculated),19.231273889408683,2548.48226124179,2024-08-17 22:30:00,random_forest,4226.299097029805
184,cumulative_fouling_penalty_index (calculated),18.320473669581638,594.1159885785004,2024-02-14 13:45:00,random_forest,4226.299097029805
185,cumulative_fouling_penalty_index (calculated),51.053024896309005,4504.363234655836,2024-06-08 10:30:00,random_forest,4226.299097029805
186,cumulative_fouling_penalty_index (calculated),-65.41487734376278,2258.4927138350354,2024-08-14 20:30:00,random_forest,4226.299097029805
187,cumulative_fouling_penalty_index (calculated),88.06758523366256,911.9808468127904,2024-02-28 03:15:00,random_forest,4226.299097029805
188,cumulative_fouling_penalty_index (calculated),45.034225756125224,3768.146475285272,2024-10-16 23:30:00,random_forest,4226.299097029805
189,cumulative_fouling_penalty_index (calculated),85.80341839013444,2764.320883812414,2024-05-06 03:00:00,random_forest,4226.299097029805
190,cumulative_fouling_penalty_index (calculated),10.781759018368577,2580.28650050458,2024-08-18 20:15:00,random_forest,4226.299097029805
191,cumulative_fouling_penalty_index (calculated),36.6314690551438,4283.478791185584,2024-11-02 00:45:00,random_forest,4226.299097029805
192,cumulative_fouling_penalty_index (calculated),-83.72082865532596,7588.158708896675,2024-12-23 18:30:00,random_forest,4226.299097029805
193,cumulative_fouling_penalty_index (calculated),10.885238612962107,728.4434718466364,2024-02-20 05:30:00,random_forest,4226.299097029805
194,cumulative_fouling_penalty_index (calculated),90.10575189631241,4364.754027268423,2024-06-01 18:45:00,random_forest,4226.299097029805
195,cumulative_fouling_penalty_index (calculated),10.04615627273673,1370.0570304491223,2024-03-23 23:15:00,random_forest,4226.299097029805
196,cumulative_fouling_penalty_index (calculated),36.911622076389456,4139.668474599313,2024-10-31 11:15:00,random_forest,4226.299097029805
197,cumulative_fouling_penalty_index (calculated),102.40634527431027,1115.152321292314,2024-03-10 10:15:00,random_forest,4226.299097029805
198,cumulative_fouling_penalty_index (calculated),79.04664580397446,905.4811571582576,2024-02-27 18:30:00,random_forest,4226.299097029805
199,cumulative_fouling_penalty_index (calculated),8.933752413690947,7390.994010028731,2024-12-14 09:30:00,random_forest,4226.299097029805
0,Vessel Hull Through Water Longitudinal Speed (knots),-749.6995491894385,9.613841269841268,2024-12-22 11:30:00,random_forest,4226.299097029805
1,Vessel Hull Through Water Longitudinal Speed (knots),386.135176420975,13.180310734463276,2024-03-09 10:00:00,random_forest,4226.299097029805
2,Vessel Hull Through Water Longitudinal Speed (knots),-581.2076052653495,11.233526785714286,2024-04-12 18:15:00,random_forest,4226.299097029805
3,Vessel Hull Through Water Longitudinal Speed (knots),643.0531281429479,11.89969246031746,2024-08-05 02:15:00,random_forest,4226.299097029805
4,Vessel Hull Through Water Longitudinal Speed (knots),-693.7911608183325,10.727685185185184,2024-08-24 05:00:00,random_forest,4226.299097029805
5,Vessel Hull Through Water Longitudinal Speed (knots),751.6897946684782,12.25151837928154,2024-04-28 22:15:00,random_forest,4226.299097029805
6,Vessel Hull Through Water Longitudinal Speed (knots),-614.2661259578709,8.247476484420929,2024-04-29 15:00:00,random_forest,4226.299097029805
7,Vessel Hull Through Water Longitudinal Speed (knots),-696.3646216647111,10.554972222222222,2024-08-24 07:30:00,random_forest,4226.299097029805
8,Vessel Hull Through Water Longitudinal Speed (knots),-714.5465784310171,9.085980629539952,2024-12-20 13:45:00,random_forest,4226.299097029805
9,Vessel Hull Through Water Longitudinal Speed (knots),-723.5734314654435,10.5,2024-12-24 11:45:00,random_forest,4226.299097029805
10,Vessel Hull Through Water Longitudinal Speed (knots),555.8297192963992,11.899166666666668,2024-09-14 02:00:00,random_forest,4226.299097029805
11,Vessel Hull Through Water Longitudinal Speed (knots),402.8188698334417,12.592333333333332,2024-02-10 19:00:00,random_forest,4226.299097029805
12,Vessel Hull Through Water Longitudinal Speed (knots),527.7265578404556,13.405886904761903,2024-09-12 02:45:00,random_forest,4226.299097029805
13,Vessel Hull Through Water Longitudinal Speed (knots),-901.6031268571629,10.405344877344875,2024-05-05 15:30:00,random_forest,4226.299097029805
14,Vessel Hull Through Water Longitudinal Speed (knots),580.9204265557801,12.43965277777778,2024-09-15 02:15:00,random_forest,4226.299097029805
15,Vessel Hull Through Water Longitudinal Speed (knots),-554.1796269788099,10.93050925925926,2024-04-02 01:45:00,random_forest,4226.299097029805
16,Vessel Hull Through Water Longitudinal Speed (knots),-743.4604874693014,10.8,2024-12-27 03:45:00,random_forest,4226.299097029805
17,Vessel Hull Through Water Longitudinal Speed (knots),388.14512261067193,13.221052631578948,2024-03-12 02:45:00,random_forest,4226.299097029805
18,Vessel Hull Through Water Longitudinal Speed (knots),446.9588803177111,12.577154122680438,2024-03-17 07:45:00,random_forest,4226.299097029805
19,Vessel Hull Through Water Longitudinal Speed (knots),-638.7128027046496,11.39372222222222,2024-12-14 15:15:00,random_forest,4226.299097029805
20,Vessel Hull Through Water Longitudinal Speed (knots),-721.9485595396051,11.28049895506792,2024-10-26 01:45:00,random_forest,4226.299097029805
21,Vessel Hull Through Water Longitudinal Speed (knots),-554.0801532660034,10.90727777777778,2024-04-01 22:00:00,random_forest,4226.299097029805
22,Vessel Hull Through Water Longitudinal Speed (knots),515.0609413696646,12.543474576271183,2024-05-11 08:45:00,random_forest,4226.299097029805
23,Vessel Hull Through Water Longitudinal Speed (knots),727.1840292056311,12.931689244663383,2024-04-30 21:45:00,random_forest,4226.299097029805
24,Vessel Hull Through Water Longitudinal Speed (knots),648.6430582004529,11.672703703703702,2024-08-02 07:15:00,random_forest,4226.299097029805
25,Vessel Hull Through Water Longitudinal Speed (knots),387.3364922475339,13.312668308702792,2024-02-28 08:00:00,random_forest,4226.299097029805
26,Vessel Hull Through Water Longitudinal Speed (knots),427.16457187905354,11.933801169590645,2024-03-03 03:45:00,random_forest,4226.299097029805
27,Vessel Hull Through Water Longitudinal Speed (knots),-667.3270818827554,10.885916666666668,2024-11-11 13:30:00,random_forest,4226.299097029805
28,Vessel Hull Through Water Longitudinal Speed (knots),386.38716901355417,13.408389830508476,2024-02-28 17:45:00,random_forest,4226.299097029805
29,Vessel Hull Through Water Longitudinal Speed (knots),383.10324714459585,12.315393462469734,2024-02-17 22:00:00,random_forest,4226.299097029805
30,Vessel Hull Through Water Longitudinal Speed (knots),692.1937583744269,12.042430555555557,2024-11-20 07:00:00,random_forest,4226.299097029805
31,Vessel Hull Through Water Longitudinal Speed (knots),405.41528814517807,12.652599206349208,2024-02-25 02:30:00,random_forest,4226.299097029805
32,Vessel Hull Through Water Longitudinal Speed (knots),401.409322419114,12.733757062146893,2024-03-10 23:15:00,random_forest,4226.299097029805
33,Vessel Hull Through Water Longitudinal Speed (knots),896.1252817435272,12.95320197044335,2024-03-20 15:30:00,random_forest,4226.299097029805
34,Vessel Hull Through Water Longitudinal Speed (knots),-654.5004541021311,9.656194444444443,2024-08-17 00:15:00,random_forest,4226.299097029805
35,Vessel Hull Through Water Longitudinal Speed (knots),828.783928539209,12.885046296296297,2024-06-05 05:15:00,random_forest,4226.299097029805
36,Vessel Hull Through Water Longitudinal Speed (knots),489.02284589,12.205185185185185,2024-07-20 01:30:00,random_forest,4226.299097029805
37,Vessel Hull Through Water Longitudinal Speed (knots),-666.8810720749368,10.776257936507935,2024-11-11 15:15:00,random_forest,4226.299097029805
38,Vessel Hull Through Water Longitudinal Speed (knots),393.67953207658667,11.927011494252874,2024-02-14 05:30:00,random_forest,4226.299097029805
39,Vessel Hull Through Water Longitudinal Speed (knots),383.4177702130198,12.730333333333332,2024-02-16 01:00:00,random_forest,4226.299097029805
40,Vessel Hull Through Water Longitudinal Speed (knots),528.5780663839606,13.30632768361582,2024-09-12 03:30:00,random_forest,4226.299097029805
41,Vessel Hull Through Water Longitudinal Speed (knots),-909.268379330411,10.358233766233766,2024-05-02 05:30:00,random_forest,4226.299097029805
42,Vessel Hull Through Water Longitudinal Speed (knots),576.2388053982058,12.619786851566513,2024-09-15 14:15:00,random_forest,4226.299097029805
43,Vessel Hull Through Water Longitudinal Speed (knots),-696.637478780831,10.775787037037038,2024-08-22 00:30:00,random_forest,4226.299097029805
44,Vessel Hull Through Water Longitudinal Speed (knots),565.4961214945613,12.29950925925926,2024-07-25 09:45:00,random_forest,4226.299097029805
45,Vessel Hull Through Water Longitudinal Speed (knots),-868.0049922249814,8.840016233766233,2024-12-28 23:30:00,random_forest,4226.299097029805
46,Vessel Hull Through Water Longitudinal Speed (knots),606.0830876207843,12.407555555555556,2024-09-15 19:00:00,random_forest,4226.299097029805
47,Vessel Hull Through Water Longitudinal Speed (knots),-535.9698275047389,11.428247126436782,2024-04-10 16:45:00,random_forest,4226.299097029805
48,Vessel Hull Through Water Longitudinal Speed (knots),-685.3556794007495,10.20525,2024-10-20 09:15:00,random_forest,4226.299097029805
49,Vessel Hull Through Water Longitudinal Speed (knots),575.0179947755771,12.901171296296296,2024-07-24 18:30:00,random_forest,4226.299097029805
50,Vessel Hull Through Water Longitudinal Speed (knots),397.5082315520436,12.05183908045977,2024-02-23 12:30:00,random_forest,4226.299097029805
51,Vessel Hull Through Water Longitudinal Speed (knots),-666.578012308339,9.02876647834275,2024-11-03 22:00:00,random_forest,4226.299097029805
52,Vessel Hull Through Water Longitudinal Speed (knots),386.30246775958057,13.344866828087168,2024-02-28 14:30:00,random_forest,4226.299097029805
53,Vessel Hull Through Water Longitudinal Speed (knots),-701.1771503963387,11.09586286594761,2024-11-09 07:30:00,random_forest,4226.299097029805
54,Vessel Hull Through Water Longitudinal Speed (knots),-696.7277651284861,11.101912698412695,2024-08-23 03:15:00,random_forest,4226.299097029805
55,Vessel Hull Through Water Longitudinal Speed (knots),383.74763602894046,13.102966101694914,2024-02-29 22:45:00,random_forest,4226.299097029805
56,Vessel Hull Through Water Longitudinal Speed (knots),-642.8060615007313,11.21586507936508,2024-12-16 01:30:00,random_forest,4226.299097029805
57,Vessel Hull Through Water Longitudinal Speed (knots),533.7746750924925,13.464476190476187,2024-09-18 22:45:00,random_forest,4226.299097029805
58,Vessel Hull Through Water Longitudinal Speed (knots),910.7901646337828,13.455954469507102,2024-04-24 16:30:00,random_forest,4226.299097029805
59,Vessel Hull Through Water Longitudinal Speed (knots),426.91969352482886,12.513295634920636,2024-02-24 23:15:00,random_forest,4226.299097029805
60,Vessel Hull Through Water Longitudinal Speed (knots),554.8847309803489,12.685198412698412,2024-09-14 11:00:00,random_forest,4226.299097029805
61,Vessel Hull Through Water Longitudinal Speed (knots),696.1299607933317,12.459732983588916,2024-04-27 12:45:00,random_forest,4226.299097029805
62,Vessel Hull Through Water Longitudinal Speed (knots),640.0020128425829,13.546523148148149,2024-07-16 23:30:00,random_forest,4226.299097029805
63,Vessel Hull Through Water Longitudinal Speed (knots),626.2509392415341,13.32804761904762,2024-07-18 08:00:00,random_forest,4226.299097029805
64,Vessel Hull Through Water Longitudinal Speed (knots),-594.0959469439093,11.396149425287357,2024-04-03 06:15:00,random_forest,4226.299097029805
65,Vessel Hull Through Water Longitudinal Speed (knots),638.2272007358201,11.980902777777777,2024-08-04 14:45:00,random_forest,4226.299097029805
66,Vessel Hull Through Water Longitudinal Speed (knots),416.0948316145628,13.024000410509032,2024-03-17 21:45:00,random_forest,4226.299097029805
67,Vessel Hull Through Water Longitudinal Speed (knots),672.2677677854734,13.312597883597885,2024-08-08 08:30:00,random_forest,4226.299097029805
68,Vessel Hull Through Water Longitudinal Speed (knots),-706.6092545135059,11.206888888888887,2024-12-25 00:15:00,random_forest,4226.299097029805
69,Vessel Hull Through Water Longitudinal Speed (knots),-620.9505816732566,11.568880952380953,2024-12-17 16:45:00,random_forest,4226.299097029805
70,Vessel Hull Through Water Longitudinal Speed (knots),-694.4566671363813,11.03714417989418,2024-08-22 22:45:00,random_forest,4226.299097029805
71,Vessel Hull Through Water Longitudinal Speed (knots),428.7286937202296,12.722434318555008,2024-03-17 20:15:00,random_forest,4226.299097029805
72,Vessel Hull Through Water Longitudinal Speed (knots),384.1657684755906,12.546954022988508,2024-02-17 09:15:00,random_forest,4226.299097029805
73,Vessel Hull Through Water Longitudinal Speed (knots),402.0204382620702,12.892426108374384,2024-03-01 06:00:00,random_forest,4226.299097029805
74,Vessel Hull Through Water Longitudinal Speed (knots),-676.7005520433843,10.48824007936508,2024-08-15 18:00:00,random_forest,4226.299097029805
75,Vessel Hull Through Water Longitudinal Speed (knots),564.0337486569413,12.60923611111111,2024-07-17 19:00:00,random_forest,4226.299097029805
76,Vessel Hull Through Water Longitudinal Speed (knots),-606.124665960002,11.268088023088024,2024-04-02 12:15:00,random_forest,4226.299097029805
77,Vessel Hull Through Water Longitudinal Speed (knots),-1018.5034089790328,9.56751851851852,2024-08-06 22:30:00,random_forest,4226.299097029805
78,Vessel Hull Through Water Longitudinal Speed (knots),-624.2221843955044,11.590416666666666,2024-12-17 15:00:00,random_forest,4226.299097029805
79,Vessel Hull Through Water Longitudinal Speed (knots),369.71895649440376,13.079463276836158,2024-02-20 16:15:00,random_forest,4226.299097029805
80,Vessel Hull Through Water Longitudinal Speed (knots),535.6167715809846,13.373047619047618,2024-09-19 23:30:00,random_forest,4226.299097029805
81,Vessel Hull Through Water Longitudinal Speed (knots),-665.0432861935311,9.849380952380953,2024-11-11 06:00:00,random_forest,4226.299097029805
82,Vessel Hull Through Water Longitudinal Speed (knots),-692.3087432987134,11.11722222222222,2024-08-19 12:30:00,random_forest,4226.299097029805
83,Vessel Hull Through Water Longitudinal Speed (knots),-579.9402483709049,11.449855158730156,2024-09-17 09:00:00,random_forest,4226.299097029805
84,Vessel Hull Through Water Longitudinal Speed (knots),-713.3462643877949,10.10138821630347,2024-11-13 04:45:00,random_forest,4226.299097029805
85,Vessel Hull Through Water Longitudinal Speed (knots),358.87042559485246,12.821125,2024-05-11 13:15:00,random_forest,4226.299097029805
86,Vessel Hull Through Water Longitudinal Speed (knots),-577.8225660660854,11.238180555555555,2024-04-15 05:00:00,random_forest,4226.299097029805
87,Vessel Hull Through Water Longitudinal Speed (knots),554.9962018357231,12.863071428571429,2024-09-14 10:00:00,random_forest,4226.299097029805
88,Vessel Hull Through Water Longitudinal Speed (knots),866.5673237412896,13.327619047619049,2024-05-08 14:30:00,random_forest,4226.299097029805
89,Vessel Hull Through Water Longitudinal Speed (knots),-742.1034296944741,10.884305555555557,2024-12-26 19:15:00,random_forest,4226.299097029805
90,Vessel Hull Through Water Longitudinal Speed (knots),386.7125270206296,13.34704802259887,2024-02-28 15:45:00,random_forest,4226.299097029805
91,Vessel Hull Through Water Longitudinal Speed (knots),519.6014625442706,13.024398148148148,2024-07-20 22:15:00,random_forest,4226.299097029805
92,Vessel Hull Through Water Longitudinal Speed (knots),449.7883747169221,12.149741727199354,2024-03-15 00:15:00,random_forest,4226.299097029805
93,Vessel Hull Through Water Longitudinal Speed (knots),910.8055431385634,13.40956001113896,2024-04-26 14:00:00,random_forest,4226.299097029805
94,Vessel Hull Through Water Longitudinal Speed (knots),-690.6931915661214,10.835217592592592,2024-08-20 10:00:00,random_forest,4226.299097029805
95,Vessel Hull Through Water Longitudinal Speed (knots),560.5779284952824,12.760209663218138,2024-09-14 14:30:00,random_forest,4226.299097029805
96,Vessel Hull Through Water Longitudinal Speed (knots),-716.1452047920258,10.687755521314845,2024-11-30 23:30:00,random_forest,4226.299097029805
97,Vessel Hull Through Water Longitudinal Speed (knots),905.4262665212009,13.23198275862069,2024-04-28 19:00:00,random_forest,4226.299097029805
98,Vessel Hull Through Water Longitudinal Speed (knots),-898.5494000502848,10.329796443268664,2024-05-05 15:45:00,random_forest,4226.299097029805
99,Vessel Hull Through Water Longitudinal Speed (knots),672.5189403084833,13.617003968253966,2024-07-16 12:00:00,random_forest,4226.299097029805
100,Vessel Hull Through Water Longitudinal Speed (knots),578.0856597682324,12.488194444444444,2024-07-23 00:30:00,random_forest,4226.299097029805
101,Vessel Hull Through Water Longitudinal Speed (knots),-671.7630294119491,8.660157201555506,2024-12-22 13:15:00,random_forest,4226.299097029805
102,Vessel Hull Through Water Longitudinal Speed (knots),859.8706603374384,12.834252873563218,2024-03-26 15:00:00,random_forest,4226.299097029805
103,Vessel Hull Through Water Longitudinal Speed (knots),-772.5897990428758,10.952444444444444,2024-08-08 16:15:00,random_forest,4226.299097029805
104,Vessel Hull Through Water Longitudinal Speed (knots),-660.3462729371198,11.560166666666667,2024-08-14 09:30:00,random_forest,4226.299097029805
105,Vessel Hull Through Water Longitudinal Speed (knots),387.6312762067743,12.82286507936508,2024-02-26 12:00:00,random_forest,4226.299097029805
106,Vessel Hull Through Water Longitudinal Speed (knots),386.2613038825252,13.300187969924812,2024-02-28 09:30:00,random_forest,4226.299097029805
107,Vessel Hull Through Water Longitudinal Speed (knots),400.22019895372154,12.4,2024-02-09 05:45:00,random_forest,4226.299097029805
108,Vessel Hull Through Water Longitudinal Speed (knots),642.8511294027645,11.79452777777778,2024-08-04 02:30:00,random_forest,4226.299097029805
109,Vessel Hull Through Water Longitudinal Speed (knots),513.270682811022,12.3177528921173,2024-07-20 09:00:00,random_forest,4226.299097029805
110,Vessel Hull Through Water Longitudinal Speed (knots),386.5941182033762,13.023801169590644,2024-03-01 09:30:00,random_forest,4226.299097029805
111,Vessel Hull Through Water Longitudinal Speed (knots),534.3811611959414,13.365425925925926,2024-09-19 01:00:00,random_forest,4226.299097029805
112,Vessel Hull Through Water Longitudinal Speed (knots),644.4725180070537,11.814,2024-08-04 01:45:00,random_forest,4226.299097029805
113,Vessel Hull Through Water Longitudinal Speed (knots),-693.4058500433456,8.844373015873016,2024-12-22 01:45:00,random_forest,4226.299097029805
114,Vessel Hull Through Water Longitudinal Speed (knots),393.6891644735096,11.966214689265536,2024-02-13 18:00:00,random_forest,4226.299097029805
115,Vessel Hull Through Water Longitudinal Speed (knots),-671.9813628324612,10.52654761904762,2024-08-17 03:45:00,random_forest,4226.299097029805
116,Vessel Hull Through Water Longitudinal Speed (knots),-623.5234307119218,8.155333333333333,2024-12-01 21:30:00,random_forest,4226.299097029805
117,Vessel Hull Through Water Longitudinal Speed (knots),846.9831832319675,12.785714285714286,2024-03-27 03:00:00,random_forest,4226.299097029805
118,Vessel Hull Through Water Longitudinal Speed (knots),-674.858890414163,10.775666666666666,2024-10-23 08:00:00,random_forest,4226.299097029805
119,Vessel Hull Through Water Longitudinal Speed (knots),383.69796595407524,12.4,2024-02-17 12:45:00,random_forest,4226.299097029805
120,Vessel Hull Through Water Longitudinal Speed (knots),532.1762466199824,13.456666666666669,2024-09-19 03:30:00,random_forest,4226.299097029805
121,Vessel Hull Through Water Longitudinal Speed (knots),399.6498726718727,12.022598522167488,2024-02-23 13:30:00,random_forest,4226.299097029805
122,Vessel Hull Through Water Longitudinal Speed (knots),942.767606359866,13.823285579768632,2024-04-28 09:30:00,random_forest,4226.299097029805
123,Vessel Hull Through Water Longitudinal Speed (knots),862.7558799935555,13.220217917675544,2024-04-28 04:30:00,random_forest,4226.299097029805
124,Vessel Hull Through Water Longitudinal Speed (knots),732.6668299746765,12.545314153439154,2024-04-26 23:15:00,random_forest,4226.299097029805
125,Vessel Hull Through Water Longitudinal Speed (knots),496.9511685864199,13.035666666666666,2024-09-18 01:00:00,random_forest,4226.299097029805
126,Vessel Hull Through Water Longitudinal Speed (knots),-666.6045568843365,10.442192982456142,2024-08-14 04:30:00,random_forest,4226.299097029805
127,Vessel Hull Through Water Longitudinal Speed (knots),-713.2642542966611,9.829042021197193,2024-11-13 15:00:00,random_forest,4226.299097029805
128,Vessel Hull Through Water Longitudinal Speed (knots),922.3623023149039,13.383854679802957,2024-05-06 15:00:00,random_forest,4226.299097029805
129,Vessel Hull Through Water Longitudinal Speed (knots),950.4333746621336,13.863383458646616,2024-04-28 11:45:00,random_forest,4226.299097029805
130,Vessel Hull Through Water Longitudinal Speed (knots),-680.6262012365827,11.30574074074074,2024-11-06 06:45:00,random_forest,4226.299097029805
131,Vessel Hull Through Water Longitudinal Speed (knots),-695.7657475844533,10.73375,2024-08-21 08:30:00,random_forest,4226.299097029805
132,Vessel Hull Through Water Longitudinal Speed (knots),-579.3953761701645,11.106322547508988,2024-04-11 21:30:00,random_forest,4226.299097029805
133,Vessel Hull Through Water Longitudinal Speed (knots),-665.9265479623909,10.711652777777775,2024-11-11 10:30:00,random_forest,4226.299097029805
134,Vessel Hull Through Water Longitudinal Speed (knots),519.995344802605,11.637134502923976,2024-12-15 14:45:00,random_forest,4226.299097029805
135,Vessel Hull Through Water Longitudinal Speed (knots),-596.4361579903427,11.365583333333335,2024-04-03 04:45:00,random_forest,4226.299097029805
136,Vessel Hull Through Water Longitudinal Speed (knots),-726.4103990449412,11.21242816091954,2024-10-26 06:15:00,random_forest,4226.299097029805
137,Vessel Hull Through Water Longitudinal Speed (knots),699.7594891773343,11.98714151197202,2024-04-25 14:30:00,random_forest,4226.299097029805
138,Vessel Hull Through Water Longitudinal Speed (knots),-720.0963758274177,10.817954365079366,2024-10-18 10:45:00,random_forest,4226.299097029805
139,Vessel Hull Through Water Longitudinal Speed (knots),841.388710135154,11.92144499178982,2024-06-02 01:30:00,random_forest,4226.299097029805
140,Vessel Hull Through Water Longitudinal Speed (knots),-698.4365991391952,10.949257936507935,2024-08-22 23:30:00,random_forest,4226.299097029805
141,Vessel Hull Through Water Longitudinal Speed (knots),-667.1458227026529,8.256583333333333,2024-12-22 13:45:00,random_forest,4226.299097029805
142,Vessel Hull Through Water Longitudinal Speed (knots),-694.282406340648,11.010890211640213,2024-08-22 17:45:00,random_forest,4226.299097029805
143,Vessel Hull Through Water Longitudinal Speed (knots),872.5479366331361,13.40559523809524,2024-03-22 19:00:00,random_forest,4226.299097029805
144,Vessel Hull Through Water Longitudinal Speed (knots),653.454733340889,11.88364877589454,2024-08-02 04:45:00,random_forest,4226.299097029805
145,Vessel Hull Through Water Longitudinal Speed (knots),847.7733543043752,12.758479532163744,2024-03-27 03:15:00,random_forest,4226.299097029805
146,Vessel Hull Through Water Longitudinal Speed (knots),-420.21537499722405,11.25552777777778,2024-03-02 08:15:00,random_forest,4226.299097029805
147,Vessel Hull Through Water Longitudinal Speed (knots),384.90102010555864,13.342542517006803,2024-02-29 02:45:00,random_forest,4226.299097029805
148,Vessel Hull Through Water Longitudinal Speed (knots),-667.713759608556,10.179035714285714,2024-08-15 06:30:00,random_forest,4226.299097029805
149,Vessel Hull Through Water Longitudinal Speed (knots),466.76221470055174,12.408446327683617,2024-03-16 22:00:00,random_forest,4226.299097029805
150,Vessel Hull Through Water Longitudinal Speed (knots),-676.0349885361821,10.463811507936509,2024-08-15 18:15:00,random_forest,4226.299097029805
151,Vessel Hull Through Water Longitudinal Speed (knots),516.5821552373018,12.782606516290729,2024-05-11 03:00:00,random_forest,4226.299097029805
152,Vessel Hull Through Water Longitudinal Speed (knots),-694.6376418202738,11.21768650793651,2024-08-22 13:15:00,random_forest,4226.299097029805
153,Vessel Hull Through Water Longitudinal Speed (knots),-718.4839525674847,11.180638888888888,2024-11-05 19:30:00,random_forest,4226.299097029805
154,Vessel Hull Through Water Longitudinal Speed (knots),836.9864405737354,12.99452784503632,2024-06-10 03:00:00,random_forest,4226.299097029805
155,Vessel Hull Through Water Longitudinal Speed (knots),-575.41385564126,11.454426020408164,2024-04-14 12:00:00,random_forest,4226.299097029805
156,Vessel Hull Through Water Longitudinal Speed (knots),645.7400219321236,13.540870370370367,2024-07-17 00:30:00,random_forest,4226.299097029805
157,Vessel Hull Through Water Longitudinal Speed (knots),-691.6892240988407,11.06011111111111,2024-08-20 05:45:00,random_forest,4226.299097029805
158,Vessel Hull Through Water Longitudinal Speed (knots),-903.327438677705,8.558481116584565,2024-11-19 00:00:00,random_forest,4226.299097029805
159,Vessel Hull Through Water Longitudinal Speed (knots),-623.4728471047728,7.966361111111111,2024-12-01 21:00:00,random_forest,4226.299097029805
160,Vessel Hull Through Water Longitudinal Speed (knots),-605.4668851243674,11.3,2024-04-02 14:30:00,random_forest,4226.299097029805
161,Vessel Hull Through Water Longitudinal Speed (knots),-621.0741572577109,11.186857142857145,2024-08-10 14:15:00,random_forest,4226.299097029805
162,Vessel Hull Through Water Longitudinal Speed (knots),870.8365367675207,13.3,2024-03-24 01:15:00,random_forest,4226.299097029805
163,Vessel Hull Through Water Longitudinal Speed (knots),-702.5402937009391,9.573482142857143,2024-11-12 20:15:00,random_forest,4226.299097029805
164,Vessel Hull Through Water Longitudinal Speed (knots),864.6808821542644,12.525282485875708,2024-06-07 14:00:00,random_forest,4226.299097029805
165,Vessel Hull Through Water Longitudinal Speed (knots),-779.4934810001648,10.556264460586494,2024-05-10 12:45:00,random_forest,4226.299097029805
166,Vessel Hull Through Water Longitudinal Speed (knots),637.0387815449387,12.277848932676518,2024-04-25 01:30:00,random_forest,4226.299097029805
167,Vessel Hull Through Water Longitudinal Speed (knots),-702.2996626939491,10.800833333333337,2024-12-09 21:15:00,random_forest,4226.299097029805
168,Vessel Hull Through Water Longitudinal Speed (knots),854.7075705877787,12.91704022988506,2024-03-27 10:00:00,random_forest,4226.299097029805
169,Vessel Hull Through Water Longitudinal Speed (knots),398.49668903174535,12.734246527777778,2024-02-25 16:15:00,random_forest,4226.299097029805
170,Vessel Hull Through Water Longitudinal Speed (knots),-738.6151491253003,11.580931855500822,2024-04-25 04:00:00,random_forest,4226.299097029805
171,Vessel Hull Through Water Longitudinal Speed (knots),-906.5849974453386,9.010774853801168,2024-12-28 21:15:00,random_forest,4226.299097029805
172,Vessel Hull Through Water Longitudinal Speed (knots),384.1682287847898,13.047811986863712,2024-02-26 19:00:00,random_forest,4226.299097029805
173,Vessel Hull Through Water Longitudinal Speed (knots),-761.2253012215032,9.083556878306878,2024-08-27 13:00:00,random_forest,4226.299097029805
174,Vessel Hull Through Water Longitudinal Speed (knots),902.4804696330458,13.584420903954802,2024-04-23 21:45:00,random_forest,4226.299097029805
175,Vessel Hull Through Water Longitudinal Speed (knots),380.88991503300457,12.430172413793104,2024-02-17 16:15:00,random_forest,4226.299097029805
176,Vessel Hull Through Water Longitudinal Speed (knots),-692.2962870126743,10.998805555555554,2024-08-19 20:15:00,random_forest,4226.299097029805
177,Vessel Hull Through Water Longitudinal Speed (knots),665.8633268868241,13.111064153439152,2024-08-08 07:45:00,random_forest,4226.299097029805
178,Vessel Hull Through Water Longitudinal Speed (knots),871.7004993907361,13.38923767752715,2024-03-22 20:15:00,random_forest,4226.299097029805
179,Vessel Hull Through Water Longitudinal Speed (knots),-692.7324047670872,9.225456349206349,2024-08-25 11:45:00,random_forest,4226.299097029805
180,Vessel Hull Through Water Longitudinal Speed (knots),-676.5823314566723,10.886873015873016,2024-10-31 09:00:00,random_forest,4226.299097029805
181,Vessel Hull Through Water Longitudinal Speed (knots),-639.5690553951629,11.294953703703705,2024-12-16 02:15:00,random_forest,4226.299097029805
182,Vessel Hull Through Water Longitudinal Speed (knots),604.6337690738111,13.08675,2024-07-18 00:00:00,random_forest,4226.299097029805
183,Vessel Hull Through Water Longitudinal Speed (knots),-702.6434726825868,10.219827586206897,2024-08-17 22:30:00,random_forest,4226.299097029805
184,Vessel Hull Through Water Longitudinal Speed (knots),388.6534484813215,12.070454545454544,2024-02-14 13:45:00,random_forest,4226.299097029805
185,Vessel Hull Through Water Longitudinal Speed (knots),849.3347165292358,12.769604519774012,2024-06-08 10:30:00,random_forest,4226.299097029805
186,Vessel Hull Through Water Longitudinal Speed (knots),-663.3300754220003,11.443333333333332,2024-08-14 20:30:00,random_forest,4226.299097029805
187,Vessel Hull Through Water Longitudinal Speed (knots),383.3226711453449,13.210785714285716,2024-02-28 03:15:00,random_forest,4226.299097029805
188,Vessel Hull Through Water Longitudinal Speed (knots),-714.276767670399,10.837486111111112,2024-10-16 23:30:00,random_forest,4226.299097029805
189,Vessel Hull Through Water Longitudinal Speed (knots),703.589392160702,11.707124060150376,2024-05-06 03:00:00,random_forest,4226.299097029805
190,Vessel Hull Through Water Longitudinal Speed (knots),-703.0948305458882,11.19063425925926,2024-08-18 20:15:00,random_forest,4226.299097029805
191,Vessel Hull Through Water Longitudinal Speed (knots),-683.1374690605635,10.142900793650794,2024-11-02 00:45:00,random_forest,4226.299097029805
192,Vessel Hull Through Water Longitudinal Speed (knots),-742.7654299032547,9.84818253968254,2024-12-23 18:30:00,random_forest,4226.299097029805
193,Vessel Hull Through Water Longitudinal Speed (knots),367.1735951117352,12.58784632034632,2024-02-20 05:30:00,random_forest,4226.299097029805
194,Vessel Hull Through Water Longitudinal Speed (knots),831.9117875058641,12.05657268170426,2024-06-01 18:45:00,random_forest,4226.299097029805
195,Vessel Hull Through Water Longitudinal Speed (knots),869.3078674178585,13.305,2024-03-23 23:15:00,random_forest,4226.299097029805
196,Vessel Hull Through Water Longitudinal Speed (knots),-665.4197040552756,10.749722222222225,2024-10-31 11:15:00,random_forest,4226.299097029805
197,Vessel Hull Through Water Longitudinal Speed (knots),385.8422865225475,13.202697740112994,2024-03-10 10:15:00,random_forest,4226.299097029805
198,Vessel Hull Through Water Longitudinal Speed (knots),387.28897363940683,13.3505957883924,2024-02-27 18:30:00,random_forest,4226.299097029805
199,Vessel Hull Through Water Longitudinal Speed (knots),-672.9596898036583,11.058873015873017,2024-12-14 09:30:00,random_forest,4226.299097029805
0,Day of Year,-902.6722461705527,357.0,2024-12-22 11:30:00,random_forest,4226.299097029805
1,Day of Year,1161.988009543605,69.0,2024-03-09 10:00:00,random_forest,4226.299097029805
2,Day of Year,201.62671650260674,103.0,2024-04-12 18:15:00,random_forest,4226.299097029805
3,Day of Year,-352.3072746150261,218.0,2024-08-05 02:15:00,random_forest,4226.299097029805
4,Day of Year,-159.58254957150191,237.0,2024-08-24 05:00:00,random_forest,4226.299097029805
5,Day of Year,575.3856140429782,119.0,2024-04-28 22:15:00,random_forest,4226.299097029805
6,Day of Year,797.6952899163388,120.0,2024-04-29 15:00:00,random_forest,4226.299097029805
7,Day of Year,-164.4716775917787,237.0,2024-08-24 07:30:00,random_forest,4226.299097029805
8,Day of Year,-881.3931886753709,355.0,2024-12-20 13:45:00,random_forest,4226.299097029805
9,Day of Year,-911.9941535821445,359.0,2024-12-24 11:45:00,random_forest,4226.299097029805
10,Day of Year,-146.45498892635752,258.0,2024-09-14 02:00:00,random_forest,4226.299097029805
11,Day of Year,1161.582730637842,41.0,2024-02-10 19:00:00,random_forest,4226.299097029805
12,Day of Year,-123.4974735146378,256.0,2024-09-12 02:45:00,random_forest,4226.299097029805
13,Day of Year,686.3169485487005,126.0,2024-05-05 15:30:00,random_forest,4226.299097029805
14,Day of Year,-97.31958565864937,259.0,2024-09-15 02:15:00,random_forest,4226.299097029805
15,Day of Year,279.9257283588317,93.0,2024-04-02 01:45:00,random_forest,4226.299097029805
16,Day of Year,-972.0903490273723,362.0,2024-12-27 03:45:00,random_forest,4226.299097029805
17,Day of Year,1157.7737560037333,72.0,2024-03-12 02:45:00,random_forest,4226.299097029805
18,Day of Year,1176.5917220165745,77.0,2024-03-17 07:45:00,random_forest,4226.299097029805
19,Day of Year,-843.0591158404335,349.0,2024-12-14 15:15:00,random_forest,4226.299097029805
20,Day of Year,-802.5358499459146,300.0,2024-10-26 01:45:00,random_forest,4226.299097029805
21,Day of Year,280.69660828814443,92.0,2024-04-01 22:00:00,random_forest,4226.299097029805
22,Day of Year,450.368098295088,132.0,2024-05-11 08:45:00,random_forest,4226.299097029805
23,Day of Year,470.8178925219137,121.0,2024-04-30 21:45:00,random_forest,4226.299097029805
24,Day of Year,-414.09785623139004,215.0,2024-08-02 07:15:00,random_forest,4226.299097029805
25,Day of Year,1142.2119855395622,59.0,2024-02-28 08:00:00,random_forest,4226.299097029805
26,Day of Year,1204.6697355050335,63.0,2024-03-03 03:45:00,random_forest,4226.299097029805
27,Day of Year,-852.4932176978963,316.0,2024-11-11 13:30:00,random_forest,4226.299097029805
28,Day of Year,1142.508410149105,59.0,2024-02-28 17:45:00,random_forest,4226.299097029805
29,Day of Year,1127.9756581640765,48.0,2024-02-17 22:00:00,random_forest,4226.299097029805
30,Day of Year,-1196.0052827851302,325.0,2024-11-20 07:00:00,random_forest,4226.299097029805
31,Day of Year,1174.8319174068147,56.0,2024-02-25 02:30:00,random_forest,4226.299097029805
32,Day of Year,1168.6330390421986,70.0,2024-03-10 23:15:00,random_forest,4226.299097029805
33,Day of Year,755.5141609895086,80.0,2024-03-20 15:30:00,random_forest,4226.299097029805
34,Day of Year,-190.47012183590437,230.0,2024-08-17 00:15:00,random_forest,4226.299097029805
35,Day of Year,571.191423250806,157.0,2024-06-05 05:15:00,random_forest,4226.299097029805
36,Day of Year,-431.0029443600134,202.0,2024-07-20 01:30:00,random_forest,4226.299097029805
37,Day of Year,-851.2252919203579,316.0,2024-11-11 15:15:00,random_forest,4226.299097029805
38,Day of Year,1134.0614815276824,45.0,2024-02-14 05:30:00,random_forest,4226.299097029805
39,Day of Year,1131.032521515123,47.0,2024-02-16 01:00:00,random_forest,4226.299097029805
40,Day of Year,-137.15015457256933,256.0,2024-09-12 03:30:00,random_forest,4226.299097029805
41,Day of Year,645.6504939015807,123.0,2024-05-02 05:30:00,random_forest,4226.299097029805
42,Day of Year,-74.58026863408578,259.0,2024-09-15 14:15:00,random_forest,4226.299097029805
43,Day of Year,-151.18568819929203,235.0,2024-08-22 00:30:00,random_forest,4226.299097029805
44,Day of Year,-309.66093810802124,207.0,2024-07-25 09:45:00,random_forest,4226.299097029805
45,Day of Year,-1057.4760262370082,363.0,2024-12-28 23:30:00,random_forest,4226.299097029805
46,Day of Year,-70.23090814709425,259.0,2024-09-15 19:00:00,random_forest,4226.299097029805
47,Day of Year,264.9131911143871,101.0,2024-04-10 16:45:00,random_forest,4226.299097029805
48,Day of Year,-732.3423969412247,294.0,2024-10-20 09:15:00,random_forest,4226.299097029805
49,Day of Year,-308.2908750200286,206.0,2024-07-24 18:30:00,random_forest,4226.299097029805
50,Day of Year,1141.0525783647872,54.0,2024-02-23 12:30:00,random_forest,4226.299097029805
51,Day of Year,-748.323406827611,308.0,2024-11-03 22:00:00,random_forest,4226.299097029805
52,Day of Year,1142.260499338752,59.0,2024-02-28 14:30:00,random_forest,4226.299097029805
53,Day of Year,-852.7369731798065,314.0,2024-11-09 07:30:00,random_forest,4226.299097029805
54,Day of Year,-160.27442634875024,236.0,2024-08-23 03:15:00,random_forest,4226.299097029805
55,Day of Year,1159.1420821645086,60.0,2024-02-29 22:45:00,random_forest,4226.299097029805
56,Day of Year,-825.5885795811924,351.0,2024-12-16 01:30:00,random_forest,4226.299097029805
57,Day of Year,-133.74872475979308,262.0,2024-09-18 22:45:00,random_forest,4226.299097029805
58,Day of Year,541.0237220975578,115.0,2024-04-24 16:30:00,random_forest,4226.299097029805
59,Day of Year,1175.4740497265457,55.0,2024-02-24 23:15:00,random_forest,4226.299097029805
60,Day of Year,-103.75222554950436,258.0,2024-09-14 11:00:00,random_forest,4226.299097029805
61,Day of Year,462.0720570893573,118.0,2024-04-27 12:45:00,random_forest,4226.299097029805
62,Day of Year,-214.64007580808774,198.0,2024-07-16 23:30:00,random_forest,4226.299097029805
63,Day of Year,-330.0164950397278,200.0,2024-07-18 08:00:00,random_forest,4226.299097029805
64,Day of Year,230.95173752498638,94.0,2024-04-03 06:15:00,random_forest,4226.299097029805
65,Day of Year,-347.36157752089497,217.0,2024-08-04 14:45:00,random_forest,4226.299097029805
66,Day of Year,1160.1504168331958,77.0,2024-03-17 21:45:00,random_forest,4226.299097029805
67,Day of Year,-252.02270038396344,221.0,2024-08-08 08:30:00,random_forest,4226.299097029805
68,Day of Year,-937.7950871371798,360.0,2024-12-25 00:15:00,random_forest,4226.299097029805
69,Day of Year,-814.3008081835031,352.0,2024-12-17 16:45:00,random_forest,4226.299097029805
70,Day of Year,-159.81230495806534,235.0,2024-08-22 22:45:00,random_forest,4226.299097029805
71,Day of Year,1168.1485143608686,77.0,2024-03-17 20:15:00,random_forest,4226.299097029805
72,Day of Year,1131.7514530273074,48.0,2024-02-17 09:15:00,random_forest,4226.299097029805
73,Day of Year,1172.1508337847956,61.0,2024-03-01 06:00:00,random_forest,4226.299097029805
74,Day of Year,-177.93518592069316,228.0,2024-08-15 18:00:00,random_forest,4226.299097029805
75,Day of Year,-256.8526930661919,199.0,2024-07-17 19:00:00,random_forest,4226.299097029805
76,Day of Year,223.0234526066672,93.0,2024-04-02 12:15:00,random_forest,4226.299097029805
77,Day of Year,-86.75867946568248,219.0,2024-08-06 22:30:00,random_forest,4226.299097029805
78,Day of Year,-808.5776424291171,352.0,2024-12-17 15:00:00,random_forest,4226.299097029805
79,Day of Year,1105.5892962720911,51.0,2024-02-20 16:15:00,random_forest,4226.299097029805
80,Day of Year,-144.0166358029481,263.0,2024-09-19 23:30:00,random_forest,4226.299097029805
81,Day of Year,-838.9529636008314,316.0,2024-11-11 06:00:00,random_forest,4226.299097029805
82,Day of Year,-149.29665259667314,232.0,2024-08-19 12:30:00,random_forest,4226.299097029805
83,Day of Year,316.776334689834,261.0,2024-09-17 09:00:00,random_forest,4226.299097029805
84,Day of Year,-874.1946399439254,318.0,2024-11-13 04:45:00,random_forest,4226.299097029805
85,Day of Year,321.5025247900827,132.0,2024-05-11 13:15:00,random_forest,4226.299097029805
86,Day of Year,202.8488795007933,106.0,2024-04-15 05:00:00,random_forest,4226.299097029805
87,Day of Year,-102.30387592043213,258.0,2024-09-14 10:00:00,random_forest,4226.299097029805
88,Day of Year,619.2255985553803,129.0,2024-05-08 14:30:00,random_forest,4226.299097029805
89,Day of Year,-976.561554419221,361.0,2024-12-26 19:15:00,random_forest,4226.299097029805
90,Day of Year,1141.9242405305636,59.0,2024-02-28 15:45:00,random_forest,4226.299097029805
91,Day of Year,-402.28428605431696,202.0,2024-07-20 22:15:00,random_forest,4226.299097029805
92,Day of Year,1227.4184803559858,75.0,2024-03-15 00:15:00,random_forest,4226.299097029805
93,Day of Year,539.8666918645354,117.0,2024-04-26 14:00:00,random_forest,4226.299097029805
94,Day of Year,-137.89553225021496,233.0,2024-08-20 10:00:00,random_forest,4226.299097029805
95,Day of Year,-91.92662445409772,258.0,2024-09-14 14:30:00,random_forest,4226.299097029805
96,Day of Year,-923.7543704258932,335.0,2024-11-30 23:30:00,random_forest,4226.299097029805
97,Day of Year,587.0668031547797,119.0,2024-04-28 19:00:00,random_forest,4226.299097029805
98,Day of Year,687.8900663688111,126.0,2024-05-05 15:45:00,random_forest,4226.299097029805
99,Day of Year,-223.6885705764266,198.0,2024-07-16 12:00:00,random_forest,4226.299097029805
100,Day of Year,-318.8505016537129,205.0,2024-07-23 00:30:00,random_forest,4226.299097029805
101,Day of Year,-907.2175709389821,357.0,2024-12-22 13:15:00,random_forest,4226.299097029805
102,Day of Year,767.5958143759474,86.0,2024-03-26 15:00:00,random_forest,4226.299097029805
103,Day of Year,96.99109203421112,221.0,2024-08-08 16:15:00,random_forest,4226.299097029805
104,Day of Year,-131.74043323056821,227.0,2024-08-14 09:30:00,random_forest,4226.299097029805
105,Day of Year,1161.1218698851783,57.0,2024-02-26 12:00:00,random_forest,4226.299097029805
106,Day of Year,1144.7750343761045,59.0,2024-02-28 09:30:00,random_forest,4226.299097029805
107,Day of Year,1135.4807706398308,40.0,2024-02-09 05:45:00,random_forest,4226.299097029805
108,Day of Year,-345.56509340641077,217.0,2024-08-04 02:30:00,random_forest,4226.299097029805
109,Day of Year,-394.3144602625517,202.0,2024-07-20 09:00:00,random_forest,4226.299097029805
110,Day of Year,1167.3653396692603,61.0,2024-03-01 09:30:00,random_forest,4226.299097029805
111,Day of Year,-130.0013448776559,263.0,2024-09-19 01:00:00,random_forest,4226.299097029805
112,Day of Year,-351.17669370764986,217.0,2024-08-04 01:45:00,random_forest,4226.299097029805
113,Day of Year,-875.014316477826,357.0,2024-12-22 01:45:00,random_forest,4226.299097029805
114,Day of Year,1139.5350210279212,44.0,2024-02-13 18:00:00,random_forest,4226.299097029805
115,Day of Year,-183.29487821382378,230.0,2024-08-17 03:45:00,random_forest,4226.299097029805
116,Day of Year,-987.9130481119995,336.0,2024-12-01 21:30:00,random_forest,4226.299097029805
117,Day of Year,770.325571804686,87.0,2024-03-27 03:00:00,random_forest,4226.299097029805
118,Day of Year,-762.5688746879867,297.0,2024-10-23 08:00:00,random_forest,4226.299097029805
119,Day of Year,1127.7023019558662,48.0,2024-02-17 12:45:00,random_forest,4226.299097029805
120,Day of Year,-131.6131426749495,263.0,2024-09-19 03:30:00,random_forest,4226.299097029805
121,Day of Year,1140.326811837529,54.0,2024-02-23 13:30:00,random_forest,4226.299097029805
122,Day of Year,569.0305327943104,119.0,2024-04-28 09:30:00,random_forest,4226.299097029805
123,Day of Year,510.93359939945793,119.0,2024-04-28 04:30:00,random_forest,4226.299097029805
124,Day of Year,473.87413255712966,117.0,2024-04-26 23:15:00,random_forest,4226.299097029805
125,Day of Year,-190.2083144275078,262.0,2024-09-18 01:00:00,random_forest,4226.299097029805
126,Day of Year,-150.28580615902663,227.0,2024-08-14 04:30:00,random_forest,4226.299097029805
127,Day of Year,-903.1738576604454,318.0,2024-11-13 15:00:00,random_forest,4226.299097029805
128,Day of Year,626.6257623075919,127.0,2024-05-06 15:00:00,random_forest,4226.299097029805
129,Day of Year,571.7549672423381,119.0,2024-04-28 11:45:00,random_forest,4226.299097029805
130,Day of Year,-864.2789041104855,311.0,2024-11-06 06:45:00,random_forest,4226.299097029805
131,Day of Year,-164.26129082886217,234.0,2024-08-21 08:30:00,random_forest,4226.299097029805
132,Day of Year,197.2500299190566,102.0,2024-04-11 21:30:00,random_forest,4226.299097029805
133,Day of Year,-853.6552680778536,316.0,2024-11-11 10:30:00,random_forest,4226.299097029805
134,Day of Year,-1236.6582059265377,350.0,2024-12-15 14:45:00,random_forest,4226.299097029805
135,Day of Year,233.48151558465233,94.0,2024-04-03 04:45:00,random_forest,4226.299097029805
136,Day of Year,-801.4475116741033,300.0,2024-10-26 06:15:00,random_forest,4226.299097029805
137,Day of Year,551.5415237441545,116.0,2024-04-25 14:30:00,random_forest,4226.299097029805
138,Day of Year,-757.0539880298246,292.0,2024-10-18 10:45:00,random_forest,4226.299097029805
139,Day of Year,630.2269392355829,154.0,2024-06-02 01:30:00,random_forest,4226.299097029805
140,Day of Year,-155.19255929274317,235.0,2024-08-22 23:30:00,random_forest,4226.299097029805
141,Day of Year,-905.1063810210263,357.0,2024-12-22 13:45:00,random_forest,4226.299097029805
142,Day of Year,-152.08342948175743,235.0,2024-08-22 17:45:00,random_forest,4226.299097029805
143,Day of Year,724.5470160984445,82.0,2024-03-22 19:00:00,random_forest,4226.299097029805
144,Day of Year,-413.88825748356135,215.0,2024-08-02 04:45:00,random_forest,4226.299097029805
145,Day of Year,771.0552917713495,87.0,2024-03-27 03:15:00,random_forest,4226.299097029805
146,Day of Year,2001.4844576160697,62.0,2024-03-02 08:15:00,random_forest,4226.299097029805
147,Day of Year,1147.3089150528947,60.0,2024-02-29 02:45:00,random_forest,4226.299097029805
148,Day of Year,-153.57256663214199,228.0,2024-08-15 06:30:00,random_forest,4226.299097029805
149,Day of Year,1183.8277097096238,76.0,2024-03-16 22:00:00,random_forest,4226.299097029805
150,Day of Year,-178.804303590823,228.0,2024-08-15 18:15:00,random_forest,4226.299097029805
151,Day of Year,453.92656523800815,132.0,2024-05-11 03:00:00,random_forest,4226.299097029805
152,Day of Year,-160.57920670244832,235.0,2024-08-22 13:15:00,random_forest,4226.299097029805
153,Day of Year,-832.6475708249521,310.0,2024-11-05 19:30:00,random_forest,4226.299097029805
154,Day of Year,581.3271033911421,162.0,2024-06-10 03:00:00,random_forest,4226.299097029805
155,Day of Year,205.27898385512896,105.0,2024-04-14 12:00:00,random_forest,4226.299097029805
156,Day of Year,-219.49166150669453,199.0,2024-07-17 00:30:00,random_forest,4226.299097029805
157,Day of Year,-135.97004257077677,233.0,2024-08-20 05:45:00,random_forest,4226.299097029805
158,Day of Year,-1096.5462441171705,324.0,2024-11-19 00:00:00,random_forest,4226.299097029805
159,Day of Year,-987.9041506845207,336.0,2024-12-01 21:00:00,random_forest,4226.299097029805
160,Day of Year,224.35317049363184,93.0,2024-04-02 14:30:00,random_forest,4226.299097029805
161,Day of Year,3.5790879608297104,223.0,2024-08-10 14:15:00,random_forest,4226.299097029805
162,Day of Year,720.6979882446069,84.0,2024-03-24 01:15:00,random_forest,4226.299097029805
163,Day of Year,-896.8129364313073,317.0,2024-11-12 20:15:00,random_forest,4226.299097029805
164,Day of Year,603.5250492964152,159.0,2024-06-07 14:00:00,random_forest,4226.299097029805
165,Day of Year,711.3626302565207,131.0,2024-05-10 12:45:00,random_forest,4226.299097029805
166,Day of Year,551.4313890126915,116.0,2024-04-25 01:30:00,random_forest,4226.299097029805
167,Day of Year,-884.3007240980203,344.0,2024-12-09 21:15:00,random_forest,4226.299097029805
168,Day of Year,763.334068219987,87.0,2024-03-27 10:00:00,random_forest,4226.299097029805
169,Day of Year,1170.4667411838602,56.0,2024-02-25 16:15:00,random_forest,4226.299097029805
170,Day of Year,782.4981506714823,116.0,2024-04-25 04:00:00,random_forest,4226.299097029805
171,Day of Year,-1086.2541477269701,363.0,2024-12-28 21:15:00,random_forest,4226.299097029805
172,Day of Year,1150.2311764680517,57.0,2024-02-26 19:00:00,random_forest,4226.299097029805
173,Day of Year,-173.6321811460757,240.0,2024-08-27 13:00:00,random_forest,4226.299097029805
174,Day of Year,538.5551377445162,114.0,2024-04-23 21:45:00,random_forest,4226.299097029805
175,Day of Year,1123.550347526824,48.0,2024-02-17 16:15:00,random_forest,4226.299097029805
176,Day of Year,-135.0492797041234,232.0,2024-08-19 20:15:00,random_forest,4226.299097029805
177,Day of Year,-247.67159211642166,221.0,2024-08-08 07:45:00,random_forest,4226.299097029805
178,Day of Year,724.6470200332827,82.0,2024-03-22 20:15:00,random_forest,4226.299097029805
179,Day of Year,-177.61514645881886,238.0,2024-08-25 11:45:00,random_forest,4226.299097029805
180,Day of Year,-764.4817049411268,305.0,2024-10-31 09:00:00,random_forest,4226.299097029805
181,Day of Year,-824.2214944258409,351.0,2024-12-16 02:15:00,random_forest,4226.299097029805
182,Day of Year,-331.0234493270178,200.0,2024-07-18 00:00:00,random_forest,4226.299097029805
183,Day of Year,-135.55101556356345,230.0,2024-08-17 22:30:00,random_forest,4226.299097029805
184,Day of Year,1134.5903427728772,45.0,2024-02-14 13:45:00,random_forest,4226.299097029805
185,Day of Year,595.1462121192703,160.0,2024-06-08 10:30:00,random_forest,4226.299097029805
186,Day of Year,-139.49246257622295,227.0,2024-08-14 20:30:00,random_forest,4226.299097029805
187,Day of Year,1142.2563943976,59.0,2024-02-28 03:15:00,random_forest,4226.299097029805
188,Day of Year,-759.8000724691474,290.0,2024-10-16 23:30:00,random_forest,4226.299097029805
189,Day of Year,505.16994710322956,127.0,2024-05-06 03:00:00,random_forest,4226.299097029805
190,Day of Year,-135.08684038731988,231.0,2024-08-18 20:15:00,random_forest,4226.299097029805
191,Day of Year,-770.1463851218933,307.0,2024-11-02 00:45:00,random_forest,4226.299097029805
192,Day of Year,-876.9083456990284,358.0,2024-12-23 18:30:00,random_forest,4226.299097029805
193,Day of Year,1095.0967062456498,51.0,2024-02-20 05:30:00,random_forest,4226.299097029805
194,Day of Year,628.459022704961,153.0,2024-06-01 18:45:00,random_forest,4226.299097029805
195,Day of Year,720.4123057881108,83.0,2024-03-23 23:15:00,random_forest,4226.299097029805
196,Day of Year,-759.5101219342043,305.0,2024-10-31 11:15:00,random_forest,4226.299097029805
197,Day of Year,1155.2092758537308,70.0,2024-03-10 10:15:00,random_forest,4226.299097029805
198,Day of Year,1142.0953166127247,58.0,2024-02-27 18:30:00,random_forest,4226.299097029805
199,Day of Year,-860.0513610721644,349.0,2024-12-14 09:30:00,random_forest,4226.299097029805
0,Vessel External Conditions Wave Period (Provider S),7.794250367179478,8.2771,2024-12-22 11:30:00,random_forest,4226.299097029805
1,Vessel External Conditions Wave Period (Provider S),-11.38561903619127,2.3437,2024-03-09 10:00:00,random_forest,4226.299097029805
2,Vessel External Conditions Wave Period (Provider S),-3.4565424014319777,4.8051,2024-04-12 18:15:00,random_forest,4226.299097029805
3,Vessel External Conditions Wave Period (Provider S),-17.26237745268533,1.6541,2024-08-05 02:15:00,random_forest,4226.299097029805
4,Vessel External Conditions Wave Period (Provider S),6.223610047930725,5.5488,2024-08-24 05:00:00,random_forest,4226.299097029805
5,Vessel External Conditions Wave Period (Provider S),38.60459186018111,6.4266,2024-04-28 22:15:00,random_forest,4226.299097029805
6,Vessel External Conditions Wave Period (Provider S),20.77956468156644,7.6339,2024-04-29 15:00:00,random_forest,4226.299097029805
7,Vessel External Conditions Wave Period (Provider S),5.181609870511863,5.4332,2024-08-24 07:30:00,random_forest,4226.299097029805
8,Vessel External Conditions Wave Period (Provider S),14.464506227715685,7.4669,2024-12-20 13:45:00,random_forest,4226.299097029805
9,Vessel External Conditions Wave Period (Provider S),-4.682336094471309,4.2193,2024-12-24 11:45:00,random_forest,4226.299097029805
10,Vessel External Conditions Wave Period (Provider S),-4.898639365214979,5.0022,2024-09-14 02:00:00,random_forest,4226.299097029805
11,Vessel External Conditions Wave Period (Provider S),2.5076675636481602,5.4437,2024-02-10 19:00:00,random_forest,4226.299097029805
12,Vessel External Conditions Wave Period (Provider S),-33.806751333080356,1.7261,2024-09-12 02:45:00,random_forest,4226.299097029805
13,Vessel External Conditions Wave Period (Provider S),23.548363653572665,5.9642,2024-05-05 15:30:00,random_forest,4226.299097029805
14,Vessel External Conditions Wave Period (Provider S),75.96466310484618,6.4199,2024-09-15 02:15:00,random_forest,4226.299097029805
15,Vessel External Conditions Wave Period (Provider S),-2.7685033999361752,4.554,2024-04-02 01:45:00,random_forest,4226.299097029805
16,Vessel External Conditions Wave Period (Provider S),-5.845574174509993,2.9165,2024-12-27 03:45:00,random_forest,4226.299097029805
17,Vessel External Conditions Wave Period (Provider S),-11.082170392363167,2.6519,2024-03-12 02:45:00,random_forest,4226.299097029805
18,Vessel External Conditions Wave Period (Provider S),-0.10273132955435003,4.4432,2024-03-17 07:45:00,random_forest,4226.299097029805
19,Vessel External Conditions Wave Period (Provider S),-3.9649435600292273,3.7046,2024-12-14 15:15:00,random_forest,4226.299097029805
20,Vessel External Conditions Wave Period (Provider S),-8.511445456065488,2.84,2024-10-26 01:45:00,random_forest,4226.299097029805
21,Vessel External Conditions Wave Period (Provider S),-2.936707559123638,4.7128,2024-04-01 22:00:00,random_forest,4226.299097029805
22,Vessel External Conditions Wave Period (Provider S),-28.388558311037382,2.7651,2024-05-11 08:45:00,random_forest,4226.299097029805
23,Vessel External Conditions Wave Period (Provider S),-8.021717509796304,3.9536,2024-04-30 21:45:00,random_forest,4226.299097029805
24,Vessel External Conditions Wave Period (Provider S),28.65642896596479,6.0564,2024-08-02 07:15:00,random_forest,4226.299097029805
25,Vessel External Conditions Wave Period (Provider S),-10.39785351663607,2.3844,2024-02-28 08:00:00,random_forest,4226.299097029805
26,Vessel External Conditions Wave Period (Provider S),17.440041707636784,6.0119,2024-03-03 03:45:00,random_forest,4226.299097029805
27,Vessel External Conditions Wave Period (Provider S),-11.824187352939799,2.8084,2024-11-11 13:30:00,random_forest,4226.299097029805
28,Vessel External Conditions Wave Period (Provider S),-12.838016749592848,1.6319,2024-02-28 17:45:00,random_forest,4226.299097029805
29,Vessel External Conditions Wave Period (Provider S),5.919257159013272,5.4466,2024-02-17 22:00:00,random_forest,4226.299097029805
30,Vessel External Conditions Wave Period (Provider S),-8.643937996659716,2.7848,2024-11-20 07:00:00,random_forest,4226.299097029805
31,Vessel External Conditions Wave Period (Provider S),-9.731145319682584,3.8598,2024-02-25 02:30:00,random_forest,4226.299097029805
32,Vessel External Conditions Wave Period (Provider S),-12.698039764661676,2.4689,2024-03-10 23:15:00,random_forest,4226.299097029805
33,Vessel External Conditions Wave Period (Provider S),-9.123890000466083,3.2215,2024-03-20 15:30:00,random_forest,4226.299097029805
34,Vessel External Conditions Wave Period (Provider S),-7.880924037510087,3.8908,2024-08-17 00:15:00,random_forest,4226.299097029805
35,Vessel External Conditions Wave Period (Provider S),-18.89822126408744,3.5645,2024-06-05 05:15:00,random_forest,4226.299097029805
36,Vessel External Conditions Wave Period (Provider S),-15.141007208391617,2.19,2024-07-20 01:30:00,random_forest,4226.299097029805
37,Vessel External Conditions Wave Period (Provider S),-12.103613921300443,2.7294,2024-11-11 15:15:00,random_forest,4226.299097029805
38,Vessel External Conditions Wave Period (Provider S),7.088868111329188,5.7707,2024-02-14 05:30:00,random_forest,4226.299097029805
39,Vessel External Conditions Wave Period (Provider S),-10.185958671628205,3.5806,2024-02-16 01:00:00,random_forest,4226.299097029805
40,Vessel External Conditions Wave Period (Provider S),-34.46394048457833,1.7636,2024-09-12 03:30:00,random_forest,4226.299097029805
41,Vessel External Conditions Wave Period (Provider S),29.968517559194936,7.7055,2024-05-02 05:30:00,random_forest,4226.299097029805
42,Vessel External Conditions Wave Period (Provider S),83.12188323258454,6.2749,2024-09-15 14:15:00,random_forest,4226.299097029805
43,Vessel External Conditions Wave Period (Provider S),-7.376346358630347,2.5048,2024-08-22 00:30:00,random_forest,4226.299097029805
44,Vessel External Conditions Wave Period (Provider S),24.37401744854065,6.0253,2024-07-25 09:45:00,random_forest,4226.299097029805
45,Vessel External Conditions Wave Period (Provider S),-18.14217826867915,4.7034,2024-12-28 23:30:00,random_forest,4226.299097029805
46,Vessel External Conditions Wave Period (Provider S),106.80998998009937,6.1395,2024-09-15 19:00:00,random_forest,4226.299097029805
47,Vessel External Conditions Wave Period (Provider S),-12.364122315411457,1.3256,2024-04-10 16:45:00,random_forest,4226.299097029805
48,Vessel External Conditions Wave Period (Provider S),-0.26985084323667596,5.2516,2024-10-20 09:15:00,random_forest,4226.299097029805
49,Vessel External Conditions Wave Period (Provider S),-5.057039822896749,4.3623,2024-07-24 18:30:00,random_forest,4226.299097029805
50,Vessel External Conditions Wave Period (Provider S),-10.32044739352214,4.0574,2024-02-23 12:30:00,random_forest,4226.299097029805
51,Vessel External Conditions Wave Period (Provider S),14.55486740060442,5.8079,2024-11-03 22:00:00,random_forest,4226.299097029805
52,Vessel External Conditions Wave Period (Provider S),-12.309587862728684,2.0469,2024-02-28 14:30:00,random_forest,4226.299097029805
53,Vessel External Conditions Wave Period (Provider S),-11.798268548418696,3.6062,2024-11-09 07:30:00,random_forest,4226.299097029805
54,Vessel External Conditions Wave Period (Provider S),-6.864747951917742,2.3671,2024-08-23 03:15:00,random_forest,4226.299097029805
55,Vessel External Conditions Wave Period (Provider S),-11.133101618668784,2.3438,2024-02-29 22:45:00,random_forest,4226.299097029805
56,Vessel External Conditions Wave Period (Provider S),1.5289628054550353,0.8107,2024-12-16 01:30:00,random_forest,4226.299097029805
57,Vessel External Conditions Wave Period (Provider S),-20.810777834514603,2.4842,2024-09-18 22:45:00,random_forest,4226.299097029805
58,Vessel External Conditions Wave Period (Provider S),5.718562512083628,4.3893,2024-04-24 16:30:00,random_forest,4226.299097029805
59,Vessel External Conditions Wave Period (Provider S),-8.770029104778063,4.2173,2024-02-24 23:15:00,random_forest,4226.299097029805
60,Vessel External Conditions Wave Period (Provider S),58.66230933194235,6.0815,2024-09-14 11:00:00,random_forest,4226.299097029805
61,Vessel External Conditions Wave Period (Provider S),26.069286259059982,7.7978,2024-04-27 12:45:00,random_forest,4226.299097029805
62,Vessel External Conditions Wave Period (Provider S),-12.704931292430183,1.7768,2024-07-16 23:30:00,random_forest,4226.299097029805
63,Vessel External Conditions Wave Period (Provider S),-12.782436355420268,2.1241,2024-07-18 08:00:00,random_forest,4226.299097029805
64,Vessel External Conditions Wave Period (Provider S),-9.485160462581407,3.0067,2024-04-03 06:15:00,random_forest,4226.299097029805
65,Vessel External Conditions Wave Period (Provider S),-16.20658347425592,1.9875,2024-08-04 14:45:00,random_forest,4226.299097029805
66,Vessel External Conditions Wave Period (Provider S),-7.939892281754627,3.6714,2024-03-17 21:45:00,random_forest,4226.299097029805
67,Vessel External Conditions Wave Period (Provider S),-8.7397342793166,2.6172,2024-08-08 08:30:00,random_forest,4226.299097029805
68,Vessel External Conditions Wave Period (Provider S),-8.899115026118206,2.8743,2024-12-25 00:15:00,random_forest,4226.299097029805
69,Vessel External Conditions Wave Period (Provider S),3.654792899187096,0.9903,2024-12-17 16:45:00,random_forest,4226.299097029805
70,Vessel External Conditions Wave Period (Provider S),-7.696754114932109,2.0236,2024-08-22 22:45:00,random_forest,4226.299097029805
71,Vessel External Conditions Wave Period (Provider S),8.260375195748777,5.3464,2024-03-17 20:15:00,random_forest,4226.299097029805
72,Vessel External Conditions Wave Period (Provider S),3.989525558083081,5.3483,2024-02-17 09:15:00,random_forest,4226.299097029805
73,Vessel External Conditions Wave Period (Provider S),-13.656713902968333,1.7599,2024-03-01 06:00:00,random_forest,4226.299097029805
74,Vessel External Conditions Wave Period (Provider S),-6.545166145703213,2.4828,2024-08-15 18:00:00,random_forest,4226.299097029805
75,Vessel External Conditions Wave Period (Provider S),-13.62295248649851,2.0628,2024-07-17 19:00:00,random_forest,4226.299097029805
76,Vessel External Conditions Wave Period (Provider S),-7.2676275039755875,3.9517,2024-04-02 12:15:00,random_forest,4226.299097029805
77,Vessel External Conditions Wave Period (Provider S),-15.834736222936842,3.2085,2024-08-06 22:30:00,random_forest,4226.299097029805
78,Vessel External Conditions Wave Period (Provider S),5.410366546339449,2.134,2024-12-17 15:00:00,random_forest,4226.299097029805
79,Vessel External Conditions Wave Period (Provider S),-10.258138342342196,2.9108,2024-02-20 16:15:00,random_forest,4226.299097029805
80,Vessel External Conditions Wave Period (Provider S),-9.287183369998237,4.9652,2024-09-19 23:30:00,random_forest,4226.299097029805
81,Vessel External Conditions Wave Period (Provider S),-7.675059380086816,4.5891,2024-11-11 06:00:00,random_forest,4226.299097029805
82,Vessel External Conditions Wave Period (Provider S),-5.5498199075766665,4.7122,2024-08-19 12:30:00,random_forest,4226.299097029805
83,Vessel External Conditions Wave Period (Provider S),-9.032558284578084,5.3659,2024-09-17 09:00:00,random_forest,4226.299097029805
84,Vessel External Conditions Wave Period (Provider S),-13.187981140310793,3.2877,2024-11-13 04:45:00,random_forest,4226.299097029805
85,Vessel External Conditions Wave Period (Provider S),-13.812522073039005,3.1157,2024-05-11 13:15:00,random_forest,4226.299097029805
86,Vessel External Conditions Wave Period (Provider S),-3.381912362373298,4.4081,2024-04-15 05:00:00,random_forest,4226.299097029805
87,Vessel External Conditions Wave Period (Provider S),56.86087717035859,5.9323,2024-09-14 10:00:00,random_forest,4226.299097029805
88,Vessel External Conditions Wave Period (Provider S),30.86322869286066,6.0522,2024-05-08 14:30:00,random_forest,4226.299097029805
89,Vessel External Conditions Wave Period (Provider S),-5.472083868628739,5.0351,2024-12-26 19:15:00,random_forest,4226.299097029805
90,Vessel External Conditions Wave Period (Provider S),-11.23283695241453,2.1493,2024-02-28 15:45:00,random_forest,4226.299097029805
91,Vessel External Conditions Wave Period (Provider S),-12.93078843329733,2.281,2024-07-20 22:15:00,random_forest,4226.299097029805
92,Vessel External Conditions Wave Period (Provider S),4.819713164945556,5.3919625,2024-03-15 00:15:00,random_forest,4226.299097029805
93,Vessel External Conditions Wave Period (Provider S),25.946474802420266,6.1975,2024-04-26 14:00:00,random_forest,4226.299097029805
94,Vessel External Conditions Wave Period (Provider S),-7.4036545889393,3.9608,2024-08-20 10:00:00,random_forest,4226.299097029805
95,Vessel External Conditions Wave Period (Provider S),71.65333963792484,6.1978,2024-09-14 14:30:00,random_forest,4226.299097029805
96,Vessel External Conditions Wave Period (Provider S),-6.398197705346281,2.4762,2024-11-30 23:30:00,random_forest,4226.299097029805
97,Vessel External Conditions Wave Period (Provider S),7.807404234506134,4.6002,2024-04-28 19:00:00,random_forest,4226.299097029805
98,Vessel External Conditions Wave Period (Provider S),23.509364671171852,5.9642,2024-05-05 15:45:00,random_forest,4226.299097029805
99,Vessel External Conditions Wave Period (Provider S),-13.812708567070421,1.289,2024-07-16 12:00:00,random_forest,4226.299097029805
100,Vessel External Conditions Wave Period (Provider S),-2.457621662042494,5.1512,2024-07-23 00:30:00,random_forest,4226.299097029805
101,Vessel External Conditions Wave Period (Provider S),11.234320276698915,8.1694,2024-12-22 13:15:00,random_forest,4226.299097029805
102,Vessel External Conditions Wave Period (Provider S),5.962543832585557,5.0177,2024-03-26 15:00:00,random_forest,4226.299097029805
103,Vessel External Conditions Wave Period (Provider S),-7.45092835374908,3.1738,2024-08-08 16:15:00,random_forest,4226.299097029805
104,Vessel External Conditions Wave Period (Provider S),16.380637922902785,6.2911,2024-08-14 09:30:00,random_forest,4226.299097029805
105,Vessel External Conditions Wave Period (Provider S),-8.649076578095515,3.7086,2024-02-26 12:00:00,random_forest,4226.299097029805
106,Vessel External Conditions Wave Period (Provider S),-10.973564280214935,2.8631,2024-02-28 09:30:00,random_forest,4226.299097029805
107,Vessel External Conditions Wave Period (Provider S),-2.274591305553945,4.9489,2024-02-09 05:45:00,random_forest,4226.299097029805
108,Vessel External Conditions Wave Period (Provider S),-15.001476567152677,2.286,2024-08-04 02:30:00,random_forest,4226.299097029805
109,Vessel External Conditions Wave Period (Provider S),-15.246910644747343,1.8074,2024-07-20 09:00:00,random_forest,4226.299097029805
110,Vessel External Conditions Wave Period (Provider S),-12.58553689138448,2.0662,2024-03-01 09:30:00,random_forest,4226.299097029805
111,Vessel External Conditions Wave Period (Provider S),-21.584815214122713,2.7865,2024-09-19 01:00:00,random_forest,4226.299097029805
112,Vessel External Conditions Wave Period (Provider S),-12.270301539036184,2.5951,2024-08-04 01:45:00,random_forest,4226.299097029805
113,Vessel External Conditions Wave Period (Provider S),16.667379229241867,8.0607,2024-12-22 01:45:00,random_forest,4226.299097029805
114,Vessel External Conditions Wave Period (Provider S),6.968550744854064,5.776,2024-02-13 18:00:00,random_forest,4226.299097029805
115,Vessel External Conditions Wave Period (Provider S),-4.439856131456776,4.5733,2024-08-17 03:45:00,random_forest,4226.299097029805
116,Vessel External Conditions Wave Period (Provider S),8.393384137813102,5.7109,2024-12-01 21:30:00,random_forest,4226.299097029805
117,Vessel External Conditions Wave Period (Provider S),-0.4765627781221686,4.1176,2024-03-27 03:00:00,random_forest,4226.299097029805
118,Vessel External Conditions Wave Period (Provider S),21.146297491058053,5.9442,2024-10-23 08:00:00,random_forest,4226.299097029805
119,Vessel External Conditions Wave Period (Provider S),6.953742237488285,5.4783,2024-02-17 12:45:00,random_forest,4226.299097029805
120,Vessel External Conditions Wave Period (Provider S),-21.92093852192675,3.0516,2024-09-19 03:30:00,random_forest,4226.299097029805
121,Vessel External Conditions Wave Period (Provider S),-5.935713101231101,4.9653,2024-02-23 13:30:00,random_forest,4226.299097029805
122,Vessel External Conditions Wave Period (Provider S),-22.823199353719676,1.9831,2024-04-28 09:30:00,random_forest,4226.299097029805
123,Vessel External Conditions Wave Period (Provider S),-17.940290267845068,1.4268,2024-04-28 04:30:00,random_forest,4226.299097029805
124,Vessel External Conditions Wave Period (Provider S),26.727887336387013,7.5305,2024-04-26 23:15:00,random_forest,4226.299097029805
125,Vessel External Conditions Wave Period (Provider S),-29.132169618503028,2.6584,2024-09-18 01:00:00,random_forest,4226.299097029805
126,Vessel External Conditions Wave Period (Provider S),17.001880932183152,6.4162,2024-08-14 04:30:00,random_forest,4226.299097029805
127,Vessel External Conditions Wave Period (Provider S),-12.916100317522067,3.6065,2024-11-13 15:00:00,random_forest,4226.299097029805
128,Vessel External Conditions Wave Period (Provider S),-23.7718684230666,2.5133,2024-05-06 15:00:00,random_forest,4226.299097029805
129,Vessel External Conditions Wave Period (Provider S),-22.093439624224597,1.9954,2024-04-28 11:45:00,random_forest,4226.299097029805
130,Vessel External Conditions Wave Period (Provider S),-11.038631830257902,3.8186,2024-11-06 06:45:00,random_forest,4226.299097029805
131,Vessel External Conditions Wave Period (Provider S),-6.8716171978087,4.0596,2024-08-21 08:30:00,random_forest,4226.299097029805
132,Vessel External Conditions Wave Period (Provider S),-11.066973536881989,2.0813,2024-04-11 21:30:00,random_forest,4226.299097029805
133,Vessel External Conditions Wave Period (Provider S),-11.108747219682012,3.2002,2024-11-11 10:30:00,random_forest,4226.299097029805
134,Vessel External Conditions Wave Period (Provider S),-1.7960100823114036,2.3526,2024-12-15 14:45:00,random_forest,4226.299097029805
135,Vessel External Conditions Wave Period (Provider S),-8.832475716879728,3.1133,2024-04-03 04:45:00,random_forest,4226.299097029805
136,Vessel External Conditions Wave Period (Provider S),-7.255838141029175,3.8651,2024-10-26 06:15:00,random_forest,4226.299097029805
137,Vessel External Conditions Wave Period (Provider S),-9.209449069443764,4.1904,2024-04-25 14:30:00,random_forest,4226.299097029805
138,Vessel External Conditions Wave Period (Provider S),-7.489481437419832,3.0997,2024-10-18 10:45:00,random_forest,4226.299097029805
139,Vessel External Conditions Wave Period (Provider S),27.948963729247573,5.107,2024-06-02 01:30:00,random_forest,4226.299097029805
140,Vessel External Conditions Wave Period (Provider S),-5.588720584462147,2.4312,2024-08-22 23:30:00,random_forest,4226.299097029805
141,Vessel External Conditions Wave Period (Provider S),11.784712994711954,8.1694,2024-12-22 13:45:00,random_forest,4226.299097029805
142,Vessel External Conditions Wave Period (Provider S),-7.0058735058978545,2.0156,2024-08-22 17:45:00,random_forest,4226.299097029805
143,Vessel External Conditions Wave Period (Provider S),-14.204242863866575,1.1748,2024-03-22 19:00:00,random_forest,4226.299097029805
144,Vessel External Conditions Wave Period (Provider S),26.06238628072684,5.9854,2024-08-02 04:45:00,random_forest,4226.299097029805
145,Vessel External Conditions Wave Period (Provider S),-0.4565368738687902,4.1176,2024-03-27 03:15:00,random_forest,4226.299097029805
146,Vessel External Conditions Wave Period (Provider S),22.774467518868974,6.0943,2024-03-02 08:15:00,random_forest,4226.299097029805
147,Vessel External Conditions Wave Period (Provider S),-13.283911686930308,1.3999,2024-02-29 02:45:00,random_forest,4226.299097029805
148,Vessel External Conditions Wave Period (Provider S),11.832350831436951,5.8657,2024-08-15 06:30:00,random_forest,4226.299097029805
149,Vessel External Conditions Wave Period (Provider S),2.1912258667419806,4.9425,2024-03-16 22:00:00,random_forest,4226.299097029805
150,Vessel External Conditions Wave Period (Provider S),-6.565981242406185,2.4828,2024-08-15 18:15:00,random_forest,4226.299097029805
151,Vessel External Conditions Wave Period (Provider S),-25.432095111345724,2.5965,2024-05-11 03:00:00,random_forest,4226.299097029805
152,Vessel External Conditions Wave Period (Provider S),-7.605477371897984,1.9923,2024-08-22 13:15:00,random_forest,4226.299097029805
153,Vessel External Conditions Wave Period (Provider S),-9.121796058058996,4.839,2024-11-05 19:30:00,random_forest,4226.299097029805
154,Vessel External Conditions Wave Period (Provider S),-18.926420666861166,3.2346,2024-06-10 03:00:00,random_forest,4226.299097029805
155,Vessel External Conditions Wave Period (Provider S),-8.052592337858822,3.5229,2024-04-14 12:00:00,random_forest,4226.299097029805
156,Vessel External Conditions Wave Period (Provider S),-12.789147497955753,1.7987,2024-07-17 00:30:00,random_forest,4226.299097029805
157,Vessel External Conditions Wave Period (Provider S),-8.65353798658993,3.0671,2024-08-20 05:45:00,random_forest,4226.299097029805
158,Vessel External Conditions Wave Period (Provider S),-8.483467661050776,3.8763,2024-11-19 00:00:00,random_forest,4226.299097029805
159,Vessel External Conditions Wave Period (Provider S),8.393384137813102,5.7109,2024-12-01 21:00:00,random_forest,4226.299097029805
160,Vessel External Conditions Wave Period (Provider S),-6.364624190902542,3.9805,2024-04-02 14:30:00,random_forest,4226.299097029805
161,Vessel External Conditions Wave Period (Provider S),-9.0152934225969,2.9242,2024-08-10 14:15:00,random_forest,4226.299097029805
162,Vessel External Conditions Wave Period (Provider S),-14.403758178813215,1.9069,2024-03-24 01:15:00,random_forest,4226.299097029805
163,Vessel External Conditions Wave Period (Provider S),-10.05525182797007,4.8505,2024-11-12 20:15:00,random_forest,4226.299097029805
164,Vessel External Conditions Wave Period (Provider S),13.139982172953987,4.6471,2024-06-07 14:00:00,random_forest,4226.299097029805
165,Vessel External Conditions Wave Period (Provider S),-22.957988669054348,2.7973,2024-05-10 12:45:00,random_forest,4226.299097029805
166,Vessel External Conditions Wave Period (Provider S),-27.493630907351847,2.8736,2024-04-25 01:30:00,random_forest,4226.299097029805
167,Vessel External Conditions Wave Period (Provider S),-5.100920701480424,4.6709,2024-12-09 21:15:00,random_forest,4226.299097029805
168,Vessel External Conditions Wave Period (Provider S),-10.691835443455183,2.5685,2024-03-27 10:00:00,random_forest,4226.299097029805
169,Vessel External Conditions Wave Period (Provider S),-10.754011133058766,3.4364,2024-02-25 16:15:00,random_forest,4226.299097029805
170,Vessel External Conditions Wave Period (Provider S),-10.366867297975924,2.9555,2024-04-25 04:00:00,random_forest,4226.299097029805
171,Vessel External Conditions Wave Period (Provider S),-0.8925388644406227,5.0498,2024-12-28 21:15:00,random_forest,4226.299097029805
172,Vessel External Conditions Wave Period (Provider S),-11.617206126628991,2.8604,2024-02-26 19:00:00,random_forest,4226.299097029805
173,Vessel External Conditions Wave Period (Provider S),15.706101896582865,6.5999,2024-08-27 13:00:00,random_forest,4226.299097029805
174,Vessel External Conditions Wave Period (Provider S),20.130568133821335,5.8977,2024-04-23 21:45:00,random_forest,4226.299097029805
175,Vessel External Conditions Wave Period (Provider S),7.467671663420685,5.5113,2024-02-17 16:15:00,random_forest,4226.299097029805
176,Vessel External Conditions Wave Period (Provider S),-8.525316214203908,3.401,2024-08-19 20:15:00,random_forest,4226.299097029805
177,Vessel External Conditions Wave Period (Provider S),-9.509792200839556,2.9111,2024-08-08 07:45:00,random_forest,4226.299097029805
178,Vessel External Conditions Wave Period (Provider S),-14.084910810778283,1.0434,2024-03-22 20:15:00,random_forest,4226.299097029805
179,Vessel External Conditions Wave Period (Provider S),19.12994605276641,6.3112,2024-08-25 11:45:00,random_forest,4226.299097029805
180,Vessel External Conditions Wave Period (Provider S),-7.342466447175658,3.431,2024-10-31 09:00:00,random_forest,4226.299097029805
181,Vessel External Conditions Wave Period (Provider S),2.268580231652234,0.7739,2024-12-16 02:15:00,random_forest,4226.299097029805
182,Vessel External Conditions Wave Period (Provider S),-12.706090205583001,2.5253,2024-07-18 00:00:00,random_forest,4226.299097029805
183,Vessel External Conditions Wave Period (Provider S),4.681179929859443,5.2571,2024-08-17 22:30:00,random_forest,4226.299097029805
184,Vessel External Conditions Wave Period (Provider S),7.138919479284706,5.8866,2024-02-14 13:45:00,random_forest,4226.299097029805
185,Vessel External Conditions Wave Period (Provider S),6.846560872087341,4.8563,2024-06-08 10:30:00,random_forest,4226.299097029805
186,Vessel External Conditions Wave Period (Provider S),18.765336073914554,6.8146,2024-08-14 20:30:00,random_forest,4226.299097029805
187,Vessel External Conditions Wave Period (Provider S),-12.37965574239072,1.9754,2024-02-28 03:15:00,random_forest,4226.299097029805
188,Vessel External Conditions Wave Period (Provider S),-7.638511256097289,2.5577,2024-10-16 23:30:00,random_forest,4226.299097029805
189,Vessel External Conditions Wave Period (Provider S),-16.2279749935618,2.7865,2024-05-06 03:00:00,random_forest,4226.299097029805
190,Vessel External Conditions Wave Period (Provider S),4.229625406337162,5.3833,2024-08-18 20:15:00,random_forest,4226.299097029805
191,Vessel External Conditions Wave Period (Provider S),-8.979949476060243,2.6411,2024-11-02 00:45:00,random_forest,4226.299097029805
192,Vessel External Conditions Wave Period (Provider S),-17.111363789132866,5.0482,2024-12-23 18:30:00,random_forest,4226.299097029805
193,Vessel External Conditions Wave Period (Provider S),-6.061959651192508,4.7108,2024-02-20 05:30:00,random_forest,4226.299097029805
194,Vessel External Conditions Wave Period (Provider S),28.636157124954032,5.2965,2024-06-01 18:45:00,random_forest,4226.299097029805
195,Vessel External Conditions Wave Period (Provider S),-15.075894563102006,1.9017,2024-03-23 23:15:00,random_forest,4226.299097029805
196,Vessel External Conditions Wave Period (Provider S),-7.1981935146247205,3.4605,2024-10-31 11:15:00,random_forest,4226.299097029805
197,Vessel External Conditions Wave Period (Provider S),-11.390698052152535,2.6516,2024-03-10 10:15:00,random_forest,4226.299097029805
198,Vessel External Conditions Wave Period (Provider S),-9.178818816912164,2.4439,2024-02-27 18:30:00,random_forest,4226.299097029805
199,Vessel External Conditions Wave Period (Provider S),-7.519834440845439,3.5728,2024-12-14 09:30:00,random_forest,4226.299097029805
0,longitudinal_wave_force (calculated),63.852360405146406,2.5597507258003733,2024-12-22 11:30:00,random_forest,4226.299097029805
1,longitudinal_wave_force (calculated),-46.88030515983514,-1.4216665921290124,2024-03-09 10:00:00,random_forest,4226.299097029805
2,longitudinal_wave_force (calculated),-96.68313778182225,-0.7014102061577555,2024-04-12 18:15:00,random_forest,4226.299097029805
3,longitudinal_wave_force (calculated),-29.209298351924726,-0.7493404385604426,2024-08-05 02:15:00,random_forest,4226.299097029805
4,longitudinal_wave_force (calculated),19.138986371897452,1.7652332869848957,2024-08-24 05:00:00,random_forest,4226.299097029805
5,longitudinal_wave_force (calculated),39.83452728173368,0.8434676216695733,2024-04-28 22:15:00,random_forest,4226.299097029805
6,longitudinal_wave_force (calculated),281.12014532484693,3.219803538307385,2024-04-29 15:00:00,random_forest,4226.299097029805
7,longitudinal_wave_force (calculated),24.142003652804284,1.7989470371355385,2024-08-24 07:30:00,random_forest,4226.299097029805
8,longitudinal_wave_force (calculated),31.09324228819651,2.228173381389132,2024-12-20 13:45:00,random_forest,4226.299097029805
9,longitudinal_wave_force (calculated),-10.288935020039316,0.3033689656425226,2024-12-24 11:45:00,random_forest,4226.299097029805
10,longitudinal_wave_force (calculated),-10.036783450108754,0.2726668767183282,2024-09-14 02:00:00,random_forest,4226.299097029805
11,longitudinal_wave_force (calculated),33.73872055686556,1.334716618778699,2024-02-10 19:00:00,random_forest,4226.299097029805
12,longitudinal_wave_force (calculated),-27.081254613586598,-0.7874213735029306,2024-09-12 02:45:00,random_forest,4226.299097029805
13,longitudinal_wave_force (calculated),138.90461857048638,2.1896727308681805,2024-05-05 15:30:00,random_forest,4226.299097029805
14,longitudinal_wave_force (calculated),-13.558115923327343,0.4822959254097678,2024-09-15 02:15:00,random_forest,4226.299097029805
15,longitudinal_wave_force (calculated),17.097976805895424,1.0068530138493437,2024-04-02 01:45:00,random_forest,4226.299097029805
16,longitudinal_wave_force (calculated),-25.121977028333763,-0.9970668335090578,2024-12-27 03:45:00,random_forest,4226.299097029805
17,longitudinal_wave_force (calculated),-47.62726788814122,-1.4306995927976982,2024-03-12 02:45:00,random_forest,4226.299097029805
18,longitudinal_wave_force (calculated),-27.986856423954492,1.1925608324641428,2024-03-17 07:45:00,random_forest,4226.299097029805
19,longitudinal_wave_force (calculated),3.4181661142349564,1.0876916514738637,2024-12-14 15:15:00,random_forest,4226.299097029805
20,longitudinal_wave_force (calculated),3.2548520854980656,1.7077821340565422,2024-10-26 01:45:00,random_forest,4226.299097029805
21,longitudinal_wave_force (calculated),16.806859256730032,0.9777275871887282,2024-04-01 22:00:00,random_forest,4226.299097029805
22,longitudinal_wave_force (calculated),-47.815059337735164,-0.636672806581216,2024-05-11 08:45:00,random_forest,4226.299097029805
23,longitudinal_wave_force (calculated),-93.80354446675628,-3.4463271956473025,2024-04-30 21:45:00,random_forest,4226.299097029805
24,longitudinal_wave_force (calculated),-27.684328137645743,-1.742776359444616,2024-08-02 07:15:00,random_forest,4226.299097029805
25,longitudinal_wave_force (calculated),-45.081267537857926,0.0892041941238625,2024-02-28 08:00:00,random_forest,4226.299097029805
26,longitudinal_wave_force (calculated),114.80611926132447,2.485971398265036,2024-03-03 03:45:00,random_forest,4226.299097029805
27,longitudinal_wave_force (calculated),-30.18252157321849,-2.038734596884911,2024-11-11 13:30:00,random_forest,4226.299097029805
28,longitudinal_wave_force (calculated),-46.23864144352281,-0.1661428729734088,2024-02-28 17:45:00,random_forest,4226.299097029805
29,longitudinal_wave_force (calculated),-7.310341466283824,1.1428909783561778,2024-02-17 22:00:00,random_forest,4226.299097029805
30,longitudinal_wave_force (calculated),-35.47489624147605,-0.5058549789513076,2024-11-20 07:00:00,random_forest,4226.299097029805
31,longitudinal_wave_force (calculated),68.96865362589084,1.999650977176462,2024-02-25 02:30:00,random_forest,4226.299097029805
32,longitudinal_wave_force (calculated),-37.79038690040163,0.6691017216329546,2024-03-10 23:15:00,random_forest,4226.299097029805
33,longitudinal_wave_force (calculated),-51.118034905667145,-0.512095754089352,2024-03-20 15:30:00,random_forest,4226.299097029805
34,longitudinal_wave_force (calculated),42.445020998763866,2.094820802034528,2024-08-17 00:15:00,random_forest,4226.299097029805
35,longitudinal_wave_force (calculated),-43.47173231257921,-0.5564550297485267,2024-06-05 05:15:00,random_forest,4226.299097029805
36,longitudinal_wave_force (calculated),-42.97808432611129,0.4664548816852418,2024-07-20 01:30:00,random_forest,4226.299097029805
37,longitudinal_wave_force (calculated),-28.197913617993912,-1.4009771433688438,2024-11-11 15:15:00,random_forest,4226.299097029805
38,longitudinal_wave_force (calculated),51.787884364984635,2.011895899748985,2024-02-14 05:30:00,random_forest,4226.299097029805
39,longitudinal_wave_force (calculated),-1.7708799672198452,1.0364150971973882,2024-02-16 01:00:00,random_forest,4226.299097029805
40,longitudinal_wave_force (calculated),-24.883537056784,-0.5854852441859377,2024-09-12 03:30:00,random_forest,4226.299097029805
41,longitudinal_wave_force (calculated),95.46693337274716,1.3727706634967989,2024-05-02 05:30:00,random_forest,4226.299097029805
42,longitudinal_wave_force (calculated),-10.993555380166466,0.2121114957085165,2024-09-15 14:15:00,random_forest,4226.299097029805
43,longitudinal_wave_force (calculated),22.474712157937304,1.7391724982335297,2024-08-22 00:30:00,random_forest,4226.299097029805
44,longitudinal_wave_force (calculated),19.959584538526855,1.612123075496855,2024-07-25 09:45:00,random_forest,4226.299097029805
45,longitudinal_wave_force (calculated),-13.97212589500146,0.8883535642305359,2024-12-28 23:30:00,random_forest,4226.299097029805
46,longitudinal_wave_force (calculated),-6.121260526343228,0.7605932529039421,2024-09-15 19:00:00,random_forest,4226.299097029805
47,longitudinal_wave_force (calculated),15.829448675951317,1.0386418512494024,2024-04-10 16:45:00,random_forest,4226.299097029805
48,longitudinal_wave_force (calculated),-17.65491824197606,0.215346200723494,2024-10-20 09:15:00,random_forest,4226.299097029805
49,longitudinal_wave_force (calculated),-1.6307279222715874,0.8818613301701581,2024-07-24 18:30:00,random_forest,4226.299097029805
50,longitudinal_wave_force (calculated),66.13320901801866,2.199465797981594,2024-02-23 12:30:00,random_forest,4226.299097029805
51,longitudinal_wave_force (calculated),-30.02191764525441,-1.5220205398056526,2024-11-03 22:00:00,random_forest,4226.299097029805
52,longitudinal_wave_force (calculated),-46.34887757067757,-0.1047813604497456,2024-02-28 14:30:00,random_forest,4226.299097029805
53,longitudinal_wave_force (calculated),-15.462347665797584,-0.2796104545618046,2024-11-09 07:30:00,random_forest,4226.299097029805
54,longitudinal_wave_force (calculated),19.802284537401174,1.5799799248821995,2024-08-23 03:15:00,random_forest,4226.299097029805
55,longitudinal_wave_force (calculated),-45.07166669129691,-1.969331817309189,2024-02-29 22:45:00,random_forest,4226.299097029805
56,longitudinal_wave_force (calculated),15.866377810746625,1.447982793058392,2024-12-16 01:30:00,random_forest,4226.299097029805
57,longitudinal_wave_force (calculated),-26.641203966270986,-1.594680002275063,2024-09-18 22:45:00,random_forest,4226.299097029805
58,longitudinal_wave_force (calculated),-57.45173360276704,-2.556939030945044,2024-04-24 16:30:00,random_forest,4226.299097029805
59,longitudinal_wave_force (calculated),78.44240834712265,2.029780869001649,2024-02-24 23:15:00,random_forest,4226.299097029805
60,longitudinal_wave_force (calculated),-10.226762372170896,0.1445825654848207,2024-09-14 11:00:00,random_forest,4226.299097029805
61,longitudinal_wave_force (calculated),-94.04517353433769,-4.43695496925699,2024-04-27 12:45:00,random_forest,4226.299097029805
62,longitudinal_wave_force (calculated),-10.406910770123927,0.8505805945443682,2024-07-16 23:30:00,random_forest,4226.299097029805
63,longitudinal_wave_force (calculated),-27.00602959664341,-0.3608678944973172,2024-07-18 08:00:00,random_forest,4226.299097029805
64,longitudinal_wave_force (calculated),-90.74228585852846,0.341129829553996,2024-04-03 06:15:00,random_forest,4226.299097029805
65,longitudinal_wave_force (calculated),-30.79152942130384,-1.0192339545562623,2024-08-04 14:45:00,random_forest,4226.299097029805
66,longitudinal_wave_force (calculated),-26.79094121578435,0.8559166158669554,2024-03-17 21:45:00,random_forest,4226.299097029805
67,longitudinal_wave_force (calculated),-7.837301923254784,1.0932885416914573,2024-08-08 08:30:00,random_forest,4226.299097029805
68,longitudinal_wave_force (calculated),-33.39139045701788,-0.8442713792581796,2024-12-25 00:15:00,random_forest,4226.299097029805
69,longitudinal_wave_force (calculated),-15.574658239775827,-0.1256326241147154,2024-12-17 16:45:00,random_forest,4226.299097029805
70,longitudinal_wave_force (calculated),20.17641918321834,1.5771098304281437,2024-08-22 22:45:00,random_forest,4226.299097029805
71,longitudinal_wave_force (calculated),-25.02842059593483,0.905911425316388,2024-03-17 20:15:00,random_forest,4226.299097029805
72,longitudinal_wave_force (calculated),-4.9299731998742695,0.9234087280368805,2024-02-17 09:15:00,random_forest,4226.299097029805
73,longitudinal_wave_force (calculated),-40.85855971327983,-1.987040508337946,2024-03-01 06:00:00,random_forest,4226.299097029805
74,longitudinal_wave_force (calculated),30.64025559431715,1.8144155630705605,2024-08-15 18:00:00,random_forest,4226.299097029805
75,longitudinal_wave_force (calculated),-13.642561246139085,0.6968101373768091,2024-07-17 19:00:00,random_forest,4226.299097029805
76,longitudinal_wave_force (calculated),-82.27537931334292,0.4589856179782992,2024-04-02 12:15:00,random_forest,4226.299097029805
77,longitudinal_wave_force (calculated),-113.92125243236123,0.5395642311900238,2024-08-06 22:30:00,random_forest,4226.299097029805
78,longitudinal_wave_force (calculated),-15.248695960667735,-0.0231632722925921,2024-12-17 15:00:00,random_forest,4226.299097029805
79,longitudinal_wave_force (calculated),-47.175401990333256,-0.507464066240747,2024-02-20 16:15:00,random_forest,4226.299097029805
80,longitudinal_wave_force (calculated),-25.854453864788834,-1.8662334874587307,2024-09-19 23:30:00,random_forest,4226.299097029805
81,longitudinal_wave_force (calculated),-28.61326152123427,-1.4764592433836403,2024-11-11 06:00:00,random_forest,4226.299097029805
82,longitudinal_wave_force (calculated),2.5855054271239784,1.0588842108626697,2024-08-19 12:30:00,random_forest,4226.299097029805
83,longitudinal_wave_force (calculated),-19.234678549339453,0.4290809117914648,2024-09-17 09:00:00,random_forest,4226.299097029805
84,longitudinal_wave_force (calculated),-15.782777102394325,0.6456735854757999,2024-11-13 04:45:00,random_forest,4226.299097029805
85,longitudinal_wave_force (calculated),-29.339997801799907,-0.4446997126740392,2024-05-11 13:15:00,random_forest,4226.299097029805
86,longitudinal_wave_force (calculated),-100.61464959137793,-2.060319581135732,2024-04-15 05:00:00,random_forest,4226.299097029805
87,longitudinal_wave_force (calculated),-11.817954168641004,0.4910362195725996,2024-09-14 10:00:00,random_forest,4226.299097029805
88,longitudinal_wave_force (calculated),-16.96132555395641,0.0831650861195112,2024-05-08 14:30:00,random_forest,4226.299097029805
89,longitudinal_wave_force (calculated),-23.590349906179842,-0.69320310431692,2024-12-26 19:15:00,random_forest,4226.299097029805
90,longitudinal_wave_force (calculated),-45.99894492979804,-0.0826233890728817,2024-02-28 15:45:00,random_forest,4226.299097029805
91,longitudinal_wave_force (calculated),0.38812801656585283,0.988074550128362,2024-07-20 22:15:00,random_forest,4226.299097029805
92,longitudinal_wave_force (calculated),101.673983031655,1.884554842350552,2024-03-15 00:15:00,random_forest,4226.299097029805
93,longitudinal_wave_force (calculated),-59.29925122623029,-3.3629079886520894,2024-04-26 14:00:00,random_forest,4226.299097029805
94,longitudinal_wave_force (calculated),3.4771223914460947,1.175238363100659,2024-08-20 10:00:00,random_forest,4226.299097029805
95,longitudinal_wave_force (calculated),-10.829984614141695,0.1808485726517613,2024-09-14 14:30:00,random_forest,4226.299097029805
96,longitudinal_wave_force (calculated),-2.9233162839475155,0.8535708411569821,2024-11-30 23:30:00,random_forest,4226.299097029805
97,longitudinal_wave_force (calculated),-23.1835604008674,-0.0011994173530111,2024-04-28 19:00:00,random_forest,4226.299097029805
98,longitudinal_wave_force (calculated),139.45676102979206,2.1932413613241764,2024-05-05 15:45:00,random_forest,4226.299097029805
99,longitudinal_wave_force (calculated),-32.09218358172437,0.1057725430752564,2024-07-16 12:00:00,random_forest,4226.299097029805
100,longitudinal_wave_force (calculated),27.522719354934477,1.8629736111616144,2024-07-23 00:30:00,random_forest,4226.299097029805
101,longitudinal_wave_force (calculated),111.04953337691416,2.848325484908043,2024-12-22 13:15:00,random_forest,4226.299097029805
102,longitudinal_wave_force (calculated),-30.06749726535914,0.7710151908310596,2024-03-26 15:00:00,random_forest,4226.299097029805
103,longitudinal_wave_force (calculated),21.919091274615717,0.9369906092962738,2024-08-08 16:15:00,random_forest,4226.299097029805
104,longitudinal_wave_force (calculated),-46.968281709658655,-2.425929854392676,2024-08-14 09:30:00,random_forest,4226.299097029805
105,longitudinal_wave_force (calculated),-17.109016433040242,1.227225294161695,2024-02-26 12:00:00,random_forest,4226.299097029805
106,longitudinal_wave_force (calculated),-44.79424469968939,0.1828565678771604,2024-02-28 09:30:00,random_forest,4226.299097029805
107,longitudinal_wave_force (calculated),-13.42643594445276,1.3052906789496752,2024-02-09 05:45:00,random_forest,4226.299097029805
108,longitudinal_wave_force (calculated),-31.828888628740323,-1.456612148627752,2024-08-04 02:30:00,random_forest,4226.299097029805
109,longitudinal_wave_force (calculated),-37.361207814968814,0.637051707888544,2024-07-20 09:00:00,random_forest,4226.299097029805
110,longitudinal_wave_force (calculated),-47.45449092672902,-2.199984608422024,2024-03-01 09:30:00,random_forest,4226.299097029805
111,longitudinal_wave_force (calculated),-26.57830868755155,-1.6837549276218426,2024-09-19 01:00:00,random_forest,4226.299097029805
112,longitudinal_wave_force (calculated),-30.816750836474956,-1.4580726955032872,2024-08-04 01:45:00,random_forest,4226.299097029805
113,longitudinal_wave_force (calculated),31.023292929164736,2.2711149475182038,2024-12-22 01:45:00,random_forest,4226.299097029805
114,longitudinal_wave_force (calculated),57.89840207381078,2.0985186299435274,2024-02-13 18:00:00,random_forest,4226.299097029805
115,longitudinal_wave_force (calculated),36.44183213151585,2.1227736071163803,2024-08-17 03:45:00,random_forest,4226.299097029805
116,longitudinal_wave_force (calculated),58.6586735224775,2.6210499145794324,2024-12-01 21:30:00,random_forest,4226.299097029805
117,longitudinal_wave_force (calculated),-25.729578472242057,0.8486009201344359,2024-03-27 03:00:00,random_forest,4226.299097029805
118,longitudinal_wave_force (calculated),-33.966543680517596,-1.567871244442543,2024-10-23 08:00:00,random_forest,4226.299097029805
119,longitudinal_wave_force (calculated),-8.737697302143069,0.9169240940825244,2024-02-17 12:45:00,random_forest,4226.299097029805
120,longitudinal_wave_force (calculated),-26.656589175217185,-1.686405658588943,2024-09-19 03:30:00,random_forest,4226.299097029805
121,longitudinal_wave_force (calculated),66.02143782700053,2.1986129533510743,2024-02-23 13:30:00,random_forest,4226.299097029805
122,longitudinal_wave_force (calculated),-33.87483843430326,-0.2398425576986996,2024-04-28 09:30:00,random_forest,4226.299097029805
123,longitudinal_wave_force (calculated),-78.04263277305687,-2.5912577368492284,2024-04-28 04:30:00,random_forest,4226.299097029805
124,longitudinal_wave_force (calculated),-84.78204989693755,-4.711702387622172,2024-04-26 23:15:00,random_forest,4226.299097029805
125,longitudinal_wave_force (calculated),-24.099040860608103,1.0273256947348013,2024-09-18 01:00:00,random_forest,4226.299097029805
126,longitudinal_wave_force (calculated),-56.031778679735844,-2.2633552373975383,2024-08-14 04:30:00,random_forest,4226.299097029805
127,longitudinal_wave_force (calculated),-0.3227131015356882,1.4263695064030082,2024-11-13 15:00:00,random_forest,4226.299097029805
128,longitudinal_wave_force (calculated),-18.192474295749456,-0.0604906996185261,2024-05-06 15:00:00,random_forest,4226.299097029805
129,longitudinal_wave_force (calculated),-34.571310005165444,-0.3427562096109205,2024-04-28 11:45:00,random_forest,4226.299097029805
130,longitudinal_wave_force (calculated),-28.72066352958932,-1.4674073391459728,2024-11-06 06:45:00,random_forest,4226.299097029805
131,longitudinal_wave_force (calculated),29.8343172301372,1.8413568472538733,2024-08-21 08:30:00,random_forest,4226.299097029805
132,longitudinal_wave_force (calculated),-94.7425069184328,-0.4688757255915277,2024-04-11 21:30:00,random_forest,4226.299097029805
133,longitudinal_wave_force (calculated),-28.640265939132057,-1.8963702572314836,2024-11-11 10:30:00,random_forest,4226.299097029805
134,longitudinal_wave_force (calculated),15.955197813460352,1.0534506796006635,2024-12-15 14:45:00,random_forest,4226.299097029805
135,longitudinal_wave_force (calculated),-94.19711242207622,0.4526804021569451,2024-04-03 04:45:00,random_forest,4226.299097029805
136,longitudinal_wave_force (calculated),13.869438977276756,1.8277233370188064,2024-10-26 06:15:00,random_forest,4226.299097029805
137,longitudinal_wave_force (calculated),69.54787158521917,1.98550517033649,2024-04-25 14:30:00,random_forest,4226.299097029805
138,longitudinal_wave_force (calculated),-17.870086903285394,0.3169857669081975,2024-10-18 10:45:00,random_forest,4226.299097029805
139,longitudinal_wave_force (calculated),-7.829890913831552,0.8272368558805455,2024-06-02 01:30:00,random_forest,4226.299097029805
140,longitudinal_wave_force (calculated),19.98416470678651,1.606128437376198,2024-08-22 23:30:00,random_forest,4226.299097029805
141,longitudinal_wave_force (calculated),111.59803890933023,2.833412669774391,2024-12-22 13:45:00,random_forest,4226.299097029805
142,longitudinal_wave_force (calculated),17.366868547263934,1.4628499692726082,2024-08-22 17:45:00,random_forest,4226.299097029805
143,longitudinal_wave_force (calculated),-58.804765651083265,0.1588731772928683,2024-03-22 19:00:00,random_forest,4226.299097029805
144,longitudinal_wave_force (calculated),-26.708716218419028,-1.135530701987184,2024-08-02 04:45:00,random_forest,4226.299097029805
145,longitudinal_wave_force (calculated),-26.13640300223652,0.839273795792304,2024-03-27 03:15:00,random_forest,4226.299097029805
146,longitudinal_wave_force (calculated),126.05170142985399,2.8517963804240254,2024-03-02 08:15:00,random_forest,4226.299097029805
147,longitudinal_wave_force (calculated),-50.99136334430607,-0.6765222919918432,2024-02-29 02:45:00,random_forest,4226.299097029805
148,longitudinal_wave_force (calculated),-51.61068082153218,-2.3046502462133702,2024-08-15 06:30:00,random_forest,4226.299097029805
149,longitudinal_wave_force (calculated),-21.115834174067285,1.3022858488705025,2024-03-16 22:00:00,random_forest,4226.299097029805
150,longitudinal_wave_force (calculated),30.707297346538024,1.8198904948340573,2024-08-15 18:15:00,random_forest,4226.299097029805
151,longitudinal_wave_force (calculated),-63.1289324730297,-1.279595996980169,2024-05-11 03:00:00,random_forest,4226.299097029805
152,longitudinal_wave_force (calculated),19.90546100050026,1.5960449706881257,2024-08-22 13:15:00,random_forest,4226.299097029805
153,longitudinal_wave_force (calculated),-28.25757336352258,-1.3639734133929375,2024-11-05 19:30:00,random_forest,4226.299097029805
154,longitudinal_wave_force (calculated),-38.85824812771273,-0.0346093627788664,2024-06-10 03:00:00,random_forest,4226.299097029805
155,longitudinal_wave_force (calculated),-99.31609494026043,-1.2324148553296863,2024-04-14 12:00:00,random_forest,4226.299097029805
156,longitudinal_wave_force (calculated),-8.342107995846849,0.9272731994610228,2024-07-17 00:30:00,random_forest,4226.299097029805
157,longitudinal_wave_force (calculated),-3.419310735687121,0.7747888899908741,2024-08-20 05:45:00,random_forest,4226.299097029805
158,longitudinal_wave_force (calculated),-24.159890320280894,-0.0778215172240679,2024-11-19 00:00:00,random_forest,4226.299097029805
159,longitudinal_wave_force (calculated),58.6586735224775,2.619442745683921,2024-12-01 21:00:00,random_forest,4226.299097029805
160,longitudinal_wave_force (calculated),-80.13022963200524,0.4358717540011054,2024-04-02 14:30:00,random_forest,4226.299097029805
161,longitudinal_wave_force (calculated),15.21791385139522,0.6992312978308615,2024-08-10 14:15:00,random_forest,4226.299097029805
162,longitudinal_wave_force (calculated),-61.441680883730086,-0.1612630166297966,2024-03-24 01:15:00,random_forest,4226.299097029805
163,longitudinal_wave_force (calculated),4.887536016224439,1.6193788752358846,2024-11-12 20:15:00,random_forest,4226.299097029805
164,longitudinal_wave_force (calculated),-24.799784623813807,0.2056453304002352,2024-06-07 14:00:00,random_forest,4226.299097029805
165,longitudinal_wave_force (calculated),145.3981800524731,2.5408752722188286,2024-05-10 12:45:00,random_forest,4226.299097029805
166,longitudinal_wave_force (calculated),121.37527104597879,2.5689557753553456,2024-04-25 01:30:00,random_forest,4226.299097029805
167,longitudinal_wave_force (calculated),-11.164797958113533,-0.0707945820763776,2024-12-09 21:15:00,random_forest,4226.299097029805
168,longitudinal_wave_force (calculated),-31.077969469983564,0.7952976618516506,2024-03-27 10:00:00,random_forest,4226.299097029805
169,longitudinal_wave_force (calculated),45.16708693454849,1.5278479442856476,2024-02-25 16:15:00,random_forest,4226.299097029805
170,longitudinal_wave_force (calculated),344.97704713495216,2.481187941654268,2024-04-25 04:00:00,random_forest,4226.299097029805
171,longitudinal_wave_force (calculated),-32.91636562968084,0.1217926099408752,2024-12-28 21:15:00,random_forest,4226.299097029805
172,longitudinal_wave_force (calculated),-43.75494303435622,0.6297854113749823,2024-02-26 19:00:00,random_forest,4226.299097029805
173,longitudinal_wave_force (calculated),53.89522991091375,2.6686017671890814,2024-08-27 13:00:00,random_forest,4226.299097029805
174,longitudinal_wave_force (calculated),-59.907774838804656,-2.1642423005486124,2024-04-23 21:45:00,random_forest,4226.299097029805
175,longitudinal_wave_force (calculated),-19.76229523746374,0.8438263529920943,2024-02-17 16:15:00,random_forest,4226.299097029805
176,longitudinal_wave_force (calculated),1.5183482053983994,0.862976158843924,2024-08-19 20:15:00,random_forest,4226.299097029805
177,longitudinal_wave_force (calculated),-7.81028367079097,1.0661358491211086,2024-08-08 07:45:00,random_forest,4226.299097029805
178,longitudinal_wave_force (calculated),-60.18407326284126,-0.0347820425985199,2024-03-22 20:15:00,random_forest,4226.299097029805
179,longitudinal_wave_force (calculated),49.495744110338876,2.3204065045515154,2024-08-25 11:45:00,random_forest,4226.299097029805
180,longitudinal_wave_force (calculated),-33.07322934432324,-1.5027266350714874,2024-10-31 09:00:00,random_forest,4226.299097029805
181,longitudinal_wave_force (calculated),21.22314739736445,1.5006364901135472,2024-12-16 02:15:00,random_forest,4226.299097029805
182,longitudinal_wave_force (calculated),-21.85181000482838,-0.0696094400462236,2024-07-18 00:00:00,random_forest,4226.299097029805
183,longitudinal_wave_force (calculated),-31.333296647019047,0.3549673295978202,2024-08-17 22:30:00,random_forest,4226.299097029805
184,longitudinal_wave_force (calculated),63.21320297743529,2.327829878813328,2024-02-14 13:45:00,random_forest,4226.299097029805
185,longitudinal_wave_force (calculated),-29.323699557148636,0.0066254150823783,2024-06-08 10:30:00,random_forest,4226.299097029805
186,longitudinal_wave_force (calculated),-47.1059847155833,-2.79963820633093,2024-08-14 20:30:00,random_forest,4226.299097029805
187,longitudinal_wave_force (calculated),-46.123897778452,-0.1465607544442154,2024-02-28 03:15:00,random_forest,4226.299097029805
188,longitudinal_wave_force (calculated),-7.224623486378618,0.7439961513356664,2024-10-16 23:30:00,random_forest,4226.299097029805
189,longitudinal_wave_force (calculated),-51.33996214278422,-0.5937058442703759,2024-05-06 03:00:00,random_forest,4226.299097029805
190,longitudinal_wave_force (calculated),-31.899309594688326,0.3953179376627052,2024-08-18 20:15:00,random_forest,4226.299097029805
191,longitudinal_wave_force (calculated),48.94486352491279,2.2572391607752365,2024-11-02 00:45:00,random_forest,4226.299097029805
192,longitudinal_wave_force (calculated),-15.982982407064878,-0.0054408498534678,2024-12-23 18:30:00,random_forest,4226.299097029805
193,longitudinal_wave_force (calculated),-55.410130046048394,-0.615691857055666,2024-02-20 05:30:00,random_forest,4226.299097029805
194,longitudinal_wave_force (calculated),-0.09104951764169526,1.297510214457697,2024-06-01 18:45:00,random_forest,4226.299097029805
195,longitudinal_wave_force (calculated),-61.203223233824104,-0.0828813900467416,2024-03-23 23:15:00,random_forest,4226.299097029805
196,longitudinal_wave_force (calculated),-32.70347377148994,-1.6042459894584786,2024-10-31 11:15:00,random_forest,4226.299097029805
197,longitudinal_wave_force (calculated),-41.659342997402526,0.1704747756465448,2024-03-10 10:15:00,random_forest,4226.299097029805
198,longitudinal_wave_force (calculated),-44.963796309025206,0.3094362985231281,2024-02-27 18:30:00,random_forest,4226.299097029805
199,longitudinal_wave_force (calculated),-15.077102794074985,0.9177340998809232,2024-12-14 09:30:00,random_forest,4226.299097029805
0,longitudinal_wind_force (calculated),-16.17086334425696,1.0549932058652811,2024-12-22 11:30:00,random_forest,4226.299097029805
1,longitudinal_wind_force (calculated),-32.25726494558972,-4.485637055853089,2024-03-09 10:00:00,random_forest,4226.299097029805
2,longitudinal_wind_force (calculated),-68.72929362516953,-1.3403917265983405,2024-04-12 18:15:00,random_forest,4226.299097029805
3,longitudinal_wind_force (calculated),-26.53012739636114,-0.9988968135796268,2024-08-05 02:15:00,random_forest,4226.299097029805
4,longitudinal_wind_force (calculated),4.996803029336766,8.271106603257492,2024-08-24 05:00:00,random_forest,4226.299097029805
5,longitudinal_wind_force (calculated),129.03832797007442,4.780825297913236,2024-04-28 22:15:00,random_forest,4226.299097029805
6,longitudinal_wind_force (calculated),473.7887786557869,11.273912928523831,2024-04-29 15:00:00,random_forest,4226.299097029805
7,longitudinal_wind_force (calculated),10.513246712662589,9.180559680927944,2024-08-24 07:30:00,random_forest,4226.299097029805
8,longitudinal_wind_force (calculated),30.62565196891249,7.622423388746474,2024-12-20 13:45:00,random_forest,4226.299097029805
9,longitudinal_wind_force (calculated),-30.896010196720276,-4.794917076412453,2024-12-24 11:45:00,random_forest,4226.299097029805
10,longitudinal_wind_force (calculated),6.224879044050367,2.14146684780519,2024-09-14 02:00:00,random_forest,4226.299097029805
11,longitudinal_wind_force (calculated),31.54283824506877,7.048581632695111,2024-02-10 19:00:00,random_forest,4226.299097029805
12,longitudinal_wind_force (calculated),-22.45798515526669,-0.8303923456485095,2024-09-12 02:45:00,random_forest,4226.299097029805
13,longitudinal_wind_force (calculated),74.79182842120464,6.652395868171014,2024-05-05 15:30:00,random_forest,4226.299097029805
14,longitudinal_wind_force (calculated),13.862260108375963,3.3807572694007453,2024-09-15 02:15:00,random_forest,4226.299097029805
15,longitudinal_wind_force (calculated),23.462236060746147,7.415953453231269,2024-04-02 01:45:00,random_forest,4226.299097029805
16,longitudinal_wind_force (calculated),-60.88006171435788,-8.954521561822839,2024-12-27 03:45:00,random_forest,4226.299097029805
17,longitudinal_wind_force (calculated),-13.418935675374387,0.3336518363533787,2024-03-12 02:45:00,random_forest,4226.299097029805
18,longitudinal_wind_force (calculated),11.18209613297807,3.1226971745022944,2024-03-17 07:45:00,random_forest,4226.299097029805
19,longitudinal_wind_force (calculated),49.02462854393235,6.63617976117058,2024-12-14 15:15:00,random_forest,4226.299097029805
20,longitudinal_wind_force (calculated),26.327791917410483,5.260126653744906,2024-10-26 01:45:00,random_forest,4226.299097029805
21,longitudinal_wind_force (calculated),23.839866862214226,7.269505488379794,2024-04-01 22:00:00,random_forest,4226.299097029805
22,longitudinal_wind_force (calculated),-170.2658705830544,-2.0713129906409526,2024-05-11 08:45:00,random_forest,4226.299097029805
23,longitudinal_wind_force (calculated),-123.86582525096547,-7.825834028882349,2024-04-30 21:45:00,random_forest,4226.299097029805
24,longitudinal_wind_force (calculated),-28.888495103981086,-7.787496943278615,2024-08-02 07:15:00,random_forest,4226.299097029805
25,longitudinal_wind_force (calculated),-13.049664798224333,1.181977968728947,2024-02-28 08:00:00,random_forest,4226.299097029805
26,longitudinal_wind_force (calculated),27.205849946917635,8.849309228442158,2024-03-03 03:45:00,random_forest,4226.299097029805
27,longitudinal_wind_force (calculated),-38.77244388395628,-4.069962953092833,2024-11-11 13:30:00,random_forest,4226.299097029805
28,longitudinal_wind_force (calculated),-16.70025866036571,-0.0522522312891338,2024-02-28 17:45:00,random_forest,4226.299097029805
29,longitudinal_wind_force (calculated),33.70371959631492,5.205738144638792,2024-02-17 22:00:00,random_forest,4226.299097029805
30,longitudinal_wind_force (calculated),-35.875828925055245,-7.109163181694259,2024-11-20 07:00:00,random_forest,4226.299097029805
31,longitudinal_wind_force (calculated),24.223053265975537,6.436679240171807,2024-02-25 02:30:00,random_forest,4226.299097029805
32,longitudinal_wind_force (calculated),3.8406805355783726,2.4557973179400205,2024-03-10 23:15:00,random_forest,4226.299097029805
33,longitudinal_wind_force (calculated),-33.18330150988413,-2.1281842622868408,2024-03-20 15:30:00,random_forest,4226.299097029805
34,longitudinal_wind_force (calculated),8.358059058558378,4.999337295435939,2024-08-17 00:15:00,random_forest,4226.299097029805
35,longitudinal_wind_force (calculated),-59.606746652231585,-2.3374605790687446,2024-06-05 05:15:00,random_forest,4226.299097029805
36,longitudinal_wind_force (calculated),8.541081773085223,2.6937162007749587,2024-07-20 01:30:00,random_forest,4226.299097029805
37,longitudinal_wind_force (calculated),-32.599410698993694,-2.748657485039177,2024-11-11 15:15:00,random_forest,4226.299097029805
38,longitudinal_wind_force (calculated),34.615170309747946,10.059932446131548,2024-02-14 05:30:00,random_forest,4226.299097029805
39,longitudinal_wind_force (calculated),36.28894071446613,5.598722212393585,2024-02-16 01:00:00,random_forest,4226.299097029805
40,longitudinal_wind_force (calculated),-8.95468617727042,0.0883839518209221,2024-09-12 03:30:00,random_forest,4226.299097029805
41,longitudinal_wind_force (calculated),30.51708694826853,2.32432625431482,2024-05-02 05:30:00,random_forest,4226.299097029805
42,longitudinal_wind_force (calculated),-1.4799046756830159,1.023809342288313,2024-09-15 14:15:00,random_forest,4226.299097029805
43,longitudinal_wind_force (calculated),-5.067529014003884,4.227910663359336,2024-08-22 00:30:00,random_forest,4226.299097029805
44,longitudinal_wind_force (calculated),37.12229465172472,8.491972309571645,2024-07-25 09:45:00,random_forest,4226.299097029805
45,longitudinal_wind_force (calculated),55.0288831117199,8.741687923933602,2024-12-28 23:30:00,random_forest,4226.299097029805
46,longitudinal_wind_force (calculated),8.360288191134373,2.667107004994496,2024-09-15 19:00:00,random_forest,4226.299097029805
47,longitudinal_wind_force (calculated),-48.39568841995286,1.4199913408373488,2024-04-10 16:45:00,random_forest,4226.299097029805
48,longitudinal_wind_force (calculated),-24.729542435294803,-1.1375952993045688,2024-10-20 09:15:00,random_forest,4226.299097029805
49,longitudinal_wind_force (calculated),32.43014844713476,4.771975755231908,2024-07-24 18:30:00,random_forest,4226.299097029805
50,longitudinal_wind_force (calculated),28.091837315654544,7.5835131727027,2024-02-23 12:30:00,random_forest,4226.299097029805
51,longitudinal_wind_force (calculated),-34.15440257373394,-4.272315069150234,2024-11-03 22:00:00,random_forest,4226.299097029805
52,longitudinal_wind_force (calculated),-16.618969986140435,0.0922669310383115,2024-02-28 14:30:00,random_forest,4226.299097029805
53,longitudinal_wind_force (calculated),-25.24753981729387,-0.4053355143268578,2024-11-09 07:30:00,random_forest,4226.299097029805
54,longitudinal_wind_force (calculated),3.0312770168593204,5.265551034871523,2024-08-23 03:15:00,random_forest,4226.299097029805
55,longitudinal_wind_force (calculated),-31.69633234870078,-4.4995355359508284,2024-02-29 22:45:00,random_forest,4226.299097029805
56,longitudinal_wind_force (calculated),51.10974669110332,6.37591227262352,2024-12-16 01:30:00,random_forest,4226.299097029805
57,longitudinal_wind_force (calculated),-21.093893639501708,-0.6968871719440891,2024-09-18 22:45:00,random_forest,4226.299097029805
58,longitudinal_wind_force (calculated),-77.22923979861059,-6.962114799078249,2024-04-24 16:30:00,random_forest,4226.299097029805
59,longitudinal_wind_force (calculated),27.65249099620323,7.549429504766132,2024-02-24 23:15:00,random_forest,4226.299097029805
60,longitudinal_wind_force (calculated),-0.545987603763814,1.5497004855724985,2024-09-14 11:00:00,random_forest,4226.299097029805
61,longitudinal_wind_force (calculated),-131.76503671880033,-10.971568302607338,2024-04-27 12:45:00,random_forest,4226.299097029805
62,longitudinal_wind_force (calculated),22.847612085624068,4.779557755453726,2024-07-16 23:30:00,random_forest,4226.299097029805
63,longitudinal_wind_force (calculated),12.609852193913913,3.5002791045505903,2024-07-18 08:00:00,random_forest,4226.299097029805
64,longitudinal_wind_force (calculated),-13.11311071700906,1.8852394028026296,2024-04-03 06:15:00,random_forest,4226.299097029805
65,longitudinal_wind_force (calculated),-29.24133965443522,-2.66709794341689,2024-08-04 14:45:00,random_forest,4226.299097029805
66,longitudinal_wind_force (calculated),-5.156983967698157,1.9999266376768217,2024-03-17 21:45:00,random_forest,4226.299097029805
67,longitudinal_wind_force (calculated),11.893284655948786,4.14017264729282,2024-08-08 08:30:00,random_forest,4226.299097029805
68,longitudinal_wind_force (calculated),-24.045147195824114,-1.901334597821592,2024-12-25 00:15:00,random_forest,4226.299097029805
69,longitudinal_wind_force (calculated),50.55622410961797,6.886913349670743,2024-12-17 16:45:00,random_forest,4226.299097029805
70,longitudinal_wind_force (calculated),3.1258933681630725,5.4686973265452,2024-08-22 22:45:00,random_forest,4226.299097029805
71,longitudinal_wind_force (calculated),4.354742365407261,2.279364900839282,2024-03-17 20:15:00,random_forest,4226.299097029805
72,longitudinal_wind_force (calculated),35.325415760844756,5.902671074143661,2024-02-17 09:15:00,random_forest,4226.299097029805
73,longitudinal_wind_force (calculated),-30.06499833580571,-3.916124487454637,2024-03-01 06:00:00,random_forest,4226.299097029805
74,longitudinal_wind_force (calculated),-16.3570469198221,2.493448144217233,2024-08-15 18:00:00,random_forest,4226.299097029805
75,longitudinal_wind_force (calculated),24.57336359790855,4.022088309197604,2024-07-17 19:00:00,random_forest,4226.299097029805
76,longitudinal_wind_force (calculated),2.8143227365316337,4.226776139257043,2024-04-02 12:15:00,random_forest,4226.299097029805
77,longitudinal_wind_force (calculated),-74.27215942783748,1.683803623248692,2024-08-06 22:30:00,random_forest,4226.299097029805
78,longitudinal_wind_force (calculated),49.635434105542245,8.154683391789877,2024-12-17 15:00:00,random_forest,4226.299097029805
79,longitudinal_wind_force (calculated),-36.98807256093256,-1.8565648820287897,2024-02-20 16:15:00,random_forest,4226.299097029805
80,longitudinal_wind_force (calculated),-31.583167172749643,-5.827822011059229,2024-09-19 23:30:00,random_forest,4226.299097029805
81,longitudinal_wind_force (calculated),-30.85195961280304,-1.4898368252487395,2024-11-11 06:00:00,random_forest,4226.299097029805
82,longitudinal_wind_force (calculated),3.9809250427094565,6.33991198262444,2024-08-19 12:30:00,random_forest,4226.299097029805
83,longitudinal_wind_force (calculated),11.310998243192188,5.793408143877798,2024-09-17 09:00:00,random_forest,4226.299097029805
84,longitudinal_wind_force (calculated),-9.640269399535724,2.253224440261395,2024-11-13 04:45:00,random_forest,4226.299097029805
85,longitudinal_wind_force (calculated),-93.50192106514007,-3.886336303353731,2024-05-11 13:15:00,random_forest,4226.299097029805
86,longitudinal_wind_force (calculated),-72.95862031786352,-3.755623357969051,2024-04-15 05:00:00,random_forest,4226.299097029805
87,longitudinal_wind_force (calculated),-1.9529682516328,1.2665621169434784,2024-09-14 10:00:00,random_forest,4226.299097029805
88,longitudinal_wind_force (calculated),87.62594933430493,2.955972050611357,2024-05-08 14:30:00,random_forest,4226.299097029805
89,longitudinal_wind_force (calculated),-61.154461959847374,-8.348149476096296,2024-12-26 19:15:00,random_forest,4226.299097029805
90,longitudinal_wind_force (calculated),-15.631591721301376,0.5005835784262374,2024-02-28 15:45:00,random_forest,4226.299097029805
91,longitudinal_wind_force (calculated),12.392094364491903,3.6931842969419937,2024-07-20 22:15:00,random_forest,4226.299097029805
92,longitudinal_wind_force (calculated),29.46165953300086,4.712726000608954,2024-03-15 00:15:00,random_forest,4226.299097029805
93,longitudinal_wind_force (calculated),-73.50749432150532,-13.086229706719813,2024-04-26 14:00:00,random_forest,4226.299097029805
94,longitudinal_wind_force (calculated),-14.666949448644603,2.665786558457341,2024-08-20 10:00:00,random_forest,4226.299097029805
95,longitudinal_wind_force (calculated),3.829207029818666,2.082744092418676,2024-09-14 14:30:00,random_forest,4226.299097029805
96,longitudinal_wind_force (calculated),28.351835927684572,6.737008758953199,2024-11-30 23:30:00,random_forest,4226.299097029805
97,longitudinal_wind_force (calculated),69.15239543898255,1.783434270643072,2024-04-28 19:00:00,random_forest,4226.299097029805
98,longitudinal_wind_force (calculated),74.24597321199327,6.664104299707303,2024-05-05 15:45:00,random_forest,4226.299097029805
99,longitudinal_wind_force (calculated),12.81043108733292,3.259553103654359,2024-07-16 12:00:00,random_forest,4226.299097029805
100,longitudinal_wind_force (calculated),36.063009437867436,5.149658521276307,2024-07-23 00:30:00,random_forest,4226.299097029805
101,longitudinal_wind_force (calculated),-15.845229811233157,0.300182632751663,2024-12-22 13:15:00,random_forest,4226.299097029805
102,longitudinal_wind_force (calculated),22.079252147714044,4.553867410615389,2024-03-26 15:00:00,random_forest,4226.299097029805
103,longitudinal_wind_force (calculated),5.2740795341371145,4.08801550162103,2024-08-08 16:15:00,random_forest,4226.299097029805
104,longitudinal_wind_force (calculated),-51.997808254471366,-10.225063326656002,2024-08-14 09:30:00,random_forest,4226.299097029805
105,longitudinal_wind_force (calculated),17.241445060513566,3.944775292223327,2024-02-26 12:00:00,random_forest,4226.299097029805
106,longitudinal_wind_force (calculated),-14.354714367894655,1.3808386047873584,2024-02-28 09:30:00,random_forest,4226.299097029805
107,longitudinal_wind_force (calculated),36.261934252277776,9.910657528099442,2024-02-09 05:45:00,random_forest,4226.299097029805
108,longitudinal_wind_force (calculated),-34.54744626978111,-3.954164444878254,2024-08-04 02:30:00,random_forest,4226.299097029805
109,longitudinal_wind_force (calculated),-36.87470692826979,-0.5366426274211286,2024-07-20 09:00:00,random_forest,4226.299097029805
110,longitudinal_wind_force (calculated),-28.788871907099285,-4.586845158896338,2024-03-01 09:30:00,random_forest,4226.299097029805
111,longitudinal_wind_force (calculated),-25.806900513879114,-3.0570807468718253,2024-09-19 01:00:00,random_forest,4226.299097029805
112,longitudinal_wind_force (calculated),-34.02687843152377,-4.697426688040836,2024-08-04 01:45:00,random_forest,4226.299097029805
113,longitudinal_wind_force (calculated),28.105653192297382,5.219476268877847,2024-12-22 01:45:00,random_forest,4226.299097029805
114,longitudinal_wind_force (calculated),30.885384295124847,9.09155857282881,2024-02-13 18:00:00,random_forest,4226.299097029805
115,longitudinal_wind_force (calculated),3.5525761553227615,5.76063789432334,2024-08-17 03:45:00,random_forest,4226.299097029805
116,longitudinal_wind_force (calculated),189.65554620154518,14.633683461685264,2024-12-01 21:30:00,random_forest,4226.299097029805
117,longitudinal_wind_force (calculated),29.370004155990795,5.17536465220633,2024-03-27 03:00:00,random_forest,4226.299097029805
118,longitudinal_wind_force (calculated),-33.53106086619554,-5.017938710310927,2024-10-23 08:00:00,random_forest,4226.299097029805
119,longitudinal_wind_force (calculated),33.911087579685315,4.963520063149044,2024-02-17 12:45:00,random_forest,4226.299097029805
120,longitudinal_wind_force (calculated),-27.188382670240983,-3.624156565887467,2024-09-19 03:30:00,random_forest,4226.299097029805
121,longitudinal_wind_force (calculated),27.93501064150814,7.827969726345889,2024-02-23 13:30:00,random_forest,4226.299097029805
122,longitudinal_wind_force (calculated),26.87062956609761,0.9275088203265224,2024-04-28 09:30:00,random_forest,4226.299097029805
123,longitudinal_wind_force (calculated),-86.29456831368257,-2.418603538485105,2024-04-28 04:30:00,random_forest,4226.299097029805
124,longitudinal_wind_force (calculated),-121.51873103240955,-15.02359138760812,2024-04-26 23:15:00,random_forest,4226.299097029805
125,longitudinal_wind_force (calculated),5.8438402358931,4.848561014125388,2024-09-18 01:00:00,random_forest,4226.299097029805
126,longitudinal_wind_force (calculated),-57.388414923100136,-12.144975313693164,2024-08-14 04:30:00,random_forest,4226.299097029805
127,longitudinal_wind_force (calculated),23.447752191568306,5.689906583306824,2024-11-13 15:00:00,random_forest,4226.299097029805
128,longitudinal_wind_force (calculated),31.752962712304722,0.4582883156315617,2024-05-06 15:00:00,random_forest,4226.299097029805
129,longitudinal_wind_force (calculated),18.257347482432035,0.5373848332658161,2024-04-28 11:45:00,random_forest,4226.299097029805
130,longitudinal_wind_force (calculated),-41.26474214080499,-6.601593656688529,2024-11-06 06:45:00,random_forest,4226.299097029805
131,longitudinal_wind_force (calculated),2.9251922031076103,6.179131806912991,2024-08-21 08:30:00,random_forest,4226.299097029805
132,longitudinal_wind_force (calculated),-66.3755845753291,-2.6765696570567563,2024-04-11 21:30:00,random_forest,4226.299097029805
133,longitudinal_wind_force (calculated),-32.82453770206269,-3.121075626934384,2024-11-11 10:30:00,random_forest,4226.299097029805
134,longitudinal_wind_force (calculated),35.86171711152195,7.227629245145589,2024-12-15 14:45:00,random_forest,4226.299097029805
135,longitudinal_wind_force (calculated),-1.8676541066470258,3.2436894269472942,2024-04-03 04:45:00,random_forest,4226.299097029805
136,longitudinal_wind_force (calculated),24.990916352383444,5.748096115654068,2024-10-26 06:15:00,random_forest,4226.299097029805
137,longitudinal_wind_force (calculated),80.50943594381475,6.755442659794021,2024-04-25 14:30:00,random_forest,4226.299097029805
138,longitudinal_wind_force (calculated),-2.9952058248271483,2.866614520935989,2024-10-18 10:45:00,random_forest,4226.299097029805
139,longitudinal_wind_force (calculated),48.867053063095916,3.736964582501248,2024-06-02 01:30:00,random_forest,4226.299097029805
140,longitudinal_wind_force (calculated),-4.680730460554416,4.217231594329747,2024-08-22 23:30:00,random_forest,4226.299097029805
141,longitudinal_wind_force (calculated),-15.409223463491854,0.2971563119880402,2024-12-22 13:45:00,random_forest,4226.299097029805
142,longitudinal_wind_force (calculated),-4.801422544391154,4.384147555048227,2024-08-22 17:45:00,random_forest,4226.299097029805
143,longitudinal_wind_force (calculated),-28.627245625923997,0.2637558627934617,2024-03-22 19:00:00,random_forest,4226.299097029805
144,longitudinal_wind_force (calculated),-28.75990930209601,-7.892600306158872,2024-08-02 04:45:00,random_forest,4226.299097029805
145,longitudinal_wind_force (calculated),29.45884952469883,5.084702888797668,2024-03-27 03:15:00,random_forest,4226.299097029805
146,longitudinal_wind_force (calculated),33.56514770673918,10.225667525691424,2024-03-02 08:15:00,random_forest,4226.299097029805
147,longitudinal_wind_force (calculated),-28.711910985130615,-1.4382602812024117,2024-02-29 02:45:00,random_forest,4226.299097029805
148,longitudinal_wind_force (calculated),-53.94953183260769,-9.963672162328525,2024-08-15 06:30:00,random_forest,4226.299097029805
149,longitudinal_wind_force (calculated),15.680527152870736,3.6919336537802656,2024-03-16 22:00:00,random_forest,4226.299097029805
150,longitudinal_wind_force (calculated),-16.259063540570097,2.4956314977842107,2024-08-15 18:15:00,random_forest,4226.299097029805
151,longitudinal_wind_force (calculated),-161.20534174182453,-1.4050212974948475,2024-05-11 03:00:00,random_forest,4226.299097029805
152,longitudinal_wind_force (calculated),2.9741128072082055,5.199083585040851,2024-08-22 13:15:00,random_forest,4226.299097029805
153,longitudinal_wind_force (calculated),-41.738692624820665,-5.681927914394561,2024-11-05 19:30:00,random_forest,4226.299097029805
154,longitudinal_wind_force (calculated),-11.301289264818275,1.3161320879541294,2024-06-10 03:00:00,random_forest,4226.299097029805
155,longitudinal_wind_force (calculated),-73.17964592418119,-4.201275388858992,2024-04-14 12:00:00,random_forest,4226.299097029805
156,longitudinal_wind_force (calculated),25.04066065768903,5.081022643675053,2024-07-17 00:30:00,random_forest,4226.299097029805
157,longitudinal_wind_force (calculated),-20.502542988740238,1.9537905076403943,2024-08-20 05:45:00,random_forest,4226.299097029805
158,longitudinal_wind_force (calculated),-38.739902821790224,1.8849677127415416,2024-11-19 00:00:00,random_forest,4226.299097029805
159,longitudinal_wind_force (calculated),189.65554620154518,14.63047960960281,2024-12-01 21:00:00,random_forest,4226.299097029805
160,longitudinal_wind_force (calculated),2.810084628842644,4.376421992914346,2024-04-02 14:30:00,random_forest,4226.299097029805
161,longitudinal_wind_force (calculated),-48.217298131375756,0.6750172180330821,2024-08-10 14:15:00,random_forest,4226.299097029805
162,longitudinal_wind_force (calculated),-31.681775289406776,-0.1826494158041908,2024-03-24 01:15:00,random_forest,4226.299097029805
163,longitudinal_wind_force (calculated),25.211750528920277,7.897583489138177,2024-11-12 20:15:00,random_forest,4226.299097029805
164,longitudinal_wind_force (calculated),10.508118192998989,1.3709606289230174,2024-06-07 14:00:00,random_forest,4226.299097029805
165,longitudinal_wind_force (calculated),22.92416625312422,3.282329962455794,2024-05-10 12:45:00,random_forest,4226.299097029805
166,longitudinal_wind_force (calculated),67.20076577211013,3.4095710348727843,2024-04-25 01:30:00,random_forest,4226.299097029805
167,longitudinal_wind_force (calculated),-16.077627963065897,-1.3648448249305136,2024-12-09 21:15:00,random_forest,4226.299097029805
168,longitudinal_wind_force (calculated),26.035124691629974,4.863670001589265,2024-03-27 10:00:00,random_forest,4226.299097029805
169,longitudinal_wind_force (calculated),24.69470204437681,6.859876962730319,2024-02-25 16:15:00,random_forest,4226.299097029805
170,longitudinal_wind_force (calculated),50.3979026274895,4.521069823201381,2024-04-25 04:00:00,random_forest,4226.299097029805
171,longitudinal_wind_force (calculated),-32.88952044288529,3.4543549662172848,2024-12-28 21:15:00,random_forest,4226.299097029805
172,longitudinal_wind_force (calculated),-0.880032429969904,2.100964640051118,2024-02-26 19:00:00,random_forest,4226.299097029805
173,longitudinal_wind_force (calculated),24.351754926525263,9.773054794618677,2024-08-27 13:00:00,random_forest,4226.299097029805
174,longitudinal_wind_force (calculated),-80.03472418347768,-9.289355645463884,2024-04-23 21:45:00,random_forest,4226.299097029805
175,longitudinal_wind_force (calculated),32.1359112937296,4.856829530437694,2024-02-17 16:15:00,random_forest,4226.299097029805
176,longitudinal_wind_force (calculated),-14.059708705156643,2.581213906630123,2024-08-19 20:15:00,random_forest,4226.299097029805
177,longitudinal_wind_force (calculated),13.144575088217657,4.238637462614343,2024-08-08 07:45:00,random_forest,4226.299097029805
178,longitudinal_wind_force (calculated),-32.81332608393705,-0.2059711138031846,2024-03-22 20:15:00,random_forest,4226.299097029805
179,longitudinal_wind_force (calculated),18.364397138371274,9.032719038939144,2024-08-25 11:45:00,random_forest,4226.299097029805
180,longitudinal_wind_force (calculated),-34.16404590762614,-4.898795515597697,2024-10-31 09:00:00,random_forest,4226.299097029805
181,longitudinal_wind_force (calculated),49.62422198392155,6.052669627922399,2024-12-16 02:15:00,random_forest,4226.299097029805
182,longitudinal_wind_force (calculated),20.585717512777173,4.3950017791972105,2024-07-18 00:00:00,random_forest,4226.299097029805
183,longitudinal_wind_force (calculated),-49.51886004032383,-3.3834665605364043,2024-08-17 22:30:00,random_forest,4226.299097029805
184,longitudinal_wind_force (calculated),31.877563759430465,9.427409421786267,2024-02-14 13:45:00,random_forest,4226.299097029805
185,longitudinal_wind_force (calculated),-11.786022273050332,0.3759088640126798,2024-06-08 10:30:00,random_forest,4226.299097029805
186,longitudinal_wind_force (calculated),-52.84031948638727,-13.298887304497567,2024-08-14 20:30:00,random_forest,4226.299097029805
187,longitudinal_wind_force (calculated),-19.78671187612514,-0.3611927609002645,2024-02-28 03:15:00,random_forest,4226.299097029805
188,longitudinal_wind_force (calculated),1.2972378049815099,3.408423332431968,2024-10-16 23:30:00,random_forest,4226.299097029805
189,longitudinal_wind_force (calculated),-118.48531779400696,-0.6471742489808755,2024-05-06 03:00:00,random_forest,4226.299097029805
190,longitudinal_wind_force (calculated),-20.781882942340374,1.8870512631697136,2024-08-18 20:15:00,random_forest,4226.299097029805
191,longitudinal_wind_force (calculated),23.569728088603966,5.110099885816879,2024-11-02 00:45:00,random_forest,4226.299097029805
192,longitudinal_wind_force (calculated),-8.571830018070717,0.4477907383820597,2024-12-23 18:30:00,random_forest,4226.299097029805
193,longitudinal_wind_force (calculated),-40.94722576393086,-0.3597812076956969,2024-02-20 05:30:00,random_forest,4226.299097029805
194,longitudinal_wind_force (calculated),60.95352125407025,9.530358662687986,2024-06-01 18:45:00,random_forest,4226.299097029805
195,longitudinal_wind_force (calculated),-38.56597296669665,-1.307298682179541,2024-03-23 23:15:00,random_forest,4226.299097029805
196,longitudinal_wind_force (calculated),-33.478135409314234,-4.341568556058981,2024-10-31 11:15:00,random_forest,4226.299097029805
197,longitudinal_wind_force (calculated),-12.291221536757702,0.6381758336877144,2024-03-10 10:15:00,random_forest,4226.299097029805
198,longitudinal_wind_force (calculated),-16.026825969803614,0.1436476505906193,2024-02-27 18:30:00,random_forest,4226.299097029805
199,longitudinal_wind_force (calculated),43.81068923749361,6.479045723190872,2024-12-14 09:30:00,random_forest,4226.299097029805
