row_id,feature_name,shap_value,feature_value,timestamp,model_name,base_value
0,Avg Draft (Calculated),-20.18074232513481,9.945,2024-12-22 11:30:00,ridge_regression,4346.987456616842
1,Avg Draft (Calculated),152.649204767052,11.615,2024-03-09 10:00:00,ridge_regression,4346.987456616842
2,Avg Draft (Calculated),-413.4464901995764,6.145,2024-04-12 18:15:00,ridge_regression,4346.987456616842
3,Avg Draft (Calculated),425.34795362209337,14.25,2024-08-05 02:15:00,ridge_regression,4346.987456616842
4,Avg Draft (Calculated),420.17340430795485,14.2,2024-08-24 05:00:00,ridge_regression,4346.987456616842
5,Avg Draft (Calculated),-384.98646897182135,6.42,2024-04-28 22:15:00,ridge_regression,4346.987456616842
6,Avg Draft (Calculated),-384.9864689718213,6.42,2024-04-29 15:00:00,ridge_regression,4346.987456616842
7,Avg Draft (Calculated),420.173404307955,14.2,2024-08-24 07:30:00,ridge_regression,4346.987456616842
8,Avg Draft (Calculated),-20.18074232513505,9.945,2024-12-20 13:45:00,ridge_regression,4346.987456616842
9,Avg Draft (Calculated),-20.180742325135743,9.945,2024-12-24 11:45:00,ridge_regression,4346.987456616842
10,Avg Draft (Calculated),471.91889744932917,14.7,2024-09-14 02:00:00,ridge_regression,4346.987456616842
11,Avg Draft (Calculated),175.9346766806709,11.84,2024-02-10 19:00:00,ridge_regression,4346.987456616842
12,Avg Draft (Calculated),471.9188974493292,14.7,2024-09-12 02:45:00,ridge_regression,4346.987456616842
13,Avg Draft (Calculated),-384.9864689718215,6.42,2024-05-05 15:30:00,ridge_regression,4346.987456616842
14,Avg Draft (Calculated),471.91889744932945,14.7,2024-09-15 02:15:00,ridge_regression,4346.987456616842
15,Avg Draft (Calculated),-413.4464901995767,6.145,2024-04-02 01:45:00,ridge_regression,4346.987456616842
16,Avg Draft (Calculated),-20.180742325135025,9.945,2024-12-27 03:45:00,ridge_regression,4346.987456616842
17,Avg Draft (Calculated),152.64920476705242,11.615,2024-03-12 02:45:00,ridge_regression,4346.987456616842
18,Avg Draft (Calculated),152.64920476705203,11.615,2024-03-17 07:45:00,ridge_regression,4346.987456616842
19,Avg Draft (Calculated),-20.18074232513584,9.945,2024-12-14 15:15:00,ridge_regression,4346.987456616842
20,Avg Draft (Calculated),-418.1035845823008,6.1,2024-10-26 01:45:00,ridge_regression,4346.987456616842
21,Avg Draft (Calculated),-413.4464901995773,6.145,2024-04-01 22:00:00,ridge_regression,4346.987456616842
22,Avg Draft (Calculated),-384.9864689718213,6.42,2024-05-11 08:45:00,ridge_regression,4346.987456616842
23,Avg Draft (Calculated),-384.9864689718205,6.42,2024-04-30 21:45:00,ridge_regression,4346.987456616842
24,Avg Draft (Calculated),425.3479536220926,14.25,2024-08-02 07:15:00,ridge_regression,4346.987456616842
25,Avg Draft (Calculated),152.6492047670523,11.615,2024-02-28 08:00:00,ridge_regression,4346.987456616842
26,Avg Draft (Calculated),152.6492047670519,11.615,2024-03-03 03:45:00,ridge_regression,4346.987456616842
27,Avg Draft (Calculated),-418.10358458230087,6.1,2024-11-11 13:30:00,ridge_regression,4346.987456616842
28,Avg Draft (Calculated),152.64920476705336,11.615,2024-02-28 17:45:00,ridge_regression,4346.987456616842
29,Avg Draft (Calculated),152.64920476705387,11.615,2024-02-17 22:00:00,ridge_regression,4346.987456616842
30,Avg Draft (Calculated),-387.05628869747574,6.4,2024-11-20 07:00:00,ridge_regression,4346.987456616842
31,Avg Draft (Calculated),152.64920476705257,11.615,2024-02-25 02:30:00,ridge_regression,4346.987456616842
32,Avg Draft (Calculated),152.64920476705254,11.615,2024-03-10 23:15:00,ridge_regression,4346.987456616842
33,Avg Draft (Calculated),152.649204767052,11.615,2024-03-20 15:30:00,ridge_regression,4346.987456616842
34,Avg Draft (Calculated),420.1734043079545,14.2,2024-08-17 00:15:00,ridge_regression,4346.987456616842
35,Avg Draft (Calculated),30.01238602199635,10.43,2024-06-05 05:15:00,ridge_regression,4346.987456616842
36,Avg Draft (Calculated),-350.8344434985142,6.75,2024-07-20 01:30:00,ridge_regression,4346.987456616842
37,Avg Draft (Calculated),-418.103584582301,6.1,2024-11-11 15:15:00,ridge_regression,4346.987456616842
38,Avg Draft (Calculated),175.93467668067004,11.84,2024-02-14 05:30:00,ridge_regression,4346.987456616842
39,Avg Draft (Calculated),152.6492047670527,11.615,2024-02-16 01:00:00,ridge_regression,4346.987456616842
40,Avg Draft (Calculated),471.9188974493287,14.7,2024-09-12 03:30:00,ridge_regression,4346.987456616842
41,Avg Draft (Calculated),-384.9864689718209,6.42,2024-05-02 05:30:00,ridge_regression,4346.987456616842
42,Avg Draft (Calculated),471.91889744932877,14.7,2024-09-15 14:15:00,ridge_regression,4346.987456616842
43,Avg Draft (Calculated),420.17340430795537,14.2,2024-08-22 00:30:00,ridge_regression,4346.987456616842
44,Avg Draft (Calculated),-350.83444349851385,6.75,2024-07-25 09:45:00,ridge_regression,4346.987456616842
45,Avg Draft (Calculated),-34.152025473306544,9.81,2024-12-28 23:30:00,ridge_regression,4346.987456616842
46,Avg Draft (Calculated),471.91889744932945,14.7,2024-09-15 19:00:00,ridge_regression,4346.987456616842
47,Avg Draft (Calculated),-413.4464901995763,6.145,2024-04-10 16:45:00,ridge_regression,4346.987456616842
48,Avg Draft (Calculated),-418.10358458230047,6.1,2024-10-20 09:15:00,ridge_regression,4346.987456616842
49,Avg Draft (Calculated),-350.83444349851385,6.75,2024-07-24 18:30:00,ridge_regression,4346.987456616842
50,Avg Draft (Calculated),152.6492047670532,11.615,2024-02-23 12:30:00,ridge_regression,4346.987456616842
51,Avg Draft (Calculated),-418.1035845822999,6.1,2024-11-03 22:00:00,ridge_regression,4346.987456616842
52,Avg Draft (Calculated),152.64920476705424,11.615,2024-02-28 14:30:00,ridge_regression,4346.987456616842
53,Avg Draft (Calculated),-418.10358458230047,6.1,2024-11-09 07:30:00,ridge_regression,4346.987456616842
54,Avg Draft (Calculated),420.17340430795525,14.2,2024-08-23 03:15:00,ridge_regression,4346.987456616842
55,Avg Draft (Calculated),152.64920476705362,11.615,2024-02-29 22:45:00,ridge_regression,4346.987456616842
56,Avg Draft (Calculated),-20.180742325136407,9.945,2024-12-16 01:30:00,ridge_regression,4346.987456616842
57,Avg Draft (Calculated),471.9188974493292,14.7,2024-09-18 22:45:00,ridge_regression,4346.987456616842
58,Avg Draft (Calculated),-384.986468971821,6.42,2024-04-24 16:30:00,ridge_regression,4346.987456616842
59,Avg Draft (Calculated),152.64920476705325,11.615,2024-02-24 23:15:00,ridge_regression,4346.987456616842
60,Avg Draft (Calculated),471.91889744932934,14.7,2024-09-14 11:00:00,ridge_regression,4346.987456616842
61,Avg Draft (Calculated),-384.9864689718203,6.42,2024-04-27 12:45:00,ridge_regression,4346.987456616842
62,Avg Draft (Calculated),-350.83444349851413,6.75,2024-07-16 23:30:00,ridge_regression,4346.987456616842
63,Avg Draft (Calculated),-350.83444349851453,6.75,2024-07-18 08:00:00,ridge_regression,4346.987456616842
64,Avg Draft (Calculated),-413.44649019957643,6.145,2024-04-03 06:15:00,ridge_regression,4346.987456616842
65,Avg Draft (Calculated),425.3479536220924,14.25,2024-08-04 14:45:00,ridge_regression,4346.987456616842
66,Avg Draft (Calculated),152.64920476705316,11.615,2024-03-17 21:45:00,ridge_regression,4346.987456616842
67,Avg Draft (Calculated),425.3479536220923,14.25,2024-08-08 08:30:00,ridge_regression,4346.987456616842
68,Avg Draft (Calculated),-20.18074232513618,9.945,2024-12-25 00:15:00,ridge_regression,4346.987456616842
69,Avg Draft (Calculated),-20.180742325135952,9.945,2024-12-17 16:45:00,ridge_regression,4346.987456616842
70,Avg Draft (Calculated),420.17340430795554,14.2,2024-08-22 22:45:00,ridge_regression,4346.987456616842
71,Avg Draft (Calculated),152.64920476705376,11.615,2024-03-17 20:15:00,ridge_regression,4346.987456616842
72,Avg Draft (Calculated),152.64920476705342,11.615,2024-02-17 09:15:00,ridge_regression,4346.987456616842
73,Avg Draft (Calculated),152.64920476705248,11.615,2024-03-01 06:00:00,ridge_regression,4346.987456616842
74,Avg Draft (Calculated),420.17340430795554,14.2,2024-08-15 18:00:00,ridge_regression,4346.987456616842
75,Avg Draft (Calculated),-350.8344434985142,6.75,2024-07-17 19:00:00,ridge_regression,4346.987456616842
76,Avg Draft (Calculated),-413.4464901995771,6.145,2024-04-02 12:15:00,ridge_regression,4346.987456616842
77,Avg Draft (Calculated),425.3479536220922,14.25,2024-08-06 22:30:00,ridge_regression,4346.987456616842
78,Avg Draft (Calculated),-20.180742325135952,9.945,2024-12-17 15:00:00,ridge_regression,4346.987456616842
79,Avg Draft (Calculated),152.64920476705157,11.615,2024-02-20 16:15:00,ridge_regression,4346.987456616842
80,Avg Draft (Calculated),471.91889744932945,14.7,2024-09-19 23:30:00,ridge_regression,4346.987456616842
81,Avg Draft (Calculated),-418.1035845823009,6.1,2024-11-11 06:00:00,ridge_regression,4346.987456616842
82,Avg Draft (Calculated),420.17340430795497,14.2,2024-08-19 12:30:00,ridge_regression,4346.987456616842
83,Avg Draft (Calculated),471.9188974493289,14.7,2024-09-17 09:00:00,ridge_regression,4346.987456616842
84,Avg Draft (Calculated),-418.1035845823012,6.1,2024-11-13 04:45:00,ridge_regression,4346.987456616842
85,Avg Draft (Calculated),-416.55121978805914,6.115,2024-05-11 13:15:00,ridge_regression,4346.987456616842
86,Avg Draft (Calculated),-413.44649019957654,6.145,2024-04-15 05:00:00,ridge_regression,4346.987456616842
87,Avg Draft (Calculated),471.91889744932973,14.7,2024-09-14 10:00:00,ridge_regression,4346.987456616842
88,Avg Draft (Calculated),-384.9864689718209,6.42,2024-05-08 14:30:00,ridge_regression,4346.987456616842
89,Avg Draft (Calculated),-20.180742325135366,9.945,2024-12-26 19:15:00,ridge_regression,4346.987456616842
90,Avg Draft (Calculated),152.64920476705274,11.615,2024-02-28 15:45:00,ridge_regression,4346.987456616842
91,Avg Draft (Calculated),-350.8344434985142,6.75,2024-07-20 22:15:00,ridge_regression,4346.987456616842
92,Avg Draft (Calculated),152.64920476705265,11.615,2024-03-15 00:15:00,ridge_regression,4346.987456616842
93,Avg Draft (Calculated),-384.9864689718209,6.42,2024-04-26 14:00:00,ridge_regression,4346.987456616842
94,Avg Draft (Calculated),420.1734043079548,14.2,2024-08-20 10:00:00,ridge_regression,4346.987456616842
95,Avg Draft (Calculated),471.91889744932877,14.7,2024-09-14 14:30:00,ridge_regression,4346.987456616842
96,Avg Draft (Calculated),-20.180742325135952,9.945,2024-11-30 23:30:00,ridge_regression,4346.987456616842
97,Avg Draft (Calculated),-384.98646897182016,6.42,2024-04-28 19:00:00,ridge_regression,4346.987456616842
98,Avg Draft (Calculated),-384.98646897182147,6.42,2024-05-05 15:45:00,ridge_regression,4346.987456616842
99,Avg Draft (Calculated),-350.8344434985144,6.75,2024-07-16 12:00:00,ridge_regression,4346.987456616842
100,Avg Draft (Calculated),-350.8344434985144,6.75,2024-07-23 00:30:00,ridge_regression,4346.987456616842
101,Avg Draft (Calculated),-20.180742325134766,9.945,2024-12-22 13:15:00,ridge_regression,4346.987456616842
102,Avg Draft (Calculated),137.64301175605453,11.47,2024-03-26 15:00:00,ridge_regression,4346.987456616842
103,Avg Draft (Calculated),425.3479536220922,14.25,2024-08-08 16:15:00,ridge_regression,4346.987456616842
104,Avg Draft (Calculated),420.17340430795485,14.2,2024-08-14 09:30:00,ridge_regression,4346.987456616842
105,Avg Draft (Calculated),152.6492047670525,11.615,2024-02-26 12:00:00,ridge_regression,4346.987456616842
106,Avg Draft (Calculated),152.6492047670528,11.615,2024-02-28 09:30:00,ridge_regression,4346.987456616842
107,Avg Draft (Calculated),175.93467668067075,11.84,2024-02-09 05:45:00,ridge_regression,4346.987456616842
108,Avg Draft (Calculated),425.34795362209206,14.25,2024-08-04 02:30:00,ridge_regression,4346.987456616842
109,Avg Draft (Calculated),-350.8344434985148,6.75,2024-07-20 09:00:00,ridge_regression,4346.987456616842
110,Avg Draft (Calculated),152.6492047670522,11.615,2024-03-01 09:30:00,ridge_regression,4346.987456616842
111,Avg Draft (Calculated),471.9188974493295,14.7,2024-09-19 01:00:00,ridge_regression,4346.987456616842
112,Avg Draft (Calculated),425.34795362209303,14.25,2024-08-04 01:45:00,ridge_regression,4346.987456616842
113,Avg Draft (Calculated),-20.18074232513553,9.945,2024-12-22 01:45:00,ridge_regression,4346.987456616842
114,Avg Draft (Calculated),175.93467668067052,11.84,2024-02-13 18:00:00,ridge_regression,4346.987456616842
115,Avg Draft (Calculated),420.1734043079553,14.2,2024-08-17 03:45:00,ridge_regression,4346.987456616842
116,Avg Draft (Calculated),-20.180742325134815,9.945,2024-12-01 21:30:00,ridge_regression,4346.987456616842
117,Avg Draft (Calculated),137.64301175605485,11.47,2024-03-27 03:00:00,ridge_regression,4346.987456616842
118,Avg Draft (Calculated),-418.1035845823011,6.1,2024-10-23 08:00:00,ridge_regression,4346.987456616842
119,Avg Draft (Calculated),152.6492047670528,11.615,2024-02-17 12:45:00,ridge_regression,4346.987456616842
120,Avg Draft (Calculated),471.9188974493289,14.7,2024-09-19 03:30:00,ridge_regression,4346.987456616842
121,Avg Draft (Calculated),152.649204767052,11.615,2024-02-23 13:30:00,ridge_regression,4346.987456616842
122,Avg Draft (Calculated),-384.9864689718202,6.42,2024-04-28 09:30:00,ridge_regression,4346.987456616842
123,Avg Draft (Calculated),-384.9864689718214,6.42,2024-04-28 04:30:00,ridge_regression,4346.987456616842
124,Avg Draft (Calculated),-384.9864689718207,6.42,2024-04-26 23:15:00,ridge_regression,4346.987456616842
125,Avg Draft (Calculated),471.9188974493291,14.7,2024-09-18 01:00:00,ridge_regression,4346.987456616842
126,Avg Draft (Calculated),420.173404307955,14.2,2024-08-14 04:30:00,ridge_regression,4346.987456616842
127,Avg Draft (Calculated),-418.1035845823014,6.1,2024-11-13 15:00:00,ridge_regression,4346.987456616842
128,Avg Draft (Calculated),-384.9864689718214,6.42,2024-05-06 15:00:00,ridge_regression,4346.987456616842
129,Avg Draft (Calculated),-384.98646897182033,6.42,2024-04-28 11:45:00,ridge_regression,4346.987456616842
130,Avg Draft (Calculated),-418.10358458230127,6.1,2024-11-06 06:45:00,ridge_regression,4346.987456616842
131,Avg Draft (Calculated),420.17340430795446,14.2,2024-08-21 08:30:00,ridge_regression,4346.987456616842
132,Avg Draft (Calculated),-413.4464901995776,6.145,2024-04-11 21:30:00,ridge_regression,4346.987456616842
133,Avg Draft (Calculated),-418.10358458230115,6.1,2024-11-11 10:30:00,ridge_regression,4346.987456616842
134,Avg Draft (Calculated),-20.180742325135316,9.945,2024-12-15 14:45:00,ridge_regression,4346.987456616842
135,Avg Draft (Calculated),-413.44649019957654,6.145,2024-04-03 04:45:00,ridge_regression,4346.987456616842
136,Avg Draft (Calculated),-418.1035845823004,6.1,2024-10-26 06:15:00,ridge_regression,4346.987456616842
137,Avg Draft (Calculated),-384.9864689718205,6.42,2024-04-25 14:30:00,ridge_regression,4346.987456616842
138,Avg Draft (Calculated),-418.1035845823005,6.1,2024-10-18 10:45:00,ridge_regression,4346.987456616842
139,Avg Draft (Calculated),30.01238602199669,10.43,2024-06-02 01:30:00,ridge_regression,4346.987456616842
140,Avg Draft (Calculated),420.1734043079545,14.2,2024-08-22 23:30:00,ridge_regression,4346.987456616842
141,Avg Draft (Calculated),-20.180742325134833,9.945,2024-12-22 13:45:00,ridge_regression,4346.987456616842
142,Avg Draft (Calculated),420.17340430795474,14.2,2024-08-22 17:45:00,ridge_regression,4346.987456616842
143,Avg Draft (Calculated),137.6430117560547,11.47,2024-03-22 19:00:00,ridge_regression,4346.987456616842
144,Avg Draft (Calculated),425.347953622093,14.25,2024-08-02 04:45:00,ridge_regression,4346.987456616842
145,Avg Draft (Calculated),137.643011756055,11.47,2024-03-27 03:15:00,ridge_regression,4346.987456616842
146,Avg Draft (Calculated),152.64920476705245,11.615,2024-03-02 08:15:00,ridge_regression,4346.987456616842
147,Avg Draft (Calculated),152.6492047670524,11.615,2024-02-29 02:45:00,ridge_regression,4346.987456616842
148,Avg Draft (Calculated),420.17340430795554,14.2,2024-08-15 06:30:00,ridge_regression,4346.987456616842
149,Avg Draft (Calculated),152.6492047670526,11.615,2024-03-16 22:00:00,ridge_regression,4346.987456616842
150,Avg Draft (Calculated),420.17340430795537,14.2,2024-08-15 18:15:00,ridge_regression,4346.987456616842
151,Avg Draft (Calculated),-384.9864689718211,6.42,2024-05-11 03:00:00,ridge_regression,4346.987456616842
152,Avg Draft (Calculated),420.1734043079552,14.2,2024-08-22 13:15:00,ridge_regression,4346.987456616842
153,Avg Draft (Calculated),-418.1035845823003,6.1,2024-11-05 19:30:00,ridge_regression,4346.987456616842
154,Avg Draft (Calculated),30.012386021997212,10.43,2024-06-10 03:00:00,ridge_regression,4346.987456616842
155,Avg Draft (Calculated),-413.4464901995773,6.145,2024-04-14 12:00:00,ridge_regression,4346.987456616842
156,Avg Draft (Calculated),-350.83444349851476,6.75,2024-07-17 00:30:00,ridge_regression,4346.987456616842
157,Avg Draft (Calculated),420.17340430795434,14.2,2024-08-20 05:45:00,ridge_regression,4346.987456616842
158,Avg Draft (Calculated),-387.0562886974767,6.4,2024-11-19 00:00:00,ridge_regression,4346.987456616842
159,Avg Draft (Calculated),-20.18074232513618,9.945,2024-12-01 21:00:00,ridge_regression,4346.987456616842
160,Avg Draft (Calculated),-413.44649019957666,6.145,2024-04-02 14:30:00,ridge_regression,4346.987456616842
161,Avg Draft (Calculated),425.3479536220923,14.25,2024-08-10 14:15:00,ridge_regression,4346.987456616842
162,Avg Draft (Calculated),137.64301175605408,11.47,2024-03-24 01:15:00,ridge_regression,4346.987456616842
163,Avg Draft (Calculated),-418.1035845823008,6.1,2024-11-12 20:15:00,ridge_regression,4346.987456616842
164,Avg Draft (Calculated),30.012386021996846,10.43,2024-06-07 14:00:00,ridge_regression,4346.987456616842
165,Avg Draft (Calculated),-384.9864689718206,6.42,2024-05-10 12:45:00,ridge_regression,4346.987456616842
166,Avg Draft (Calculated),-384.98646897182,6.42,2024-04-25 01:30:00,ridge_regression,4346.987456616842
167,Avg Draft (Calculated),-20.18074232513527,9.945,2024-12-09 21:15:00,ridge_regression,4346.987456616842
168,Avg Draft (Calculated),137.64301175605402,11.47,2024-03-27 10:00:00,ridge_regression,4346.987456616842
169,Avg Draft (Calculated),152.64920476705294,11.615,2024-02-25 16:15:00,ridge_regression,4346.987456616842
170,Avg Draft (Calculated),-384.9864689718209,6.42,2024-04-25 04:00:00,ridge_regression,4346.987456616842
171,Avg Draft (Calculated),-34.15202547330735,9.81,2024-12-28 21:15:00,ridge_regression,4346.987456616842
172,Avg Draft (Calculated),152.6492047670529,11.615,2024-02-26 19:00:00,ridge_regression,4346.987456616842
173,Avg Draft (Calculated),420.173404307955,14.2,2024-08-27 13:00:00,ridge_regression,4346.987456616842
174,Avg Draft (Calculated),-384.98646897182095,6.42,2024-04-23 21:45:00,ridge_regression,4346.987456616842
175,Avg Draft (Calculated),152.64920476705288,11.615,2024-02-17 16:15:00,ridge_regression,4346.987456616842
176,Avg Draft (Calculated),420.17340430795446,14.2,2024-08-19 20:15:00,ridge_regression,4346.987456616842
177,Avg Draft (Calculated),425.3479536220925,14.25,2024-08-08 07:45:00,ridge_regression,4346.987456616842
178,Avg Draft (Calculated),137.64301175605414,11.47,2024-03-22 20:15:00,ridge_regression,4346.987456616842
179,Avg Draft (Calculated),420.1734043079549,14.2,2024-08-25 11:45:00,ridge_regression,4346.987456616842
180,Avg Draft (Calculated),-418.1035845823003,6.1,2024-10-31 09:00:00,ridge_regression,4346.987456616842
181,Avg Draft (Calculated),-20.180742325136407,9.945,2024-12-16 02:15:00,ridge_regression,4346.987456616842
182,Avg Draft (Calculated),-350.8344434985145,6.75,2024-07-18 00:00:00,ridge_regression,4346.987456616842
183,Avg Draft (Calculated),420.1734043079544,14.2,2024-08-17 22:30:00,ridge_regression,4346.987456616842
184,Avg Draft (Calculated),175.9346766806702,11.84,2024-02-14 13:45:00,ridge_regression,4346.987456616842
185,Avg Draft (Calculated),30.01238602199699,10.43,2024-06-08 10:30:00,ridge_regression,4346.987456616842
186,Avg Draft (Calculated),420.17340430795537,14.2,2024-08-14 20:30:00,ridge_regression,4346.987456616842
187,Avg Draft (Calculated),152.64920476705322,11.615,2024-02-28 03:15:00,ridge_regression,4346.987456616842
188,Avg Draft (Calculated),-418.10358458230075,6.1,2024-10-16 23:30:00,ridge_regression,4346.987456616842
189,Avg Draft (Calculated),-384.9864689718209,6.42,2024-05-06 03:00:00,ridge_regression,4346.987456616842
190,Avg Draft (Calculated),420.1734043079544,14.2,2024-08-18 20:15:00,ridge_regression,4346.987456616842
191,Avg Draft (Calculated),-418.1035845823013,6.1,2024-11-02 00:45:00,ridge_regression,4346.987456616842
192,Avg Draft (Calculated),-20.180742325135512,9.945,2024-12-23 18:30:00,ridge_regression,4346.987456616842
193,Avg Draft (Calculated),152.6492047670528,11.615,2024-02-20 05:30:00,ridge_regression,4346.987456616842
194,Avg Draft (Calculated),30.012386021996463,10.43,2024-06-01 18:45:00,ridge_regression,4346.987456616842
195,Avg Draft (Calculated),137.64301175605453,11.47,2024-03-23 23:15:00,ridge_regression,4346.987456616842
196,Avg Draft (Calculated),-418.1035845823011,6.1,2024-10-31 11:15:00,ridge_regression,4346.987456616842
197,Avg Draft (Calculated),152.6492047670528,11.615,2024-03-10 10:15:00,ridge_regression,4346.987456616842
198,Avg Draft (Calculated),152.64920476705257,11.615,2024-02-27 18:30:00,ridge_regression,4346.987456616842
199,Avg Draft (Calculated),-20.18074232513521,9.945,2024-12-14 09:30:00,ridge_regression,4346.987456616842
0,SOG - STW (calculated),-32.21868622147755,-0.7735992063492034,2024-12-22 11:30:00,ridge_regression,4346.987456616842
1,SOG - STW (calculated),29.938354991831602,-0.2038983050847456,2024-03-09 10:00:00,ridge_regression,4346.987456616842
2,SOG - STW (calculated),52.789748815186954,0.0055463435374161,2024-04-12 18:15:00,ridge_regression,4346.987456616842
3,SOG - STW (calculated),-14.629667752990372,-0.6123869047619053,2024-08-05 02:15:00,ridge_regression,4346.987456616842
4,SOG - STW (calculated),-109.07673585827249,-1.4780423280423278,2024-08-24 05:00:00,ridge_regression,4346.987456616842
5,SOG - STW (calculated),15.461135060745164,-0.3365893901420236,2024-04-28 22:15:00,ridge_regression,4346.987456616842
6,SOG - STW (calculated),42.56178815510373,-0.0881981187536737,2024-04-29 15:00:00,ridge_regression,4346.987456616842
7,SOG - STW (calculated),-132.60842422609286,-1.6937222222222204,2024-08-24 07:30:00,ridge_regression,4346.987456616842
8,SOG - STW (calculated),2.111154932686304,-0.4589487489911228,2024-12-20 13:45:00,ridge_regression,4346.987456616842
9,SOG - STW (calculated),30.363678366389014,-0.1999999999999993,2024-12-24 11:45:00,ridge_regression,4346.987456616842
10,SOG - STW (calculated),-32.52023946668793,-0.7763630952380964,2024-09-14 02:00:00,ridge_regression,4346.987456616842
11,SOG - STW (calculated),-66.99407489133546,-1.0923333333333325,2024-02-10 19:00:00,ridge_regression,4346.987456616842
12,SOG - STW (calculated),-95.37882942489789,-1.3524940476190466,2024-09-12 02:45:00,ridge_regression,4346.987456616842
13,SOG - STW (calculated),42.43564806403791,-0.0893542568542535,2024-05-05 15:30:00,ridge_regression,4346.987456616842
14,SOG - STW (calculated),-98.17052407689785,-1.3780813492063526,2024-09-15 02:15:00,ridge_regression,4346.987456616842
15,SOG - STW (calculated),80.85260917824401,0.2627567340067323,2024-04-02 01:45:00,ridge_regression,4346.987456616842
16,SOG - STW (calculated),15.843662308061084,-0.3330833333333345,2024-12-27 03:45:00,ridge_regression,4346.987456616842
17,SOG - STW (calculated),-6.396414579253133,-0.5369249512670589,2024-03-12 02:45:00,ridge_regression,4346.987456616842
18,SOG - STW (calculated),-12.658782479529918,-0.5943227386648449,2024-03-17 07:45:00,ridge_regression,4346.987456616842
19,SOG - STW (calculated),81.82602349985923,0.2716785714285716,2024-12-14 15:15:00,ridge_regression,4346.987456616842
20,SOG - STW (calculated),-21.918566036227503,-0.6791933653032771,2024-10-26 01:45:00,ridge_regression,4346.987456616842
21,SOG - STW (calculated),83.17597758250976,0.2840515873015832,2024-04-01 22:00:00,ridge_regression,4346.987456616842
22,SOG - STW (calculated),-4.665913668169594,-0.521064030131825,2024-05-11 08:45:00,ridge_regression,4346.987456616842
23,SOG - STW (calculated),24.923447914202313,-0.2498624794745492,2024-04-30 21:45:00,ridge_regression,4346.987456616842
24,SOG - STW (calculated),28.69261589867375,-0.2153161375661358,2024-08-02 07:15:00,ridge_regression,4346.987456616842
25,SOG - STW (calculated),-14.23711928389841,-0.6087889983579657,2024-02-28 08:00:00,ridge_regression,4346.987456616842
26,SOG - STW (calculated),56.71241584604036,0.041499582289056,2024-03-03 03:45:00,ridge_regression,4346.987456616842
27,SOG - STW (calculated),21.922352276123092,-0.2773690476190502,2024-11-11 13:30:00,ridge_regression,4346.987456616842
28,SOG - STW (calculated),-14.475796235056578,-0.6109765940274414,2024-02-28 17:45:00,ridge_regression,4346.987456616842
29,SOG - STW (calculated),-121.96637255427777,-1.5961824051654556,2024-02-17 22:00:00,ridge_regression,4346.987456616842
30,SOG - STW (calculated),-43.6380941454554,-0.8782638888888883,2024-11-20 07:00:00,ridge_regression,4346.987456616842
31,SOG - STW (calculated),-19.017018521606133,-0.6525992063492083,2024-02-25 02:30:00,ridge_regression,4346.987456616842
32,SOG - STW (calculated),31.867280151189057,-0.1862187247780493,2024-03-10 23:15:00,ridge_regression,4346.987456616842
33,SOG - STW (calculated),44.76809540609497,-0.067976190476191,2024-03-20 15:30:00,ridge_regression,4346.987456616842
34,SOG - STW (calculated),50.144965115025464,-0.0186944444444439,2024-08-17 00:15:00,ridge_regression,4346.987456616842
35,SOG - STW (calculated),-73.34083624153799,-1.1505046296296282,2024-06-05 05:15:00,ridge_regression,4346.987456616842
36,SOG - STW (calculated),33.2804248905952,-0.1732665343915354,2024-07-20 01:30:00,ridge_regression,4346.987456616842
37,SOG - STW (calculated),-10.73999890163077,-0.5767361111111118,2024-11-11 15:15:00,ridge_regression,4346.987456616842
38,SOG - STW (calculated),-24.629304526501528,-0.704038662486937,2024-02-14 05:30:00,ridge_regression,4346.987456616842
39,SOG - STW (calculated),-51.70577996204338,-0.9522083333333332,2024-02-16 01:00:00,ridge_regression,4346.987456616842
40,SOG - STW (calculated),-106.8213821025577,-1.4573708635996798,2024-09-12 03:30:00,ridge_regression,4346.987456616842
41,SOG - STW (calculated),84.56969949243711,0.2968257575757569,2024-05-02 05:30:00,ridge_regression,4346.987456616842
42,SOG - STW (calculated),-189.0677459621568,-2.2112006261158808,2024-09-15 14:15:00,ridge_regression,4346.987456616842
43,SOG - STW (calculated),-20.138227979390763,-0.6628756613756615,2024-08-22 00:30:00,ridge_regression,4346.987456616842
44,SOG - STW (calculated),-121.82928477417835,-1.594925925925926,2024-07-25 09:45:00,ridge_regression,4346.987456616842
45,SOG - STW (calculated),-14.544592070744784,-0.6116071428571423,2024-12-28 23:30:00,ridge_regression,4346.987456616842
46,SOG - STW (calculated),-162.48644098898998,-1.9675694444444431,2024-09-15 19:00:00,ridge_regression,4346.987456616842
47,SOG - STW (calculated),47.84819788991271,-0.0397454844006581,2024-04-10 16:45:00,ridge_regression,4346.987456616842
48,SOG - STW (calculated),63.52371146140197,0.1039285714285718,2024-10-20 09:15:00,ridge_regression,4346.987456616842
49,SOG - STW (calculated),-96.54376735040088,-1.3631712962962954,2024-07-24 18:30:00,ridge_regression,4346.987456616842
50,SOG - STW (calculated),51.858556714996475,-0.0029885057471261,2024-02-23 12:30:00,ridge_regression,4346.987456616842
51,SOG - STW (calculated),-16.28833718598662,-0.6275894538606401,2024-11-03 22:00:00,ridge_regression,4346.987456616842
52,SOG - STW (calculated),-3.4965012059203673,-0.5103457700491596,2024-02-28 14:30:00,ridge_regression,4346.987456616842
53,SOG - STW (calculated),-46.205456334442964,-0.9017950693374424,2024-11-09 07:30:00,ridge_regression,4346.987456616842
54,SOG - STW (calculated),-130.98946069186397,-1.678883597883596,2024-08-23 03:15:00,ridge_regression,4346.987456616842
55,SOG - STW (calculated),2.036525210131458,-0.4596327683615815,2024-02-29 22:45:00,ridge_regression,4346.987456616842
56,SOG - STW (calculated),53.06827812530805,0.0080992063492075,2024-12-16 01:30:00,ridge_regression,4346.987456616842
57,SOG - STW (calculated),-102.3666529982275,-1.4165410052910037,2024-09-18 22:45:00,ridge_regression,4346.987456616842
58,SOG - STW (calculated),6.892269505225272,-0.41512740183793,2024-04-24 16:30:00,ridge_regression,4346.987456616842
59,SOG - STW (calculated),-8.504868064015682,-0.5562500000000021,2024-02-24 23:15:00,ridge_regression,4346.987456616842
60,SOG - STW (calculated),-120.30340659202402,-1.5809404761904755,2024-09-14 11:00:00,ridge_regression,4346.987456616842
61,SOG - STW (calculated),191.2995563105095,1.275059187516817,2024-04-27 12:45:00,ridge_regression,4346.987456616842
62,SOG - STW (calculated),29.951673457942704,-0.2037762345679006,2024-07-16 23:30:00,ridge_regression,4346.987456616842
63,SOG - STW (calculated),107.78839410384077,0.5096369047619032,2024-07-18 08:00:00,ridge_regression,4346.987456616842
64,SOG - STW (calculated),85.33614000064826,0.3038505747126425,2024-04-03 06:15:00,ridge_regression,4346.987456616842
65,SOG - STW (calculated),-87.8856750604195,-1.283815476190476,2024-08-04 14:45:00,ridge_regression,4346.987456616842
66,SOG - STW (calculated),-28.37482103654444,-0.7383682266009846,2024-03-17 21:45:00,ridge_regression,4346.987456616842
67,SOG - STW (calculated),-105.96918076212864,-1.4495600048100066,2024-08-08 08:30:00,ridge_regression,4346.987456616842
68,SOG - STW (calculated),97.64187425009848,0.4166388888888885,2024-12-25 00:15:00,ridge_regression,4346.987456616842
69,SOG - STW (calculated),41.09317229719804,-0.1016587301587303,2024-12-17 16:45:00,ridge_regression,4346.987456616842
70,SOG - STW (calculated),-114.8480998461129,-1.5309398148148148,2024-08-22 22:45:00,ridge_regression,4346.987456616842
71,SOG - STW (calculated),-36.36127551381492,-0.8115681444991782,2024-03-17 20:15:00,ridge_regression,4346.987456616842
72,SOG - STW (calculated),-51.28926966615404,-0.948390804597704,2024-02-17 09:15:00,ridge_regression,4346.987456616842
73,SOG - STW (calculated),6.231207531640848,-0.4211863711001644,2024-03-01 06:00:00,ridge_regression,4346.987456616842
74,SOG - STW (calculated),-3.8304680469075265,-0.5134067460317464,2024-08-15 18:00:00,ridge_regression,4346.987456616842
75,SOG - STW (calculated),165.5489374542201,1.039041666666666,2024-07-17 19:00:00,ridge_regression,4346.987456616842
76,SOG - STW (calculated),-52.350587903002214,-0.958118326118324,2024-04-02 12:15:00,ridge_regression,4346.987456616842
77,SOG - STW (calculated),66.75110328846232,0.1335092592592559,2024-08-06 22:30:00,ridge_regression,4346.987456616842
78,SOG - STW (calculated),-45.08524665387771,-0.8915277777777781,2024-12-17 15:00:00,ridge_regression,4346.987456616842
79,SOG - STW (calculated),57.51143240672309,0.0488229755178899,2024-02-20 16:15:00,ridge_regression,4346.987456616842
80,SOG - STW (calculated),-21.702639167752523,-0.6772142857142853,2024-09-19 23:30:00,ridge_regression,4346.987456616842
81,SOG - STW (calculated),35.011018688127024,-0.1574047619047611,2024-11-11 06:00:00,ridge_regression,4346.987456616842
82,SOG - STW (calculated),-52.04673212371303,-0.955333333333332,2024-08-19 12:30:00,ridge_regression,4346.987456616842
83,SOG - STW (calculated),-161.30454565438626,-1.9567367724867677,2024-09-17 09:00:00,ridge_regression,4346.987456616842
84,SOG - STW (calculated),-60.251701406333616,-1.030536050578423,2024-11-13 04:45:00,ridge_regression,4346.987456616842
85,SOG - STW (calculated),-0.7690423514530949,-0.4853472222222237,2024-05-11 13:15:00,ridge_regression,4346.987456616842
86,SOG - STW (calculated),65.53846813991878,0.1223948412698412,2024-04-15 05:00:00,ridge_regression,4346.987456616842
87,SOG - STW (calculated),-120.57616832136034,-1.583440476190475,2024-09-14 10:00:00,ridge_regression,4346.987456616842
88,SOG - STW (calculated),14.740204010439129,-0.343197089947088,2024-05-08 14:30:00,ridge_regression,4346.987456616842
89,SOG - STW (calculated),20.671977872436855,-0.2888293650793674,2024-12-26 19:15:00,ridge_regression,4346.987456616842
90,SOG - STW (calculated),-1.8535399052393586,-0.4952871939736329,2024-02-28 15:45:00,ridge_regression,4346.987456616842
91,SOG - STW (calculated),-45.2616037085068,-0.893144179894179,2024-07-20 22:15:00,ridge_regression,4346.987456616842
92,SOG - STW (calculated),-38.02928890792009,-0.8268563357546395,2024-03-15 00:15:00,ridge_regression,4346.987456616842
93,SOG - STW (calculated),87.6182718757469,0.3247674742411544,2024-04-26 14:00:00,ridge_regression,4346.987456616842
94,SOG - STW (calculated),-40.43581371569861,-0.8489133597883605,2024-08-20 10:00:00,ridge_regression,4346.987456616842
95,SOG - STW (calculated),-142.4406536817454,-1.7838396067209636,2024-09-14 14:30:00,ridge_regression,4346.987456616842
96,SOG - STW (calculated),-32.2601918748976,-0.7739796267762369,2024-11-30 23:30:00,ridge_regression,4346.987456616842
97,SOG - STW (calculated),43.27350445240976,-0.0816748768472894,2024-04-28 19:00:00,ridge_regression,4346.987456616842
98,SOG - STW (calculated),36.6795315312131,-0.142111992945324,2024-05-05 15:45:00,ridge_regression,4346.987456616842
99,SOG - STW (calculated),8.4529018308655,-0.4008234126984096,2024-07-16 12:00:00,ridge_regression,4346.987456616842
100,SOG - STW (calculated),-40.315163553939726,-0.84780753968254,2024-07-23 00:30:00,ridge_regression,4346.987456616842
101,SOG - STW (calculated),39.90749699972508,-0.1125260473989282,2024-12-22 13:15:00,ridge_regression,4346.987456616842
102,SOG - STW (calculated),-34.61384690994237,-0.795552072448622,2024-03-26 15:00:00,ridge_regression,4346.987456616842
103,SOG - STW (calculated),65.01452027835582,0.117592592592592,2024-08-08 16:15:00,ridge_regression,4346.987456616842
104,SOG - STW (calculated),-135.32189831867487,-1.718592592592595,2024-08-14 09:30:00,ridge_regression,4346.987456616842
105,SOG - STW (calculated),5.950637680550244,-0.423757936507938,2024-02-26 12:00:00,ridge_regression,4346.987456616842
106,SOG - STW (calculated),23.72206387239234,-0.2608737753474592,2024-02-28 09:30:00,ridge_regression,4346.987456616842
107,SOG - STW (calculated),51.32087123705287,-0.0079166666666665,2024-02-09 05:45:00,ridge_regression,4346.987456616842
108,SOG - STW (calculated),58.78999659204113,0.0605416666666638,2024-08-04 02:30:00,ridge_regression,4346.987456616842
109,SOG - STW (calculated),-12.528318715064643,-0.59312697189816,2024-07-20 09:00:00,ridge_regression,4346.987456616842
110,SOG - STW (calculated),-29.283409977451583,-0.7466959064327483,2024-03-01 09:30:00,ridge_regression,4346.987456616842
111,SOG - STW (calculated),-47.135000538407844,-0.9103148148148144,2024-09-19 01:00:00,ridge_regression,4346.987456616842
112,SOG - STW (calculated),27.11413366871875,-0.2297837301587293,2024-08-04 01:45:00,ridge_regression,4346.987456616842
113,SOG - STW (calculated),-4.187872503364588,-0.5166825396825399,2024-12-22 01:45:00,ridge_regression,4346.987456616842
114,SOG - STW (calculated),-26.756458308736228,-0.7235351089588367,2024-02-13 18:00:00,ridge_regression,4346.987456616842
115,SOG - STW (calculated),-39.47054026243728,-0.84006613756614,2024-08-17 03:45:00,ridge_regression,4346.987456616842
116,SOG - STW (calculated),-72.95391867733188,-1.146958333333333,2024-12-01 21:30:00,ridge_regression,4346.987456616842
117,SOG - STW (calculated),43.542523146050485,-0.0792091836734698,2024-03-27 03:00:00,ridge_regression,4346.987456616842
118,SOG - STW (calculated),62.52899705957657,0.0948115079365106,2024-10-23 08:00:00,ridge_regression,4346.987456616842
119,SOG - STW (calculated),-217.8023839412497,-2.4745682001614195,2024-02-17 12:45:00,ridge_regression,4346.987456616842
120,SOG - STW (calculated),-95.26676620646947,-1.3514669312169332,2024-09-19 03:30:00,ridge_regression,4346.987456616842
121,SOG - STW (calculated),45.16984790398442,-0.0642939244663374,2024-02-23 13:30:00,ridge_regression,4346.987456616842
122,SOG - STW (calculated),96.23919503897535,0.4037826203927892,2024-04-28 09:30:00,ridge_regression,4346.987456616842
123,SOG - STW (calculated),50.72471404331378,-0.0133807506053287,2024-04-28 04:30:00,ridge_regression,4346.987456616842
124,SOG - STW (calculated),143.56802218829426,0.8375753968253932,2024-04-26 23:15:00,ridge_regression,4346.987456616842
125,SOG - STW (calculated),-104.38667729744346,-1.4350555555555555,2024-09-18 01:00:00,ridge_regression,4346.987456616842
126,SOG - STW (calculated),47.559744483870645,-0.0423893065998353,2024-08-14 04:30:00,ridge_regression,4346.987456616842
127,SOG - STW (calculated),109.32380838277787,0.5237097576752774,2024-11-13 15:00:00,ridge_regression,4346.987456616842
128,SOG - STW (calculated),9.307279053940988,-0.3929926108374388,2024-05-06 15:00:00,ridge_regression,4346.987456616842
129,SOG - STW (calculated),51.753788384462496,-0.0039487607908661,2024-04-28 11:45:00,ridge_regression,4346.987456616842
130,SOG - STW (calculated),12.058479960425984,-0.3677764550264566,2024-11-06 06:45:00,ridge_regression,4346.987456616842
131,SOG - STW (calculated),-89.40541971162311,-1.297744708994708,2024-08-21 08:30:00,ridge_regression,4346.987456616842
132,SOG - STW (calculated),23.63046565147863,-0.2617133196370478,2024-04-11 21:30:00,ridge_regression,4346.987456616842
133,SOG - STW (calculated),21.103417655426256,-0.2848749999999977,2024-11-11 10:30:00,ridge_regression,4346.987456616842
134,SOG - STW (calculated),-8.220826714293821,-0.5536466165413518,2024-12-15 14:45:00,ridge_regression,4346.987456616842
135,SOG - STW (calculated),88.79227147607939,0.3355277777777754,2024-04-03 04:45:00,ridge_regression,4346.987456616842
136,SOG - STW (calculated),-58.83724510726764,-1.0175718390804604,2024-10-26 06:15:00,ridge_regression,4346.987456616842
137,SOG - STW (calculated),133.53703164006254,0.7456362658057607,2024-04-25 14:30:00,ridge_regression,4346.987456616842
138,SOG - STW (calculated),92.7704796506907,0.3719900793650783,2024-10-18 10:45:00,ridge_regression,4346.987456616842
139,SOG - STW (calculated),48.974179807073895,-0.0294252873563216,2024-06-02 01:30:00,ridge_regression,4346.987456616842
140,SOG - STW (calculated),-105.03636254349595,-1.4410102513227514,2024-08-22 23:30:00,ridge_regression,4346.987456616842
141,SOG - STW (calculated),75.49968319976396,0.2136944444444442,2024-12-22 13:45:00,ridge_regression,4346.987456616842
142,SOG - STW (calculated),-124.30066479217777,-1.6175773809523832,2024-08-22 17:45:00,ridge_regression,4346.987456616842
143,SOG - STW (calculated),18.842742465380926,-0.3055952380952398,2024-03-22 19:00:00,ridge_regression,4346.987456616842
144,SOG - STW (calculated),-33.262306206976646,-0.783164514393329,2024-08-02 04:45:00,ridge_regression,4346.987456616842
145,SOG - STW (calculated),49.82387192136778,-0.0216374269005861,2024-03-27 03:15:00,ridge_regression,4346.987456616842
146,SOG - STW (calculated),61.781067079530885,0.0879563492063457,2024-03-02 08:15:00,ridge_regression,4346.987456616842
147,SOG - STW (calculated),5.270316173676974,-0.4299934291898601,2024-02-29 02:45:00,ridge_regression,4346.987456616842
148,SOG - STW (calculated),1.542505065889145,-0.4641607142857147,2024-08-15 06:30:00,ridge_regression,4346.987456616842
149,SOG - STW (calculated),17.587025835732675,-0.317104519774011,2024-03-16 22:00:00,ridge_regression,4346.987456616842
150,SOG - STW (calculated),1.5806051169711282,-0.4638115079365086,2024-08-15 18:15:00,ridge_regression,4346.987456616842
151,SOG - STW (calculated),11.964908483297393,-0.368634085213035,2024-05-11 03:00:00,ridge_regression,4346.987456616842
152,SOG - STW (calculated),-80.16370391188796,-1.2130396825396836,2024-08-22 13:15:00,ridge_regression,4346.987456616842
153,SOG - STW (calculated),26.420250920226636,-0.2361435185185172,2024-11-05 19:30:00,ridge_regression,4346.987456616842
154,SOG - STW (calculated),-153.81763367116017,-1.88811541565779,2024-06-10 03:00:00,ridge_regression,4346.987456616842
155,SOG - STW (calculated),105.28919156477275,0.486730442176869,2024-04-14 12:00:00,ridge_regression,4346.987456616842
156,SOG - STW (calculated),4.083590859163294,-0.4408703703703676,2024-07-17 00:30:00,ridge_regression,4346.987456616842
157,SOG - STW (calculated),-58.299253574838005,-1.012640873015874,2024-08-20 05:45:00,ridge_regression,4346.987456616842
158,SOG - STW (calculated),24.9877193561736,-0.2492733990147773,2024-11-19 00:00:00,ridge_regression,4346.987456616842
159,SOG - STW (calculated),-73.1498308718154,-1.1487539682539678,2024-12-01 21:00:00,ridge_regression,4346.987456616842
160,SOG - STW (calculated),-156.90796881820677,-1.9164399092970523,2024-04-02 14:30:00,ridge_regression,4346.987456616842
161,SOG - STW (calculated),31.182721225869006,-0.1924930555555573,2024-08-10 14:15:00,ridge_regression,4346.987456616842
162,SOG - STW (calculated),-54.27859301077219,-0.9757894736842108,2024-03-24 01:15:00,ridge_regression,4346.987456616842
163,SOG - STW (calculated),95.99913426353578,0.4015823412698402,2024-11-12 20:15:00,ridge_regression,4346.987456616842
164,SOG - STW (calculated),-36.33753509890249,-0.8113505515200448,2024-06-07 14:00:00,ridge_regression,4346.987456616842
165,SOG - STW (calculated),127.16004292845496,0.6871879203658882,2024-05-10 12:45:00,ridge_regression,4346.987456616842
166,SOG - STW (calculated),74.0221267908598,0.2001518883415443,2024-04-25 01:30:00,ridge_regression,4346.987456616842
167,SOG - STW (calculated),8.239671431344277,-0.4027777777777803,2024-12-09 21:15:00,ridge_regression,4346.987456616842
168,SOG - STW (calculated),-4.226898182645073,-0.51704022988506,2024-03-27 10:00:00,ridge_regression,4346.987456616842
169,SOG - STW (calculated),-7.3770740803577155,-0.5459131944444451,2024-02-25 16:15:00,ridge_regression,4346.987456616842
170,SOG - STW (calculated),228.30195354439584,1.61420498084291,2024-04-25 04:00:00,ridge_regression,4346.987456616842
171,SOG - STW (calculated),-14.019918819452869,-0.6067982456140335,2024-12-28 21:15:00,ridge_regression,4346.987456616842
172,SOG - STW (calculated),4.972203884408827,-0.4327257799671606,2024-02-26 19:00:00,ridge_regression,4346.987456616842
173,SOG - STW (calculated),-87.57423600650007,-1.280960978835978,2024-08-27 13:00:00,ridge_regression,4346.987456616842
174,SOG - STW (calculated),100.57714856301125,0.4435421711057294,2024-04-23 21:45:00,ridge_regression,4346.987456616842
175,SOG - STW (calculated),-192.79796526883894,-2.2453899835796403,2024-02-17 16:15:00,ridge_regression,4346.987456616842
176,SOG - STW (calculated),-42.15673818208419,-0.864686507936506,2024-08-19 20:15:00,ridge_regression,4346.987456616842
177,SOG - STW (calculated),-81.70596222963891,-1.2271752645502634,2024-08-08 07:45:00,ridge_regression,4346.987456616842
178,SOG - STW (calculated),20.62742906868948,-0.2892376775271508,2024-03-22 20:15:00,ridge_regression,4346.987456616842
179,SOG - STW (calculated),30.521490509791544,-0.1985535714285724,2024-08-25 11:45:00,ridge_regression,4346.987456616842
180,SOG - STW (calculated),72.51813772504329,0.1863670634920637,2024-10-31 09:00:00,ridge_regression,4346.987456616842
181,SOG - STW (calculated),25.610552675550313,-0.2435648148148175,2024-12-16 02:15:00,ridge_regression,4346.987456616842
182,SOG - STW (calculated),84.0825856162086,0.292361111111111,2024-07-18 00:00:00,ridge_regression,4346.987456616842
183,SOG - STW (calculated),-101.85320305434419,-1.4118349753694588,2024-08-17 22:30:00,ridge_regression,4346.987456616842
184,SOG - STW (calculated),-67.84046280297207,-1.1000909090909072,2024-02-14 13:45:00,ridge_regression,4346.987456616842
185,SOG - STW (calculated),24.177336674641566,-0.2567009685230044,2024-06-08 10:30:00,ridge_regression,4346.987456616842
186,SOG - STW (calculated),-124.41396327805437,-1.618615819209035,2024-08-14 20:30:00,ridge_regression,4346.987456616842
187,SOG - STW (calculated),-34.66775101069427,-0.7960461309523836,2024-02-28 03:15:00,ridge_regression,4346.987456616842
188,SOG - STW (calculated),-78.39703052052944,-1.1968472222222228,2024-10-16 23:30:00,ridge_regression,4346.987456616842
189,SOG - STW (calculated),2.8442909918554324,-0.4522291840712871,2024-05-06 03:00:00,ridge_regression,4346.987456616842
190,SOG - STW (calculated),-100.4026963878193,-1.3985403439153448,2024-08-18 20:15:00,ridge_regression,4346.987456616842
191,SOG - STW (calculated),55.3355198014292,0.0288796296296283,2024-11-02 00:45:00,ridge_regression,4346.987456616842
192,SOG - STW (calculated),-52.022486636661405,-0.95511111111111,2024-12-23 18:30:00,ridge_regression,4346.987456616842
193,SOG - STW (calculated),59.630342811694646,0.0682438672438685,2024-02-20 05:30:00,ridge_regression,4346.987456616842
194,SOG - STW (calculated),56.04065178749108,0.0353425229741013,2024-06-01 18:45:00,ridge_regression,4346.987456616842
195,SOG - STW (calculated),-68.37606765330554,-1.1050000000000004,2024-03-23 23:15:00,ridge_regression,4346.987456616842
196,SOG - STW (calculated),88.30765037178799,0.3310859788359757,2024-10-31 11:15:00,ridge_regression,4346.987456616842
197,SOG - STW (calculated),33.433403591461875,-0.1718644067796599,2024-03-10 10:15:00,ridge_regression,4346.987456616842
198,SOG - STW (calculated),-35.20068433110166,-0.800930735930736,2024-02-27 18:30:00,ridge_regression,4346.987456616842
199,SOG - STW (calculated),6.089111161659503,-0.4224887566137614,2024-12-14 09:30:00,ridge_regression,4346.987456616842
0,cumulative_fouling_penalty_index (calculated),668.243319644793,7567.553369004634,2024-12-22 11:30:00,ridge_regression,4346.987456616842
1,cumulative_fouling_penalty_index (calculated),-272.4241153277195,1097.801644858641,2024-03-09 10:00:00,ridge_regression,4346.987456616842
2,cumulative_fouling_penalty_index (calculated),-141.9522893566791,1995.1648251342367,2024-04-12 18:15:00,ridge_regression,4346.987456616842
3,cumulative_fouling_penalty_index (calculated),-212.61731465948546,1509.142717541013,2024-08-05 02:15:00,ridge_regression,4346.987456616842
4,cumulative_fouling_penalty_index (calculated),-34.95915788065949,2731.0455105956003,2024-08-24 05:00:00,ridge_regression,4346.987456616842
5,cumulative_fouling_penalty_index (calculated),-68.30822277423853,2501.676275441629,2024-04-28 22:15:00,ridge_regression,4346.987456616842
6,cumulative_fouling_penalty_index (calculated),-66.04647197883331,2517.232215366977,2024-04-29 15:00:00,ridge_regression,4346.987456616842
7,cumulative_fouling_penalty_index (calculated),-34.57017222931614,2733.720888199718,2024-08-24 07:30:00,ridge_regression,4346.987456616842
8,cumulative_fouling_penalty_index (calculated),662.9822630614301,7531.368710499868,2024-12-20 13:45:00,ridge_regression,4346.987456616842
9,cumulative_fouling_penalty_index (calculated),671.9415874851766,7592.989430514912,2024-12-24 11:45:00,ridge_regression,4346.987456616842
10,cumulative_fouling_penalty_index (calculated),49.89926404108022,3314.6874026448627,2024-09-14 02:00:00,ridge_regression,4346.987456616842
11,cumulative_fouling_penalty_index (calculated),-359.1827258550438,501.0905765520628,2024-02-10 19:00:00,ridge_regression,4346.987456616842
12,cumulative_fouling_penalty_index (calculated),44.749481590072946,3279.268068826471,2024-09-12 02:45:00,ridge_regression,4346.987456616842
13,cumulative_fouling_penalty_index (calculated),-31.311879074709474,2756.1308781398952,2024-05-05 15:30:00,ridge_regression,4346.987456616842
14,cumulative_fouling_penalty_index (calculated),52.72620152639671,3334.130601154451,2024-09-15 02:15:00,ridge_regression,4346.987456616842
15,cumulative_fouling_penalty_index (calculated),-190.6511547196419,1660.2222551757163,2024-04-02 01:45:00,ridge_regression,4346.987456616842
16,cumulative_fouling_penalty_index (calculated),672.6340506663963,7597.752075307371,2024-12-27 03:45:00,ridge_regression,4346.987456616842
17,cumulative_fouling_penalty_index (calculated),-265.8428817557804,1143.0662576920856,2024-03-12 02:45:00,ridge_regression,4346.987456616842
18,cumulative_fouling_penalty_index (calculated),-253.84588897273906,1225.5795475721852,2024-03-17 07:45:00,ridge_regression,4346.987456616842
19,cumulative_fouling_penalty_index (calculated),643.5325646655194,7397.596970294197,2024-12-14 15:15:00,ridge_regression,4346.987456616842
20,cumulative_fouling_penalty_index (calculated),153.3872109415284,4026.460020676516,2024-10-26 01:45:00,ridge_regression,4346.987456616842
21,cumulative_fouling_penalty_index (calculated),-191.38981706497202,1655.1418603362808,2024-04-01 22:00:00,ridge_regression,4346.987456616842
22,cumulative_fouling_penalty_index (calculated),-11.436392716338968,2892.8311160290336,2024-05-11 08:45:00,ridge_regression,4346.987456616842
23,cumulative_fouling_penalty_index (calculated),-61.25107375508102,2550.214154331404,2024-04-30 21:45:00,ridge_regression,4346.987456616842
24,cumulative_fouling_penalty_index (calculated),-222.65270771882987,1440.1209792153172,2024-08-02 07:15:00,ridge_regression,4346.987456616842
25,cumulative_fouling_penalty_index (calculated),-298.9360365433724,915.4571290198388,2024-02-28 08:00:00,ridge_regression,4346.987456616842
26,cumulative_fouling_penalty_index (calculated),-288.5155746694066,987.1273056082964,2024-03-03 03:45:00,ridge_regression,4346.987456616842
27,cumulative_fouling_penalty_index (calculated),214.86826041089074,4449.31629380596,2024-11-11 13:30:00,ridge_regression,4346.987456616842
28,cumulative_fouling_penalty_index (calculated),-297.8916646101414,922.6401427656788,2024-02-28 17:45:00,ridge_regression,4346.987456616842
29,cumulative_fouling_penalty_index (calculated),-334.5587567659289,670.4500765694837,2024-02-17 22:00:00,ridge_regression,4346.987456616842
30,cumulative_fouling_penalty_index (calculated),343.4276908806196,5333.52634085735,2024-11-20 07:00:00,ridge_regression,4346.987456616842
31,cumulative_fouling_penalty_index (calculated),-308.2315298371967,851.5242963006214,2024-02-25 02:30:00,ridge_regression,4346.987456616842
32,cumulative_fouling_penalty_index (calculated),-268.5510171839393,1124.4401596640828,2024-03-10 23:15:00,ridge_regression,4346.987456616842
33,cumulative_fouling_penalty_index (calculated),-243.3657202061254,1297.6603780828257,2024-03-20 15:30:00,ridge_regression,4346.987456616842
34,cumulative_fouling_penalty_index (calculated),-94.86273247712613,2319.0388431814977,2024-08-17 00:15:00,ridge_regression,4346.987456616842
35,cumulative_fouling_penalty_index (calculated),211.57221807602846,4426.646671380408,2024-06-05 05:15:00,ridge_regression,4346.987456616842
36,cumulative_fouling_penalty_index (calculated),-384.13536976225265,329.47050665415645,2024-07-20 01:30:00,ridge_regression,4346.987456616842
37,cumulative_fouling_penalty_index (calculated),215.00402290446766,4450.250045304347,2024-11-11 15:15:00,ridge_regression,4346.987456616842
38,cumulative_fouling_penalty_index (calculated),-346.91584499285136,585.460111052185,2024-02-14 05:30:00,ridge_regression,4346.987456616842
39,cumulative_fouling_penalty_index (calculated),-340.7674789373665,627.7475342256223,2024-02-16 01:00:00,ridge_regression,4346.987456616842
40,cumulative_fouling_penalty_index (calculated),44.81928448707392,3279.7481613612285,2024-09-12 03:30:00,ridge_regression,4346.987456616842
41,cumulative_fouling_penalty_index (calculated),-55.711119274442396,2588.317025463377,2024-05-02 05:30:00,ridge_regression,4346.987456616842
42,cumulative_fouling_penalty_index (calculated),54.231741088750844,3344.485447954899,2024-09-15 14:15:00,ridge_regression,4346.987456616842
43,cumulative_fouling_penalty_index (calculated),-42.853916721580404,2676.746692837274,2024-08-22 00:30:00,ridge_regression,4346.987456616842
44,cumulative_fouling_penalty_index (calculated),-341.3510697885424,623.7336949289537,2024-07-25 09:45:00,ridge_regression,4346.987456616842
45,cumulative_fouling_penalty_index (calculated),672.6351259735893,7597.759471088608,2024-12-28 23:30:00,ridge_regression,4346.987456616842
46,cumulative_fouling_penalty_index (calculated),54.8265448489313,3348.5764077456665,2024-09-15 19:00:00,ridge_regression,4346.987456616842
47,cumulative_fouling_penalty_index (calculated),-152.00468985831327,1926.026112493296,2024-04-10 16:45:00,ridge_regression,4346.987456616842
48,cumulative_fouling_penalty_index (calculated),133.12644874108875,3887.109920624802,2024-10-20 09:15:00,ridge_regression,4346.987456616842
49,cumulative_fouling_penalty_index (calculated),-343.5351160746689,608.7121934929069,2024-07-24 18:30:00,ridge_regression,4346.987456616842
50,cumulative_fouling_penalty_index (calculated),-315.03261840661077,804.7475579315374,2024-02-23 12:30:00,ridge_regression,4346.987456616842
51,cumulative_fouling_penalty_index (calculated),196.77744108927055,4324.890694337119,2024-11-03 22:00:00,ridge_regression,4346.987456616842
52,cumulative_fouling_penalty_index (calculated),-298.2412901872634,920.2354771035168,2024-02-28 14:30:00,ridge_regression,4346.987456616842
53,cumulative_fouling_penalty_index (calculated),207.11183408108005,4395.968903692503,2024-11-09 07:30:00,ridge_regression,4346.987456616842
54,cumulative_fouling_penalty_index (calculated),-38.94294472293075,2703.645697619014,2024-08-23 03:15:00,ridge_regression,4346.987456616842
55,cumulative_fouling_penalty_index (calculated),-294.37581494786434,946.821562860252,2024-02-29 22:45:00,ridge_regression,4346.987456616842
56,cumulative_fouling_penalty_index (calculated),648.6527137725743,7432.812490978426,2024-12-16 01:30:00,ridge_regression,4346.987456616842
57,cumulative_fouling_penalty_index (calculated),66.38454219834874,3428.070361186562,2024-09-18 22:45:00,ridge_regression,4346.987456616842
58,cumulative_fouling_penalty_index (calculated),-76.49110548256495,2445.3957903919645,2024-04-24 16:30:00,ridge_regression,4346.987456616842
59,cumulative_fouling_penalty_index (calculated),-308.6779592397826,848.4538302786233,2024-02-24 23:15:00,ridge_regression,4346.987456616842
60,cumulative_fouling_penalty_index (calculated),50.99922896387039,3322.252775582353,2024-09-14 11:00:00,ridge_regression,4346.987456616842
61,cumulative_fouling_penalty_index (calculated),-70.5628874688008,2486.169072520933,2024-04-27 12:45:00,ridge_regression,4346.987456616842
62,cumulative_fouling_penalty_index (calculated),-392.7612983945608,270.14282657679684,2024-07-16 23:30:00,ridge_regression,4346.987456616842
63,cumulative_fouling_penalty_index (calculated),-389.8104262624797,290.4384266523184,2024-07-18 08:00:00,ridge_regression,4346.987456616842
64,cumulative_fouling_penalty_index (calculated),-185.37337192973473,1696.521953703778,2024-04-03 06:15:00,ridge_regression,4346.987456616842
65,cumulative_fouling_penalty_index (calculated),-214.2637222018421,1497.8190045689405,2024-08-04 14:45:00,ridge_regression,4346.987456616842
66,cumulative_fouling_penalty_index (calculated),-252.03963574695499,1238.002652154411,2024-03-17 21:45:00,ridge_regression,4346.987456616842
67,cumulative_fouling_penalty_index (calculated),-180.50179338311605,1730.0278480608251,2024-08-08 08:30:00,ridge_regression,4346.987456616842
68,cumulative_fouling_penalty_index (calculated),672.2748961143394,7595.281870965187,2024-12-25 00:15:00,ridge_regression,4346.987456616842
69,cumulative_fouling_penalty_index (calculated),654.3388570829179,7471.920824187508,2024-12-17 16:45:00,ridge_regression,4346.987456616842
70,cumulative_fouling_penalty_index (calculated),-39.594562036735056,2699.163983803127,2024-08-22 22:45:00,ridge_regression,4346.987456616842
71,cumulative_fouling_penalty_index (calculated),-252.22344897798104,1236.738415800367,2024-03-17 20:15:00,ridge_regression,4346.987456616842
72,cumulative_fouling_penalty_index (calculated),-336.38982286069984,657.8563132656457,2024-02-17 09:15:00,ridge_regression,4346.987456616842
73,cumulative_fouling_penalty_index (calculated),-293.65781875141283,951.7598194185427,2024-03-01 06:00:00,ridge_regression,4346.987456616842
74,cumulative_fouling_penalty_index (calculated),-100.5294135718391,2280.0643678040487,2024-08-15 18:00:00,ridge_regression,4346.987456616842
75,cumulative_fouling_penalty_index (calculated),-390.9634972625529,282.5077990857309,2024-07-17 19:00:00,ridge_regression,4346.987456616842
76,cumulative_fouling_penalty_index (calculated),-188.70876018930238,1673.5817166542558,2024-04-02 12:15:00,ridge_regression,4346.987456616842
77,cumulative_fouling_penalty_index (calculated),-203.00472861848485,1575.25646061333,2024-08-06 22:30:00,ridge_regression,4346.987456616842
78,cumulative_fouling_penalty_index (calculated),654.1271582743882,7470.464795541713,2024-12-17 15:00:00,ridge_regression,4346.987456616842
79,cumulative_fouling_penalty_index (calculated),-324.69917720198237,738.2625993715008,2024-02-20 16:15:00,ridge_regression,4346.987456616842
80,cumulative_fouling_penalty_index (calculated),70.47099714880163,3456.176308068957,2024-09-19 23:30:00,ridge_regression,4346.987456616842
81,cumulative_fouling_penalty_index (calculated),214.2622947409647,4445.1485642853895,2024-11-11 06:00:00,ridge_regression,4346.987456616842
82,cumulative_fouling_penalty_index (calculated),-53.84714530808405,2601.137123549333,2024-08-19 12:30:00,ridge_regression,4346.987456616842
83,cumulative_fouling_penalty_index (calculated),60.680455359169116,3388.8386154170903,2024-09-17 09:00:00,ridge_regression,4346.987456616842
84,cumulative_fouling_penalty_index (calculated),219.00222081806453,4477.74897519526,2024-11-13 04:45:00,ridge_regression,4346.987456616842
85,cumulative_fouling_penalty_index (calculated),-11.175466378424204,2894.6257233066326,2024-05-11 13:15:00,ridge_regression,4346.987456616842
86,cumulative_fouling_penalty_index (calculated),-130.50015319685636,2073.930683194726,2024-04-15 05:00:00,ridge_regression,4346.987456616842
87,cumulative_fouling_penalty_index (calculated),50.88841880663531,3321.490642038481,2024-09-14 10:00:00,ridge_regression,4346.987456616842
88,cumulative_fouling_penalty_index (calculated),-26.19370484423338,2791.3328159565963,2024-05-08 14:30:00,ridge_regression,4346.987456616842
89,cumulative_fouling_penalty_index (calculated),672.6220005194403,7597.669196432071,2024-12-26 19:15:00,ridge_regression,4346.987456616842
90,cumulative_fouling_penalty_index (calculated),-298.1053864692557,921.1701999196856,2024-02-28 15:45:00,ridge_regression,4346.987456616842
91,cumulative_fouling_penalty_index (calculated),-381.55350886053014,347.22810981909527,2024-07-20 22:15:00,ridge_regression,4346.987456616842
92,cumulative_fouling_penalty_index (calculated),-259.3134377620719,1187.9746705545415,2024-03-15 00:15:00,ridge_regression,4346.987456616842
93,cumulative_fouling_penalty_index (calculated),-72.17223631697539,2475.10024298764,2024-04-26 14:00:00,ridge_regression,4346.987456616842
94,cumulative_fouling_penalty_index (calculated),-49.93922576063284,2628.0151340873363,2024-08-20 10:00:00,ridge_regression,4346.987456616842
95,cumulative_fouling_penalty_index (calculated),51.394886552033164,3324.974041640913,2024-09-14 14:30:00,ridge_regression,4346.987456616842
96,cumulative_fouling_penalty_index (calculated),583.9710539056929,6987.942960168516,2024-11-30 23:30:00,ridge_regression,4346.987456616842
97,cumulative_fouling_penalty_index (calculated),-68.58157257069975,2499.796221714676,2024-04-28 19:00:00,ridge_regression,4346.987456616842
98,cumulative_fouling_penalty_index (calculated),-31.288118716242025,2756.2942978719366,2024-05-05 15:45:00,ridge_regression,4346.987456616842
99,cumulative_fouling_penalty_index (calculated),-393.68033522470745,263.82184649889234,2024-07-16 12:00:00,ridge_regression,4346.987456616842
100,cumulative_fouling_penalty_index (calculated),-348.61693714374246,573.7602865797035,2024-07-23 00:30:00,ridge_regression,4346.987456616842
101,cumulative_fouling_penalty_index (calculated),668.3833261436714,7568.516310054611,2024-12-22 13:15:00,ridge_regression,4346.987456616842
102,cumulative_fouling_penalty_index (calculated),-224.1708465161206,1429.6794770051897,2024-03-26 15:00:00,ridge_regression,4346.987456616842
103,cumulative_fouling_penalty_index (calculated),-179.3256908142293,1738.1168828673178,2024-08-08 16:15:00,ridge_regression,4346.987456616842
104,cumulative_fouling_penalty_index (calculated),-104.92261205138624,2249.8486907423694,2024-08-14 09:30:00,ridge_regression,4346.987456616842
105,cumulative_fouling_penalty_index (calculated),-303.90554879428225,881.2776631872284,2024-02-26 12:00:00,ridge_regression,4346.987456616842
106,cumulative_fouling_penalty_index (calculated),-298.77904560095743,916.5368862035244,2024-02-28 09:30:00,ridge_regression,4346.987456616842
107,cumulative_fouling_penalty_index (calculated),-364.0854126552709,467.370724881372,2024-02-09 05:45:00,ridge_regression,4346.987456616842
108,cumulative_fouling_penalty_index (calculated),-215.99356680803373,1485.9214255656457,2024-08-04 02:30:00,ridge_regression,4346.987456616842
109,cumulative_fouling_penalty_index (calculated),-383.17812324588186,336.0542864996877,2024-07-20 09:00:00,ridge_regression,4346.987456616842
110,cumulative_fouling_penalty_index (calculated),-293.31896599857174,954.0903914150016,2024-03-01 09:30:00,ridge_regression,4346.987456616842
111,cumulative_fouling_penalty_index (calculated),66.67211520585687,3430.048239756573,2024-09-19 01:00:00,ridge_regression,4346.987456616842
112,cumulative_fouling_penalty_index (calculated),-216.11082109901355,1485.114970358382,2024-08-04 01:45:00,ridge_regression,4346.987456616842
113,cumulative_fouling_penalty_index (calculated),667.3511213323053,7561.416979717746,2024-12-22 01:45:00,ridge_regression,4346.987456616842
114,cumulative_fouling_penalty_index (calculated),-348.606634498238,573.8311464352083,2024-02-13 18:00:00,ridge_regression,4346.987456616842
115,cumulative_fouling_penalty_index (calculated),-94.01578036392249,2324.8640367525154,2024-08-17 03:45:00,ridge_regression,4346.987456616842
116,cumulative_fouling_penalty_index (calculated),587.4982930749801,7012.202715368434,2024-12-01 21:30:00,ridge_regression,4346.987456616842
117,cumulative_fouling_penalty_index (calculated),-222.56789190315612,1440.7043280687951,2024-03-27 03:00:00,ridge_regression,4346.987456616842
118,cumulative_fouling_penalty_index (calculated),143.95052144789034,3961.556064345256,2024-10-23 08:00:00,ridge_regression,4346.987456616842
119,cumulative_fouling_penalty_index (calculated),-335.9035691292881,661.2006842943525,2024-02-17 12:45:00,ridge_regression,4346.987456616842
120,cumulative_fouling_penalty_index (calculated),66.98809645608873,3432.221505421441,2024-09-19 03:30:00,ridge_regression,4346.987456616842
121,cumulative_fouling_penalty_index (calculated),-314.8688586315349,805.8738700028889,2024-02-23 13:30:00,ridge_regression,4346.987456616842
122,cumulative_fouling_penalty_index (calculated),-69.12034104399157,2496.090663161879,2024-04-28 09:30:00,ridge_regression,4346.987456616842
123,cumulative_fouling_penalty_index (calculated),-69.4332571633231,2493.938478949597,2024-04-28 04:30:00,ridge_regression,4346.987456616842
124,cumulative_fouling_penalty_index (calculated),-71.59493647292425,2479.070813799956,2024-04-26 23:15:00,ridge_regression,4346.987456616842
125,cumulative_fouling_penalty_index (calculated),63.31248543528301,3406.941273689128,2024-09-18 01:00:00,ridge_regression,4346.987456616842
126,cumulative_fouling_penalty_index (calculated),-105.53150274551398,2245.660843399417,2024-08-14 04:30:00,ridge_regression,4346.987456616842
127,cumulative_fouling_penalty_index (calculated),220.03137008717115,4484.827290028599,2024-11-13 15:00:00,ridge_regression,4346.987456616842
128,cumulative_fouling_penalty_index (calculated),-29.360573495031375,2769.551628310572,2024-05-06 15:00:00,ridge_regression,4346.987456616842
129,cumulative_fouling_penalty_index (calculated),-69.00084166940117,2496.9125596749773,2024-04-28 11:45:00,ridge_regression,4346.987456616842
130,cumulative_fouling_penalty_index (calculated),201.09326822460955,4354.574224362583,2024-11-06 06:45:00,ridge_regression,4346.987456616842
131,cumulative_fouling_penalty_index (calculated),-45.61775561764497,2657.7374757662064,2024-08-21 08:30:00,ridge_regression,4346.987456616842
132,cumulative_fouling_penalty_index (calculated),-146.16793104080784,1966.170353719296,2024-04-11 21:30:00,ridge_regression,4346.987456616842
133,cumulative_fouling_penalty_index (calculated),214.6438024811177,4447.772510079471,2024-11-11 10:30:00,ridge_regression,4346.987456616842
134,cumulative_fouling_penalty_index (calculated),647.0779253492381,7421.981362209379,2024-12-15 14:45:00,ridge_regression,4346.987456616842
135,cumulative_fouling_penalty_index (calculated),-185.6587016768733,1694.5595038996642,2024-04-03 04:45:00,ridge_regression,4346.987456616842
136,cumulative_fouling_penalty_index (calculated),153.97057970166924,4030.4723324685606,2024-10-26 06:15:00,ridge_regression,4346.987456616842
137,cumulative_fouling_penalty_index (calculated),-73.60178047612332,2465.268079733619,2024-04-25 14:30:00,ridge_regression,4346.987456616842
138,cumulative_fouling_penalty_index (calculated),123.51903347716298,3821.031741283788,2024-10-18 10:45:00,ridge_regression,4346.987456616842
139,cumulative_fouling_penalty_index (calculated),203.1229881079688,4368.534294868558,2024-06-02 01:30:00,ridge_regression,4346.987456616842
140,cumulative_fouling_penalty_index (calculated),-39.48484635544271,2699.918589726343,2024-08-22 23:30:00,ridge_regression,4346.987456616842
141,cumulative_fouling_penalty_index (calculated),668.4316920443207,7568.848962549518,2024-12-22 13:45:00,ridge_regression,4346.987456616842
142,cumulative_fouling_penalty_index (calculated),-40.326482199405106,2694.129960557165,2024-08-22 17:45:00,ridge_regression,4346.987456616842
143,cumulative_fouling_penalty_index (calculated),-236.57105302237764,1344.3929512459863,2024-03-22 19:00:00,ridge_regression,4346.987456616842
144,cumulative_fouling_penalty_index (calculated),-223.03906277684422,1437.4636943877672,2024-08-02 04:45:00,ridge_regression,4346.987456616842
145,cumulative_fouling_penalty_index (calculated),-222.53391721584816,1440.938000229224,2024-03-27 03:15:00,ridge_regression,4346.987456616842
146,cumulative_fouling_penalty_index (calculated),-290.74451541039934,971.7970276950588,2024-03-02 08:15:00,ridge_regression,4346.987456616842
147,cumulative_fouling_penalty_index (calculated),-296.96718131400576,928.9985827166598,2024-02-29 02:45:00,ridge_regression,4346.987456616842
148,cumulative_fouling_penalty_index (calculated),-102.47786526445908,2266.6632461864874,2024-08-15 06:30:00,ridge_regression,4346.987456616842
149,cumulative_fouling_penalty_index (calculated),-255.17487878487353,1216.4389801317004,2024-03-16 22:00:00,ridge_regression,4346.987456616842
150,cumulative_fouling_penalty_index (calculated),-100.47965413609005,2280.406604797978,2024-08-15 18:15:00,ridge_regression,4346.987456616842
151,cumulative_fouling_penalty_index (calculated),-11.730841290716809,2890.8059484714795,2024-05-11 03:00:00,ridge_regression,4346.987456616842
152,cumulative_fouling_penalty_index (calculated),-41.02008947270633,2689.359446892628,2024-08-22 13:15:00,ridge_regression,4346.987456616842
153,cumulative_fouling_penalty_index (calculated),200.3735919117661,4349.624412247549,2024-11-05 19:30:00,ridge_regression,4346.987456616842
154,cumulative_fouling_penalty_index (calculated),228.2201791392643,4541.1485354696415,2024-06-10 03:00:00,ridge_regression,4346.987456616842
155,cumulative_fouling_penalty_index (calculated),-133.65654889660937,2052.221526736934,2024-04-14 12:00:00,ridge_regression,4346.987456616842
156,cumulative_fouling_penalty_index (calculated),-392.6810556685593,270.6947224919676,2024-07-17 00:30:00,ridge_regression,4346.987456616842
157,cumulative_fouling_penalty_index (calculated),-50.73083836747864,2622.5705562933254,2024-08-20 05:45:00,ridge_regression,4346.987456616842
158,cumulative_fouling_penalty_index (calculated),338.96227427130356,5302.813959697909,2024-11-19 00:00:00,ridge_regression,4346.987456616842
159,cumulative_fouling_penalty_index (calculated),587.3829268803544,7011.409246168977,2024-12-01 21:00:00,ridge_regression,4346.987456616842
160,cumulative_fouling_penalty_index (calculated),-188.2960291362632,1676.4204111202655,2024-04-02 14:30:00,ridge_regression,4346.987456616842
161,cumulative_fouling_penalty_index (calculated),-172.67213802700695,1783.8788950476198,2024-08-10 14:15:00,ridge_regression,4346.987456616842
162,cumulative_fouling_penalty_index (calculated),-232.58672840548368,1371.7964629455887,2024-03-24 01:15:00,ridge_regression,4346.987456616842
163,cumulative_fouling_penalty_index (calculated),218.12644186278646,4471.725515473764,2024-11-12 20:15:00,ridge_regression,4346.987456616842
164,cumulative_fouling_penalty_index (calculated),219.4011031806022,4480.492420707255,2024-06-07 14:00:00,ridge_regression,4346.987456616842
165,cumulative_fouling_penalty_index (calculated),-13.139721469111578,2881.1159085866093,2024-05-10 12:45:00,ridge_regression,4346.987456616842
166,cumulative_fouling_penalty_index (calculated),-75.50492193072623,2452.178594279528,2024-04-25 01:30:00,ridge_regression,4346.987456616842
167,cumulative_fouling_penalty_index (calculated),621.3797041302752,7245.233337501019,2024-12-09 21:15:00,ridge_regression,4346.987456616842
168,cumulative_fouling_penalty_index (calculated),-221.62501151641223,1447.189300101414,2024-03-27 10:00:00,ridge_regression,4346.987456616842
169,cumulative_fouling_penalty_index (calculated),-306.4039194626902,864.0942917442113,2024-02-25 16:15:00,ridge_regression,4346.987456616842
170,cumulative_fouling_penalty_index (calculated),-75.19478611043475,2454.3116560646527,2024-04-25 04:00:00,ridge_regression,4346.987456616842
171,cumulative_fouling_penalty_index (calculated),672.6351259735892,7597.759471088608,2024-12-28 21:15:00,ridge_regression,4346.987456616842
172,cumulative_fouling_penalty_index (calculated),-303.0492963375206,887.1668229502646,2024-02-26 19:00:00,ridge_regression,4346.987456616842
173,cumulative_fouling_penalty_index (calculated),-22.40011438262877,2817.4244903541376,2024-08-27 13:00:00,ridge_regression,4346.987456616842
174,cumulative_fouling_penalty_index (calculated),-78.19305464088075,2433.6900715671754,2024-04-23 21:45:00,ridge_regression,4346.987456616842
175,cumulative_fouling_penalty_index (calculated),-335.392916771073,664.7128649569066,2024-02-17 16:15:00,ridge_regression,4346.987456616842
176,cumulative_fouling_penalty_index (calculated),-52.450435714866956,2610.7434562051594,2024-08-19 20:15:00,ridge_regression,4346.987456616842
177,cumulative_fouling_penalty_index (calculated),-180.58985941494979,1729.4221447696182,2024-08-08 07:45:00,ridge_regression,4346.987456616842
178,cumulative_fouling_penalty_index (calculated),-236.41132474814296,1345.4915353355402,2024-03-22 20:15:00,ridge_regression,4346.987456616842
179,cumulative_fouling_penalty_index (calculated),-30.061146920211172,2764.73320263011,2024-08-25 11:45:00,ridge_regression,4346.987456616842
180,cumulative_fouling_penalty_index (calculated),169.68498695741982,4138.553371161896,2024-10-31 09:00:00,ridge_regression,4346.987456616842
181,cumulative_fouling_penalty_index (calculated),648.7638446118473,7433.576830119188,2024-12-16 02:15:00,ridge_regression,4346.987456616842
182,cumulative_fouling_penalty_index (calculated),-390.50989866782265,285.6275736003107,2024-07-18 00:00:00,ridge_regression,4346.987456616842
183,cumulative_fouling_penalty_index (calculated),-61.502881784154525,2548.48226124179,2024-08-17 22:30:00,ridge_regression,4346.987456616842
184,cumulative_fouling_penalty_index (calculated),-345.6573265121922,594.1159885785004,2024-02-14 13:45:00,ridge_regression,4346.987456616842
185,cumulative_fouling_penalty_index (calculated),222.8717923639157,4504.363234655836,2024-06-08 10:30:00,ridge_regression,4346.987456616842
186,cumulative_fouling_penalty_index (calculated),-103.66581714222855,2258.4927138350354,2024-08-14 20:30:00,ridge_regression,4346.987456616842
187,cumulative_fouling_penalty_index (calculated),-299.4414694573962,911.9808468127904,2024-02-28 03:15:00,ridge_regression,4346.987456616842
188,cumulative_fouling_penalty_index (calculated),115.8297975318337,3768.146475285272,2024-10-16 23:30:00,ridge_regression,4346.987456616842
189,cumulative_fouling_penalty_index (calculated),-30.12109587979567,2764.320883812414,2024-05-06 03:00:00,ridge_regression,4346.987456616842
190,cumulative_fouling_penalty_index (calculated),-56.878714823168615,2580.28650050458,2024-08-18 20:15:00,ridge_regression,4346.987456616842
191,cumulative_fouling_penalty_index (calculated),190.75637098089047,4283.478791185584,2024-11-02 00:45:00,ridge_regression,4346.987456616842
192,cumulative_fouling_penalty_index (calculated),671.2392262961475,7588.158708896675,2024-12-23 18:30:00,ridge_regression,4346.987456616842
193,cumulative_fouling_penalty_index (calculated),-326.12682603555635,728.4434718466364,2024-02-20 05:30:00,ridge_regression,4346.987456616842
194,cumulative_fouling_penalty_index (calculated),202.57335733718415,4364.754027268423,2024-06-01 18:45:00,ridge_regression,4346.987456616842
195,cumulative_fouling_penalty_index (calculated),-232.83963262415045,1370.0570304491223,2024-03-23 23:15:00,ridge_regression,4346.987456616842
196,cumulative_fouling_penalty_index (calculated),169.84711705683216,4139.668474599313,2024-10-31 11:15:00,ridge_regression,4346.987456616842
197,cumulative_fouling_penalty_index (calculated),-269.90141940493976,1115.152321292314,2024-03-10 10:15:00,ridge_regression,4346.987456616842
198,cumulative_fouling_penalty_index (calculated),-300.3864897079612,905.4811571582576,2024-02-27 18:30:00,ridge_regression,4346.987456616842
199,cumulative_fouling_penalty_index (calculated),642.5725294182671,7390.994010028731,2024-12-14 09:30:00,ridge_regression,4346.987456616842
0,Vessel Hull Through Water Longitudinal Speed (knots),-1328.9880110753834,9.613841269841268,2024-12-22 11:30:00,ridge_regression,4346.987456616842
1,Vessel Hull Through Water Longitudinal Speed (knots),939.268696346186,13.180310734463276,2024-03-09 10:00:00,ridge_regression,4346.987456616842
2,Vessel Hull Through Water Longitudinal Speed (knots),-298.87613945112645,11.233526785714286,2024-04-12 18:15:00,ridge_regression,4346.987456616842
3,Vessel Hull Through Water Longitudinal Speed (knots),124.80189134698911,11.89969246031746,2024-08-05 02:15:00,ridge_regression,4346.987456616842
4,Vessel Hull Through Water Longitudinal Speed (knots),-620.5888625445244,10.727685185185184,2024-08-24 05:00:00,ridge_regression,4346.987456616842
5,Vessel Hull Through Water Longitudinal Speed (knots),348.5614127591859,12.25151837928154,2024-04-28 22:15:00,ridge_regression,4346.987456616842
6,Vessel Hull Through Water Longitudinal Speed (knots),-2197.9891675573976,8.247476484420929,2024-04-29 15:00:00,ridge_regression,4346.987456616842
7,Vessel Hull Through Water Longitudinal Speed (knots),-730.4334415001194,10.554972222222222,2024-08-24 07:30:00,ridge_regression,4346.987456616842
8,Vessel Hull Through Water Longitudinal Speed (knots),-1664.7047331234169,9.085980629539952,2024-12-20 13:45:00,ridge_regression,4346.987456616842
9,Vessel Hull Through Water Longitudinal Speed (knots),-765.3954993599469,10.5,2024-12-24 11:45:00,ridge_regression,4346.987456616842
10,Vessel Hull Through Water Longitudinal Speed (knots),124.46748921991107,11.899166666666668,2024-09-14 02:00:00,ridge_regression,4346.987456616842
11,Vessel Hull Through Water Longitudinal Speed (knots),565.3180156646548,12.592333333333332,2024-02-10 19:00:00,ridge_regression,4346.987456616842
12,Vessel Hull Through Water Longitudinal Speed (knots),1082.7340102623282,13.405886904761903,2024-09-12 02:45:00,ridge_regression,4346.987456616842
13,Vessel Hull Through Water Longitudinal Speed (knots),-825.5956830385288,10.405344877344875,2024-05-05 15:30:00,ridge_regression,4346.987456616842
14,Vessel Hull Through Water Longitudinal Speed (knots),468.21394743497245,12.43965277777778,2024-09-15 02:15:00,ridge_regression,4346.987456616842
15,Vessel Hull Through Water Longitudinal Speed (knots),-491.5937678132555,10.93050925925926,2024-04-02 01:45:00,ridge_regression,4346.987456616842
16,Vessel Hull Through Water Longitudinal Speed (knots),-574.5970027019664,10.8,2024-12-27 03:45:00,ridge_regression,4346.987456616842
17,Vessel Hull Through Water Longitudinal Speed (knots),965.1803387483995,13.221052631578948,2024-03-12 02:45:00,ridge_regression,4346.987456616842
18,Vessel Hull Through Water Longitudinal Speed (knots),555.6641137545645,12.577154122680438,2024-03-17 07:45:00,ridge_regression,4346.987456616842
19,Vessel Hull Through Water Longitudinal Speed (knots),-196.99264459385083,11.39372222222222,2024-12-14 15:15:00,ridge_regression,4346.987456616842
20,Vessel Hull Through Water Longitudinal Speed (knots),-269.0020751263355,11.28049895506792,2024-10-26 01:45:00,ridge_regression,4346.987456616842
21,Vessel Hull Through Water Longitudinal Speed (knots),-506.3688736192687,10.90727777777778,2024-04-01 22:00:00,ridge_regression,4346.987456616842
22,Vessel Hull Through Water Longitudinal Speed (knots),534.244091011203,12.543474576271183,2024-05-11 08:45:00,ridge_regression,4346.987456616842
23,Vessel Hull Through Water Longitudinal Speed (knots),781.1466747105633,12.931689244663383,2024-04-30 21:45:00,ridge_regression,4346.987456616842
24,Vessel Hull Through Water Longitudinal Speed (knots),-19.561820386908217,11.672703703703702,2024-08-02 07:15:00,ridge_regression,4346.987456616842
25,Vessel Hull Through Water Longitudinal Speed (knots),1023.4474503001744,13.312668308702792,2024-02-28 08:00:00,ridge_regression,4346.987456616842
26,Vessel Hull Through Water Longitudinal Speed (knots),146.4948595212157,11.933801169590645,2024-03-03 03:45:00,ridge_regression,4346.987456616842
27,Vessel Hull Through Water Longitudinal Speed (knots),-519.9544332424163,10.885916666666668,2024-11-11 13:30:00,ridge_regression,4346.987456616842
28,Vessel Hull Through Water Longitudinal Speed (knots),1084.3258584946354,13.408389830508476,2024-02-28 17:45:00,ridge_regression,4346.987456616842
29,Vessel Hull Through Water Longitudinal Speed (knots),389.18564557988833,12.315393462469734,2024-02-17 22:00:00,ridge_regression,4346.987456616842
30,Vessel Hull Through Water Longitudinal Speed (knots),215.58260463783134,12.042430555555557,2024-11-20 07:00:00,ridge_regression,4346.987456616842
31,Vessel Hull Through Water Longitudinal Speed (knots),603.6468089020209,12.652599206349208,2024-02-25 02:30:00,ridge_regression,4346.987456616842
32,Vessel Hull Through Water Longitudinal Speed (knots),655.2627984959652,12.733757062146893,2024-03-10 23:15:00,ridge_regression,4346.987456616842
33,Vessel Hull Through Water Longitudinal Speed (knots),794.8286605033395,12.95320197044335,2024-03-20 15:30:00,ridge_regression,4346.987456616842
34,Vessel Hull Through Water Longitudinal Speed (knots),-1302.0516042654529,9.656194444444443,2024-08-17 00:15:00,ridge_regression,4346.987456616842
35,Vessel Hull Through Water Longitudinal Speed (knots),751.4819932834445,12.885046296296297,2024-06-05 05:15:00,ridge_regression,4346.987456616842
36,Vessel Hull Through Water Longitudinal Speed (knots),319.09373349602885,12.205185185185185,2024-07-20 01:30:00,ridge_regression,4346.987456616842
37,Vessel Hull Through Water Longitudinal Speed (knots),-589.6968361081148,10.776257936507935,2024-11-11 15:15:00,ridge_regression,4346.987456616842
38,Vessel Hull Through Water Longitudinal Speed (knots),142.1766600304063,11.927011494252874,2024-02-14 05:30:00,ridge_regression,4346.987456616842
39,Vessel Hull Through Water Longitudinal Speed (knots),653.0853241273248,12.730333333333332,2024-02-16 01:00:00,ridge_regression,4346.987456616842
40,Vessel Hull Through Water Longitudinal Speed (knots),1019.4148445186198,13.30632768361582,2024-09-12 03:30:00,ridge_regression,4346.987456616842
41,Vessel Hull Through Water Longitudinal Speed (knots),-855.5581136248177,10.358233766233766,2024-05-02 05:30:00,ridge_regression,4346.987456616842
42,Vessel Hull Through Water Longitudinal Speed (knots),582.7783156875312,12.619786851566513,2024-09-15 14:15:00,ridge_regression,4346.987456616842
43,Vessel Hull Through Water Longitudinal Speed (knots),-589.9963258118624,10.775787037037038,2024-08-22 00:30:00,ridge_regression,4346.987456616842
44,Vessel Hull Through Water Longitudinal Speed (knots),379.08337193599345,12.29950925925926,2024-07-25 09:45:00,ridge_regression,4346.987456616842
45,Vessel Hull Through Water Longitudinal Speed (knots),-1821.1368562734626,8.840016233766233,2024-12-28 23:30:00,ridge_regression,4346.987456616842
46,Vessel Hull Through Water Longitudinal Speed (knots),447.80027494531345,12.407555555555556,2024-09-15 19:00:00,ridge_regression,4346.987456616842
47,Vessel Hull Through Water Longitudinal Speed (knots),-175.0349785225206,11.428247126436782,2024-04-10 16:45:00,ridge_regression,4346.987456616842
48,Vessel Hull Through Water Longitudinal Speed (knots),-952.8550223264139,10.20525,2024-10-20 09:15:00,ridge_regression,4346.987456616842
49,Vessel Hull Through Water Longitudinal Speed (knots),761.7374124788082,12.901171296296296,2024-07-24 18:30:00,ridge_regression,4346.987456616842
50,Vessel Hull Through Water Longitudinal Speed (knots),221.56637932947413,12.05183908045977,2024-02-23 12:30:00,ridge_regression,4346.987456616842
51,Vessel Hull Through Water Longitudinal Speed (knots),-1701.0926465767132,9.02876647834275,2024-11-03 22:00:00,ridge_regression,4346.987456616842
52,Vessel Hull Through Water Longitudinal Speed (knots),1043.9255472773468,13.344866828087168,2024-02-28 14:30:00,ridge_regression,4346.987456616842
53,Vessel Hull Through Water Longitudinal Speed (knots),-386.42970256954845,11.09586286594761,2024-11-09 07:30:00,ridge_regression,4346.987456616842
54,Vessel Hull Through Water Longitudinal Speed (knots),-382.58203943831194,11.101912698412695,2024-08-23 03:15:00,ridge_regression,4346.987456616842
55,Vessel Hull Through Water Longitudinal Speed (knots),890.0778974902955,13.102966101694914,2024-02-29 22:45:00,ridge_regression,4346.987456616842
56,Vessel Hull Through Water Longitudinal Speed (knots),-310.10889618393696,11.21586507936508,2024-12-16 01:30:00,ridge_regression,4346.987456616842
57,Vessel Hull Through Water Longitudinal Speed (knots),1119.9965023774948,13.464476190476187,2024-09-18 22:45:00,ridge_regression,4346.987456616842
58,Vessel Hull Through Water Longitudinal Speed (knots),1114.5767305446946,13.455954469507102,2024-04-24 16:30:00,ridge_regression,4346.987456616842
59,Vessel Hull Through Water Longitudinal Speed (knots),515.0504355431565,12.513295634920636,2024-02-24 23:15:00,ridge_regression,4346.987456616842
60,Vessel Hull Through Water Longitudinal Speed (knots),624.3797407809251,12.685198412698412,2024-09-14 11:00:00,ridge_regression,4346.987456616842
61,Vessel Hull Through Water Longitudinal Speed (knots),480.9848577061311,12.459732983588916,2024-04-27 12:45:00,ridge_regression,4346.987456616842
62,Vessel Hull Through Water Longitudinal Speed (knots),1172.1779563080652,13.546523148148149,2024-07-16 23:30:00,ridge_regression,4346.987456616842
63,Vessel Hull Through Water Longitudinal Speed (knots),1033.228614611607,13.32804761904762,2024-07-18 08:00:00,ridge_regression,4346.987456616842
64,Vessel Hull Through Water Longitudinal Speed (knots),-195.44895560747867,11.396149425287357,2024-04-03 06:15:00,ridge_regression,4346.987456616842
65,Vessel Hull Through Water Longitudinal Speed (knots),176.45124629547536,11.980902777777777,2024-08-04 14:45:00,ridge_regression,4346.987456616842
66,Vessel Hull Through Water Longitudinal Speed (knots),839.8561136042146,13.024000410509032,2024-03-17 21:45:00,ridge_regression,4346.987456616842
67,Vessel Hull Through Water Longitudinal Speed (knots),1023.4026602863638,13.312597883597885,2024-08-08 08:30:00,ridge_regression,4346.987456616842
68,Vessel Hull Through Water Longitudinal Speed (knots),-315.8177083458488,11.206888888888887,2024-12-25 00:15:00,ridge_regression,4346.987456616842
69,Vessel Hull Through Water Longitudinal Speed (knots),-85.59256995782702,11.568880952380953,2024-12-17 16:45:00,ridge_regression,4346.987456616842
70,Vessel Hull Through Water Longitudinal Speed (knots),-423.77449265197066,11.03714417989418,2024-08-22 22:45:00,ridge_regression,4346.987456616842
71,Vessel Hull Through Water Longitudinal Speed (knots),648.0615903113791,12.722434318555008,2024-03-17 20:15:00,ridge_regression,4346.987456616842
72,Vessel Hull Through Water Longitudinal Speed (knots),536.4570016874259,12.546954022988508,2024-02-17 09:15:00,ridge_regression,4346.987456616842
73,Vessel Hull Through Water Longitudinal Speed (knots),756.1755167838339,12.892426108374384,2024-03-01 06:00:00,ridge_regression,4346.987456616842
74,Vessel Hull Through Water Longitudinal Speed (knots),-772.8747499531474,10.48824007936508,2024-08-15 18:00:00,ridge_regression,4346.987456616842
75,Vessel Hull Through Water Longitudinal Speed (knots),576.0680976291343,12.60923611111111,2024-07-17 19:00:00,ridge_regression,4346.987456616842
76,Vessel Hull Through Water Longitudinal Speed (knots),-276.8953656726303,11.268088023088024,2024-04-02 12:15:00,ridge_regression,4346.987456616842
77,Vessel Hull Through Water Longitudinal Speed (knots),-1358.4490487868557,9.56751851851852,2024-08-06 22:30:00,ridge_regression,4346.987456616842
78,Vessel Hull Through Water Longitudinal Speed (knots),-71.89596359059433,11.590416666666666,2024-12-17 15:00:00,ridge_regression,4346.987456616842
79,Vessel Hull Through Water Longitudinal Speed (knots),875.1302186560739,13.079463276836158,2024-02-20 16:15:00,ridge_regression,4346.987456616842
80,Vessel Hull Through Water Longitudinal Speed (knots),1061.8483891103026,13.373047619047618,2024-09-19 23:30:00,ridge_regression,4346.987456616842
81,Vessel Hull Through Water Longitudinal Speed (knots),-1179.1859533024844,9.849380952380953,2024-11-11 06:00:00,ridge_regression,4346.987456616842
82,Vessel Hull Through Water Longitudinal Speed (knots),-372.8452590136231,11.11722222222222,2024-08-19 12:30:00,ridge_regression,4346.987456616842
83,Vessel Hull Through Water Longitudinal Speed (knots),-161.2923782648109,11.449855158730156,2024-09-17 09:00:00,ridge_regression,4346.987456616842
84,Vessel Hull Through Water Longitudinal Speed (knots),-1018.9105962914608,10.10138821630347,2024-11-13 04:45:00,ridge_regression,4346.987456616842
85,Vessel Hull Through Water Longitudinal Speed (knots),710.8283691575677,12.821125,2024-05-11 13:15:00,ridge_regression,4346.987456616842
86,Vessel Hull Through Water Longitudinal Speed (knots),-295.9163651527717,11.238180555555555,2024-04-15 05:00:00,ridge_regression,4346.987456616842
87,Vessel Hull Through Water Longitudinal Speed (knots),737.506087529567,12.863071428571429,2024-09-14 10:00:00,ridge_regression,4346.987456616842
88,Vessel Hull Through Water Longitudinal Speed (knots),1032.956045330667,13.327619047619049,2024-05-08 14:30:00,ridge_regression,4346.987456616842
89,Vessel Hull Through Water Longitudinal Speed (knots),-520.9790918355809,10.884305555555557,2024-12-26 19:15:00,ridge_regression,4346.987456616842
90,Vessel Hull Through Water Longitudinal Speed (knots),1045.3127760565176,13.34704802259887,2024-02-28 15:45:00,ridge_regression,4346.987456616842
91,Vessel Hull Through Water Longitudinal Speed (knots),840.109072749572,13.024398148148148,2024-07-20 22:15:00,ridge_regression,4346.987456616842
92,Vessel Hull Through Water Longitudinal Speed (knots),283.8319720519744,12.149741727199354,2024-03-15 00:15:00,ridge_regression,4346.987456616842
93,Vessel Hull Through Water Longitudinal Speed (knots),1085.0700875116863,13.40956001113896,2024-04-26 14:00:00,ridge_regression,4346.987456616842
94,Vessel Hull Through Water Longitudinal Speed (knots),-552.1987902933676,10.835217592592592,2024-08-20 10:00:00,ridge_regression,4346.987456616842
95,Vessel Hull Through Water Longitudinal Speed (knots),672.0865202195874,12.760209663218138,2024-09-14 14:30:00,ridge_regression,4346.987456616842
96,Vessel Hull Through Water Longitudinal Speed (knots),-645.9839286729216,10.687755521314845,2024-11-30 23:30:00,ridge_regression,4346.987456616842
97,Vessel Hull Through Water Longitudinal Speed (knots),972.1318447745505,13.23198275862069,2024-04-28 19:00:00,ridge_regression,4346.987456616842
98,Vessel Hull Through Water Longitudinal Speed (knots),-873.6441085272148,10.329796443268664,2024-05-05 15:45:00,ridge_regression,4346.987456616842
99,Vessel Hull Through Water Longitudinal Speed (knots),1217.003404706104,13.617003968253966,2024-07-16 12:00:00,ridge_regression,4346.987456616842
100,Vessel Hull Through Water Longitudinal Speed (knots),499.0862041858793,12.488194444444444,2024-07-23 00:30:00,ridge_regression,4346.987456616842
101,Vessel Hull Through Water Longitudinal Speed (knots),-1935.526299460683,8.660157201555506,2024-12-22 13:15:00,ridge_regression,4346.987456616842
102,Vessel Hull Through Water Longitudinal Speed (knots),719.1776309581611,12.834252873563218,2024-03-26 15:00:00,ridge_regression,4346.987456616842
103,Vessel Hull Through Water Longitudinal Speed (knots),-477.64309995576417,10.952444444444444,2024-08-08 16:15:00,ridge_regression,4346.987456616842
104,Vessel Hull Through Water Longitudinal Speed (knots),-91.13481200360718,11.560166666666667,2024-08-14 09:30:00,ridge_regression,4346.987456616842
105,Vessel Hull Through Water Longitudinal Speed (knots),711.9350509139771,12.82286507936508,2024-02-26 12:00:00,ridge_regression,4346.987456616842
106,Vessel Hull Through Water Longitudinal Speed (knots),1015.5100173781055,13.300187969924812,2024-02-28 09:30:00,ridge_regression,4346.987456616842
107,Vessel Hull Through Water Longitudinal Speed (knots),442.9949794739269,12.4,2024-02-09 05:45:00,ridge_regression,4346.987456616842
108,Vessel Hull Through Water Longitudinal Speed (knots),57.91768024670728,11.79452777777778,2024-08-04 02:30:00,ridge_regression,4346.987456616842
109,Vessel Hull Through Water Longitudinal Speed (knots),390.6862310123076,12.3177528921173,2024-07-20 09:00:00,ridge_regression,4346.987456616842
110,Vessel Hull Through Water Longitudinal Speed (knots),839.7293973785432,13.023801169590644,2024-03-01 09:30:00,ridge_regression,4346.987456616842
111,Vessel Hull Through Water Longitudinal Speed (knots),1057.001030478279,13.365425925925926,2024-09-19 01:00:00,ridge_regression,4346.987456616842
112,Vessel Hull Through Water Longitudinal Speed (knots),70.30191600200617,11.814,2024-08-04 01:45:00,ridge_regression,4346.987456616842
113,Vessel Hull Through Water Longitudinal Speed (knots),-1818.3659646859942,8.844373015873016,2024-12-22 01:45:00,ridge_regression,4346.987456616842
114,Vessel Hull Through Water Longitudinal Speed (knots),167.10969560575919,11.966214689265536,2024-02-13 18:00:00,ridge_regression,4346.987456616842
115,Vessel Hull Through Water Longitudinal Speed (knots),-748.5113466794984,10.52654761904762,2024-08-17 03:45:00,ridge_regression,4346.987456616842
116,Vessel Hull Through Water Longitudinal Speed (knots),-2256.5917499068737,8.155333333333333,2024-12-01 21:30:00,ridge_regression,4346.987456616842
117,Vessel Hull Through Water Longitudinal Speed (knots),688.3073323199033,12.785714285714286,2024-03-27 03:00:00,ridge_regression,4346.987456616842
118,Vessel Hull Through Water Longitudinal Speed (knots),-590.0728807642256,10.775666666666666,2024-10-23 08:00:00,ridge_regression,4346.987456616842
119,Vessel Hull Through Water Longitudinal Speed (knots),442.9949794739283,12.4,2024-02-17 12:45:00,ridge_regression,4346.987456616842
120,Vessel Hull Through Water Longitudinal Speed (knots),1115.0296843692593,13.456666666666669,2024-09-19 03:30:00,ridge_regression,4346.987456616842
121,Vessel Hull Through Water Longitudinal Speed (knots),202.96953078411696,12.022598522167488,2024-02-23 13:30:00,ridge_regression,4346.987456616842
122,Vessel Hull Through Water Longitudinal Speed (knots),1348.197475923384,13.823285579768632,2024-04-28 09:30:00,ridge_regression,4346.987456616842
123,Vessel Hull Through Water Longitudinal Speed (knots),964.6494648887042,13.220217917675544,2024-04-28 04:30:00,ridge_regression,4346.987456616842
124,Vessel Hull Through Water Longitudinal Speed (knots),535.4140528716531,12.545314153439154,2024-04-26 23:15:00,ridge_regression,4346.987456616842
125,Vessel Hull Through Water Longitudinal Speed (knots),847.2757940592253,13.035666666666666,2024-09-18 01:00:00,ridge_regression,4346.987456616842
126,Vessel Hull Through Water Longitudinal Speed (knots),-802.1604728387791,10.442192982456142,2024-08-14 04:30:00,ridge_regression,4346.987456616842
127,Vessel Hull Through Water Longitudinal Speed (knots),-1192.1214116141223,9.829042021197193,2024-11-13 15:00:00,ridge_regression,4346.987456616842
128,Vessel Hull Through Water Longitudinal Speed (knots),1068.7216255950025,13.383854679802957,2024-05-06 15:00:00,ridge_regression,4346.987456616842
129,Vessel Hull Through Water Longitudinal Speed (knots),1373.6995259536936,13.863383458646616,2024-04-28 11:45:00,ridge_regression,4346.987456616842
130,Vessel Hull Through Water Longitudinal Speed (knots),-252.9484259285453,11.30574074074074,2024-11-06 06:45:00,ridge_regression,4346.987456616842
131,Vessel Hull Through Water Longitudinal Speed (knots),-616.7316707139369,10.73375,2024-08-21 08:30:00,ridge_regression,4346.987456616842
132,Vessel Hull Through Water Longitudinal Speed (knots),-379.77739751144094,11.106322547508988,2024-04-11 21:30:00,ridge_regression,4346.987456616842
133,Vessel Hull Through Water Longitudinal Speed (knots),-630.7853933149968,10.711652777777775,2024-11-11 10:30:00,ridge_regression,4346.987456616842
134,Vessel Hull Through Water Longitudinal Speed (knots),-42.18365384056613,11.637134502923976,2024-12-15 14:45:00,ridge_regression,4346.987456616842
135,Vessel Hull Through Water Longitudinal Speed (knots),-214.88883691926807,11.365583333333335,2024-04-03 04:45:00,ridge_regression,4346.987456616842
136,Vessel Hull Through Water Longitudinal Speed (knots),-312.2947590924212,11.21242816091954,2024-10-26 06:15:00,ridge_regression,4346.987456616842
137,Vessel Hull Through Water Longitudinal Speed (knots),180.41904997984295,11.98714151197202,2024-04-25 14:30:00,ridge_regression,4346.987456616842
138,Vessel Hull Through Water Longitudinal Speed (knots),-563.1781164833288,10.817954365079366,2024-10-18 10:45:00,ridge_regression,4346.987456616842
139,Vessel Hull Through Water Longitudinal Speed (knots),138.63639235842786,11.92144499178982,2024-06-02 01:30:00,ridge_regression,4346.987456616842
140,Vessel Hull Through Water Longitudinal Speed (knots),-479.6697030353454,10.949257936507935,2024-08-22 23:30:00,ridge_regression,4346.987456616842
141,Vessel Hull Through Water Longitudinal Speed (knots),-2192.1972572848035,8.256583333333333,2024-12-22 13:45:00,ridge_regression,4346.987456616842
142,Vessel Hull Through Water Longitudinal Speed (knots),-440.47188489918096,11.010890211640213,2024-08-22 17:45:00,ridge_regression,4346.987456616842
143,Vessel Hull Through Water Longitudinal Speed (knots),1082.548511723912,13.40559523809524,2024-03-22 19:00:00,ridge_regression,4346.987456616842
144,Vessel Hull Through Water Longitudinal Speed (knots),114.59818845116261,11.88364877589454,2024-08-02 04:45:00,ridge_regression,4346.987456616842
145,Vessel Hull Through Water Longitudinal Speed (knots),670.9861655389216,12.758479532163744,2024-03-27 03:15:00,ridge_regression,4346.987456616842
146,Vessel Hull Through Water Longitudinal Speed (knots),-284.88361874879746,11.25552777777778,2024-03-02 08:15:00,ridge_regression,4346.987456616842
147,Vessel Hull Through Water Longitudinal Speed (knots),1042.4472970776835,13.342542517006803,2024-02-29 02:45:00,ridge_regression,4346.987456616842
148,Vessel Hull Through Water Longitudinal Speed (knots),-969.5271766772406,10.179035714285714,2024-08-15 06:30:00,ridge_regression,4346.987456616842
149,Vessel Hull Through Water Longitudinal Speed (knots),448.3668015549763,12.408446327683617,2024-03-16 22:00:00,ridge_regression,4346.987456616842
150,Vessel Hull Through Water Longitudinal Speed (knots),-788.4111989667248,10.463811507936509,2024-08-15 18:15:00,ridge_regression,4346.987456616842
151,Vessel Hull Through Water Longitudinal Speed (knots),686.3308065399877,12.782606516290729,2024-05-11 03:00:00,ridge_regression,4346.987456616842
152,Vessel Hull Through Water Longitudinal Speed (knots),-308.950476739942,11.21768650793651,2024-08-22 13:15:00,ridge_regression,4346.987456616842
153,Vessel Hull Through Water Longitudinal Speed (knots),-332.5125768034207,11.180638888888888,2024-11-05 19:30:00,ridge_regression,4346.987456616842
154,Vessel Hull Through Water Longitudinal Speed (knots),821.1117096547225,12.99452784503632,2024-06-10 03:00:00,ridge_regression,4346.987456616842
155,Vessel Hull Through Water Longitudinal Speed (knots),-158.38533314282563,11.454426020408164,2024-04-14 12:00:00,ridge_regression,4346.987456616842
156,Vessel Hull Through Water Longitudinal Speed (knots),1168.582817968258,13.540870370370367,2024-07-17 00:30:00,ridge_regression,4346.987456616842
157,Vessel Hull Through Water Longitudinal Speed (knots),-409.1676394885109,11.06011111111111,2024-08-20 05:45:00,ridge_regression,4346.987456616842
158,Vessel Hull Through Water Longitudinal Speed (knots),-2000.1917799890975,8.558481116584565,2024-11-19 00:00:00,ridge_regression,4346.987456616842
159,Vessel Hull Through Water Longitudinal Speed (knots),-2376.777136273933,7.966361111111111,2024-12-01 21:00:00,ridge_regression,4346.987456616842
160,Vessel Hull Through Water Longitudinal Speed (knots),-256.59950827199896,11.3,2024-04-02 14:30:00,ridge_regression,4346.987456616842
161,Vessel Hull Through Water Longitudinal Speed (knots),-328.5577984401515,11.186857142857145,2024-08-10 14:15:00,ridge_regression,4346.987456616842
162,Vessel Hull Through Water Longitudinal Speed (knots),1015.3904694478684,13.3,2024-03-24 01:15:00,ridge_regression,4346.987456616842
163,Vessel Hull Through Water Longitudinal Speed (knots),-1354.6562135920483,9.573482142857143,2024-11-12 20:15:00,ridge_regression,4346.987456616842
164,Vessel Hull Through Water Longitudinal Speed (knots),522.6740126827943,12.525282485875708,2024-06-07 14:00:00,ridge_regression,4346.987456616842
165,Vessel Hull Through Water Longitudinal Speed (knots),-729.6115843760304,10.556264460586494,2024-05-10 12:45:00,ridge_regression,4346.987456616842
166,Vessel Hull Through Water Longitudinal Speed (knots),365.3075127723009,12.277848932676518,2024-04-25 01:30:00,ridge_regression,4346.987456616842
167,Vessel Hull Through Water Longitudinal Speed (knots),-574.0670068779147,10.800833333333337,2024-12-09 21:15:00,ridge_regression,4346.987456616842
168,Vessel Hull Through Water Longitudinal Speed (knots),771.8299747198146,12.91704022988506,2024-03-27 10:00:00,ridge_regression,4346.987456616842
169,Vessel Hull Through Water Longitudinal Speed (knots),655.5740961844266,12.734246527777778,2024-02-25 16:15:00,ridge_regression,4346.987456616842
170,Vessel Hull Through Water Longitudinal Speed (knots),-77.92825596235404,11.580931855500822,2024-04-25 04:00:00,ridge_regression,4346.987456616842
171,Vessel Hull Through Water Longitudinal Speed (knots),-1712.535229626607,9.010774853801168,2024-12-28 21:15:00,ridge_regression,4346.987456616842
172,Vessel Hull Through Water Longitudinal Speed (knots),855.0001568426455,13.047811986863712,2024-02-26 19:00:00,ridge_regression,4346.987456616842
173,Vessel Hull Through Water Longitudinal Speed (knots),-1666.2462267618953,9.083556878306878,2024-08-27 13:00:00,ridge_regression,4346.987456616842
174,Vessel Hull Through Water Longitudinal Speed (knots),1196.2807390901364,13.584420903954802,2024-04-23 21:45:00,ridge_regression,4346.987456616842
175,Vessel Hull Through Water Longitudinal Speed (knots),462.1844834481501,12.430172413793104,2024-02-17 16:15:00,ridge_regression,4346.987456616842
176,Vessel Hull Through Water Longitudinal Speed (knots),-448.1576656111189,10.998805555555554,2024-08-19 20:15:00,ridge_regression,4346.987456616842
177,Vessel Hull Through Water Longitudinal Speed (knots),895.2282178191591,13.111064153439152,2024-08-08 07:45:00,ridge_regression,4346.987456616842
178,Vessel Hull Through Water Longitudinal Speed (knots),1072.1451851726347,13.38923767752715,2024-03-22 20:15:00,ridge_regression,4346.987456616842
179,Vessel Hull Through Water Longitudinal Speed (knots),-1575.9988743479555,9.225456349206349,2024-08-25 11:45:00,ridge_regression,4346.987456616842
180,Vessel Hull Through Water Longitudinal Speed (knots),-519.3461999395788,10.886873015873016,2024-10-31 09:00:00,ridge_regression,4346.987456616842
181,Vessel Hull Through Water Longitudinal Speed (knots),-259.80892742874636,11.294953703703705,2024-12-16 02:15:00,ridge_regression,4346.987456616842
182,Vessel Hull Through Water Longitudinal Speed (knots),879.7645380734871,13.08675,2024-07-18 00:00:00,ridge_regression,4346.987456616842
183,Vessel Hull Through Water Longitudinal Speed (knots),-943.5837505491525,10.219827586206897,2024-08-17 22:30:00,ridge_regression,4346.987456616842
184,Vessel Hull Through Water Longitudinal Speed (knots),233.40572178144785,12.070454545454544,2024-02-14 13:45:00,ridge_regression,4346.987456616842
185,Vessel Hull Through Water Longitudinal Speed (knots),678.0616019101819,12.769604519774012,2024-06-08 10:30:00,ridge_regression,4346.987456616842
186,Vessel Hull Through Water Longitudinal Speed (knots),-165.44022653541077,11.443333333333332,2024-08-14 20:30:00,ridge_regression,4346.987456616842
187,Vessel Hull Through Water Longitudinal Speed (knots),958.6506307988652,13.210785714285716,2024-02-28 03:15:00,ridge_regression,4346.987456616842
188,Vessel Hull Through Water Longitudinal Speed (knots),-550.756023883454,10.837486111111112,2024-10-16 23:30:00,ridge_regression,4346.987456616842
189,Vessel Hull Through Water Longitudinal Speed (knots),2.329353827949319,11.707124060150376,2024-05-06 03:00:00,ridge_regression,4346.987456616842
190,Vessel Hull Through Water Longitudinal Speed (knots),-326.15557133606484,11.19063425925926,2024-08-18 20:15:00,ridge_regression,4346.987456616842
191,Vessel Hull Through Water Longitudinal Speed (knots),-992.5088051239014,10.142900793650794,2024-11-02 00:45:00,ridge_regression,4346.987456616842
192,Vessel Hull Through Water Longitudinal Speed (knots),-1179.9481377732614,9.84818253968254,2024-12-23 18:30:00,ridge_regression,4346.987456616842
193,Vessel Hull Through Water Longitudinal Speed (knots),562.4642978899651,12.58784632034632,2024-02-20 05:30:00,ridge_regression,4346.987456616842
194,Vessel Hull Through Water Longitudinal Speed (knots),224.57692600023202,12.05657268170426,2024-06-01 18:45:00,ridge_regression,4346.987456616842
195,Vessel Hull Through Water Longitudinal Speed (knots),1018.5704443921676,13.305,2024-03-23 23:15:00,ridge_regression,4346.987456616842
196,Vessel Hull Through Water Longitudinal Speed (knots),-606.5734174196452,10.749722222222225,2024-10-31 11:15:00,ridge_regression,4346.987456616842
197,Vessel Hull Through Water Longitudinal Speed (knots),953.5067197549849,13.202697740112994,2024-03-10 10:15:00,ridge_regression,4346.987456616842
198,Vessel Hull Through Water Longitudinal Speed (knots),1047.569137322853,13.3505957883924,2024-02-27 18:30:00,ridge_regression,4346.987456616842
199,Vessel Hull Through Water Longitudinal Speed (knots),-409.95506185567,11.058873015873017,2024-12-14 09:30:00,ridge_regression,4346.987456616842
0,Day of Year,-1528.118821995864,357.0,2024-12-22 11:30:00,ridge_regression,4346.987456616842
1,Day of Year,1078.789250121237,69.0,2024-03-09 10:00:00,ridge_regression,4346.987456616842
2,Day of Year,771.0292693851902,103.0,2024-04-12 18:15:00,ridge_regression,4346.987456616842
3,Day of Year,-269.9236066337923,218.0,2024-08-05 02:15:00,ridge_regression,4346.987456616842
4,Day of Year,-441.9071252804058,237.0,2024-08-24 05:00:00,ridge_regression,4346.987456616842
5,Day of Year,626.2010431564632,119.0,2024-04-28 22:15:00,ridge_regression,4346.987456616842
6,Day of Year,617.1492790171666,120.0,2024-04-29 15:00:00,ridge_regression,4346.987456616842
7,Day of Year,-441.9071252804055,237.0,2024-08-24 07:30:00,ridge_regression,4346.987456616842
8,Day of Year,-1510.0152937172738,355.0,2024-12-20 13:45:00,ridge_regression,4346.987456616842
9,Day of Year,-1546.2223502744553,359.0,2024-12-24 11:45:00,ridge_regression,4346.987456616842
10,Day of Year,-631.9941722056114,258.0,2024-09-14 02:00:00,ridge_regression,4346.987456616842
11,Day of Year,1332.238646021512,41.0,2024-02-10 19:00:00,ridge_regression,4346.987456616842
12,Day of Year,-613.8906439270211,256.0,2024-09-12 02:45:00,ridge_regression,4346.987456616842
13,Day of Year,562.8386941813937,126.0,2024-05-05 15:30:00,ridge_regression,4346.987456616842
14,Day of Year,-641.0459363449064,259.0,2024-09-15 02:15:00,ridge_regression,4346.987456616842
15,Day of Year,861.5469107781445,93.0,2024-04-02 01:45:00,ridge_regression,4346.987456616842
16,Day of Year,-1573.3776426923432,362.0,2024-12-27 03:45:00,ridge_regression,4346.987456616842
17,Day of Year,1051.6339577033511,72.0,2024-03-12 02:45:00,ridge_regression,4346.987456616842
18,Day of Year,1006.375137006873,77.0,2024-03-17 07:45:00,ridge_regression,4346.987456616842
19,Day of Year,-1455.7047088815027,349.0,2024-12-14 15:15:00,ridge_regression,4346.987456616842
20,Day of Year,-1012.168266056022,300.0,2024-10-26 01:45:00,ridge_regression,4346.987456616842
21,Day of Year,870.5986749174406,92.0,2024-04-01 22:00:00,ridge_regression,4346.987456616842
22,Day of Year,508.5281093456216,132.0,2024-05-11 08:45:00,ridge_regression,4346.987456616842
23,Day of Year,608.097514877871,121.0,2024-04-30 21:45:00,ridge_regression,4346.987456616842
24,Day of Year,-242.76831421590504,215.0,2024-08-02 07:15:00,ridge_regression,4346.987456616842
25,Day of Year,1169.3068915141905,59.0,2024-02-28 08:00:00,ridge_regression,4346.987456616842
26,Day of Year,1133.099834957011,63.0,2024-03-03 03:45:00,ridge_regression,4346.987456616842
27,Day of Year,-1156.9964922847496,316.0,2024-11-11 13:30:00,ridge_regression,4346.987456616842
28,Day of Year,1169.306891514192,59.0,2024-02-28 17:45:00,ridge_regression,4346.987456616842
29,Day of Year,1268.876297046442,48.0,2024-02-17 22:00:00,ridge_regression,4346.987456616842
30,Day of Year,-1238.4623695384096,325.0,2024-11-20 07:00:00,ridge_regression,4346.987456616842
31,Day of Year,1196.4621839320785,56.0,2024-02-25 02:30:00,ridge_regression,4346.987456616842
32,Day of Year,1069.737485981941,70.0,2024-03-10 23:15:00,ridge_regression,4346.987456616842
33,Day of Year,979.2198445889871,80.0,2024-03-20 15:30:00,ridge_regression,4346.987456616842
34,Day of Year,-378.54477630533796,230.0,2024-08-17 00:15:00,ridge_regression,4346.987456616842
35,Day of Year,282.23400586323373,157.0,2024-06-05 05:15:00,ridge_regression,4346.987456616842
36,Day of Year,-125.09538040506351,202.0,2024-07-20 01:30:00,ridge_regression,4346.987456616842
37,Day of Year,-1156.9964922847496,316.0,2024-11-11 15:15:00,ridge_regression,4346.987456616842
38,Day of Year,1296.0315894643302,45.0,2024-02-14 05:30:00,ridge_regression,4346.987456616842
39,Day of Year,1277.928061185738,47.0,2024-02-16 01:00:00,ridge_regression,4346.987456616842
40,Day of Year,-613.8906439270198,256.0,2024-09-12 03:30:00,ridge_regression,4346.987456616842
41,Day of Year,589.9939865992798,123.0,2024-05-02 05:30:00,ridge_regression,4346.987456616842
42,Day of Year,-641.0459363449057,259.0,2024-09-15 14:15:00,ridge_regression,4346.987456616842
43,Day of Year,-423.80359700181543,235.0,2024-08-22 00:30:00,ridge_regression,4346.987456616842
44,Day of Year,-170.35420110154135,207.0,2024-07-25 09:45:00,ridge_regression,4346.987456616842
45,Day of Year,-1582.4294068316387,363.0,2024-12-28 23:30:00,ridge_regression,4346.987456616842
46,Day of Year,-641.0459363449065,259.0,2024-09-15 19:00:00,ridge_regression,4346.987456616842
47,Day of Year,789.132797663781,101.0,2024-04-10 16:45:00,ridge_regression,4346.987456616842
48,Day of Year,-957.8576812202491,294.0,2024-10-20 09:15:00,ridge_regression,4346.987456616842
49,Day of Year,-161.30243696224593,206.0,2024-07-24 18:30:00,ridge_regression,4346.987456616842
50,Day of Year,1214.5657122106697,54.0,2024-02-23 12:30:00,ridge_regression,4346.987456616842
51,Day of Year,-1084.5823791703856,308.0,2024-11-03 22:00:00,ridge_regression,4346.987456616842
52,Day of Year,1169.3068915141912,59.0,2024-02-28 14:30:00,ridge_regression,4346.987456616842
53,Day of Year,-1138.8929640061588,314.0,2024-11-09 07:30:00,ridge_regression,4346.987456616842
54,Day of Year,-432.8553611411104,236.0,2024-08-23 03:15:00,ridge_regression,4346.987456616842
55,Day of Year,1160.2551273748961,60.0,2024-02-29 22:45:00,ridge_regression,4346.987456616842
56,Day of Year,-1473.8082371600929,351.0,2024-12-16 01:30:00,ridge_regression,4346.987456616842
57,Day of Year,-668.2012287627928,262.0,2024-09-18 22:45:00,ridge_regression,4346.987456616842
58,Day of Year,662.4080997136446,115.0,2024-04-24 16:30:00,ridge_regression,4346.987456616842
59,Day of Year,1205.5139480713744,55.0,2024-02-24 23:15:00,ridge_regression,4346.987456616842
60,Day of Year,-631.9941722056109,258.0,2024-09-14 11:00:00,ridge_regression,4346.987456616842
61,Day of Year,635.2528072957576,118.0,2024-04-27 12:45:00,ridge_regression,4346.987456616842
62,Day of Year,-88.88832384788172,198.0,2024-07-16 23:30:00,ridge_regression,4346.987456616842
63,Day of Year,-106.99185212647315,200.0,2024-07-18 08:00:00,ridge_regression,4346.987456616842
64,Day of Year,852.4951466388492,94.0,2024-04-03 06:15:00,ridge_regression,4346.987456616842
65,Day of Year,-260.8718424944966,217.0,2024-08-04 14:45:00,ridge_regression,4346.987456616842
66,Day of Year,1006.375137006873,77.0,2024-03-17 21:45:00,ridge_regression,4346.987456616842
67,Day of Year,-297.0788990516777,221.0,2024-08-08 08:30:00,ridge_regression,4346.987456616842
68,Day of Year,-1555.274114413752,360.0,2024-12-25 00:15:00,ridge_regression,4346.987456616842
69,Day of Year,-1482.8600012993886,352.0,2024-12-17 16:45:00,ridge_regression,4346.987456616842
70,Day of Year,-423.8035970018156,235.0,2024-08-22 22:45:00,ridge_regression,4346.987456616842
71,Day of Year,1006.375137006873,77.0,2024-03-17 20:15:00,ridge_regression,4346.987456616842
72,Day of Year,1268.876297046442,48.0,2024-02-17 09:15:00,ridge_regression,4346.987456616842
73,Day of Year,1151.2033632356013,61.0,2024-03-01 06:00:00,ridge_regression,4346.987456616842
74,Day of Year,-360.44124802674725,228.0,2024-08-15 18:00:00,ridge_regression,4346.987456616842
75,Day of Year,-97.94008798717724,199.0,2024-07-17 19:00:00,ridge_regression,4346.987456616842
76,Day of Year,861.546910778145,93.0,2024-04-02 12:15:00,ridge_regression,4346.987456616842
77,Day of Year,-278.9753707730877,219.0,2024-08-06 22:30:00,ridge_regression,4346.987456616842
78,Day of Year,-1482.8600012993886,352.0,2024-12-17 15:00:00,ridge_regression,4346.987456616842
79,Day of Year,1241.7210046285568,51.0,2024-02-20 16:15:00,ridge_regression,4346.987456616842
80,Day of Year,-677.2529929020895,263.0,2024-09-19 23:30:00,ridge_regression,4346.987456616842
81,Day of Year,-1156.9964922847507,316.0,2024-11-11 06:00:00,ridge_regression,4346.987456616842
82,Day of Year,-396.64830458392845,232.0,2024-08-19 12:30:00,ridge_regression,4346.987456616842
83,Day of Year,-659.149464623498,261.0,2024-09-17 09:00:00,ridge_regression,4346.987456616842
84,Day of Year,-1175.100020563341,318.0,2024-11-13 04:45:00,ridge_regression,4346.987456616842
85,Day of Year,508.5281093456212,132.0,2024-05-11 13:15:00,ridge_regression,4346.987456616842
86,Day of Year,743.8739769673037,106.0,2024-04-15 05:00:00,ridge_regression,4346.987456616842
87,Day of Year,-631.9941722056109,258.0,2024-09-14 10:00:00,ridge_regression,4346.987456616842
88,Day of Year,535.683401763508,129.0,2024-05-08 14:30:00,ridge_regression,4346.987456616842
89,Day of Year,-1564.325878553048,361.0,2024-12-26 19:15:00,ridge_regression,4346.987456616842
90,Day of Year,1169.3068915141923,59.0,2024-02-28 15:45:00,ridge_regression,4346.987456616842
91,Day of Year,-125.09538040506355,202.0,2024-07-20 22:15:00,ridge_regression,4346.987456616842
92,Day of Year,1024.4786652854652,75.0,2024-03-15 00:15:00,ridge_regression,4346.987456616842
93,Day of Year,644.3045714350534,117.0,2024-04-26 14:00:00,ridge_regression,4346.987456616842
94,Day of Year,-405.7000687232242,233.0,2024-08-20 10:00:00,ridge_regression,4346.987456616842
95,Day of Year,-631.9941722056107,258.0,2024-09-14 14:30:00,ridge_regression,4346.987456616842
96,Day of Year,-1328.980010931365,335.0,2024-11-30 23:30:00,ridge_regression,4346.987456616842
97,Day of Year,626.2010431564623,119.0,2024-04-28 19:00:00,ridge_regression,4346.987456616842
98,Day of Year,562.8386941813942,126.0,2024-05-05 15:45:00,ridge_regression,4346.987456616842
99,Day of Year,-88.8883238478822,198.0,2024-07-16 12:00:00,ridge_regression,4346.987456616842
100,Day of Year,-152.2506728229504,205.0,2024-07-23 00:30:00,ridge_regression,4346.987456616842
101,Day of Year,-1528.1188219958647,357.0,2024-12-22 13:15:00,ridge_regression,4346.987456616842
102,Day of Year,924.9092597532139,86.0,2024-03-26 15:00:00,ridge_regression,4346.987456616842
103,Day of Year,-297.07889905167826,221.0,2024-08-08 16:15:00,ridge_regression,4346.987456616842
104,Day of Year,-351.3894838874505,227.0,2024-08-14 09:30:00,ridge_regression,4346.987456616842
105,Day of Year,1187.4104197927822,57.0,2024-02-26 12:00:00,ridge_regression,4346.987456616842
106,Day of Year,1169.306891514192,59.0,2024-02-28 09:30:00,ridge_regression,4346.987456616842
107,Day of Year,1341.2904101608065,40.0,2024-02-09 05:45:00,ridge_regression,4346.987456616842
108,Day of Year,-260.87184249449655,217.0,2024-08-04 02:30:00,ridge_regression,4346.987456616842
109,Day of Year,-125.09538040506341,202.0,2024-07-20 09:00:00,ridge_regression,4346.987456616842
110,Day of Year,1151.203363235602,61.0,2024-03-01 09:30:00,ridge_regression,4346.987456616842
111,Day of Year,-677.2529929020897,263.0,2024-09-19 01:00:00,ridge_regression,4346.987456616842
112,Day of Year,-260.87184249449666,217.0,2024-08-04 01:45:00,ridge_regression,4346.987456616842
113,Day of Year,-1528.118821995865,357.0,2024-12-22 01:45:00,ridge_regression,4346.987456616842
114,Day of Year,1305.0833536036246,44.0,2024-02-13 18:00:00,ridge_regression,4346.987456616842
115,Day of Year,-378.5447763053377,230.0,2024-08-17 03:45:00,ridge_regression,4346.987456616842
116,Day of Year,-1338.03177507066,336.0,2024-12-01 21:30:00,ridge_regression,4346.987456616842
117,Day of Year,915.8574956139184,87.0,2024-03-27 03:00:00,ridge_regression,4346.987456616842
118,Day of Year,-985.0129736381355,297.0,2024-10-23 08:00:00,ridge_regression,4346.987456616842
119,Day of Year,1268.8762970464418,48.0,2024-02-17 12:45:00,ridge_regression,4346.987456616842
120,Day of Year,-677.2529929020895,263.0,2024-09-19 03:30:00,ridge_regression,4346.987456616842
121,Day of Year,1214.565712210669,54.0,2024-02-23 13:30:00,ridge_regression,4346.987456616842
122,Day of Year,626.2010431564624,119.0,2024-04-28 09:30:00,ridge_regression,4346.987456616842
123,Day of Year,626.2010431564622,119.0,2024-04-28 04:30:00,ridge_regression,4346.987456616842
124,Day of Year,644.3045714350538,117.0,2024-04-26 23:15:00,ridge_regression,4346.987456616842
125,Day of Year,-668.2012287627936,262.0,2024-09-18 01:00:00,ridge_regression,4346.987456616842
126,Day of Year,-351.3894838874515,227.0,2024-08-14 04:30:00,ridge_regression,4346.987456616842
127,Day of Year,-1175.1000205633406,318.0,2024-11-13 15:00:00,ridge_regression,4346.987456616842
128,Day of Year,553.7869300420979,127.0,2024-05-06 15:00:00,ridge_regression,4346.987456616842
129,Day of Year,626.2010431564631,119.0,2024-04-28 11:45:00,ridge_regression,4346.987456616842
130,Day of Year,-1111.7376715882722,311.0,2024-11-06 06:45:00,ridge_regression,4346.987456616842
131,Day of Year,-414.75183286251996,234.0,2024-08-21 08:30:00,ridge_regression,4346.987456616842
132,Day of Year,780.0810335244861,102.0,2024-04-11 21:30:00,ridge_regression,4346.987456616842
133,Day of Year,-1156.9964922847496,316.0,2024-11-11 10:30:00,ridge_regression,4346.987456616842
134,Day of Year,-1464.7564730207969,350.0,2024-12-15 14:45:00,ridge_regression,4346.987456616842
135,Day of Year,852.4951466388487,94.0,2024-04-03 04:45:00,ridge_regression,4346.987456616842
136,Day of Year,-1012.1682660560218,300.0,2024-10-26 06:15:00,ridge_regression,4346.987456616842
137,Day of Year,653.3563355743485,116.0,2024-04-25 14:30:00,ridge_regression,4346.987456616842
138,Day of Year,-939.7541529416577,292.0,2024-10-18 10:45:00,ridge_regression,4346.987456616842
139,Day of Year,309.3892982811202,154.0,2024-06-02 01:30:00,ridge_regression,4346.987456616842
140,Day of Year,-423.80359700181543,235.0,2024-08-22 23:30:00,ridge_regression,4346.987456616842
141,Day of Year,-1528.1188219958651,357.0,2024-12-22 13:45:00,ridge_regression,4346.987456616842
142,Day of Year,-423.803597001815,235.0,2024-08-22 17:45:00,ridge_regression,4346.987456616842
143,Day of Year,961.1163163103946,82.0,2024-03-22 19:00:00,ridge_regression,4346.987456616842
144,Day of Year,-242.76831421590504,215.0,2024-08-02 04:45:00,ridge_regression,4346.987456616842
145,Day of Year,915.857495613918,87.0,2024-03-27 03:15:00,ridge_regression,4346.987456616842
146,Day of Year,1142.1515990963053,62.0,2024-03-02 08:15:00,ridge_regression,4346.987456616842
147,Day of Year,1160.255127374896,60.0,2024-02-29 02:45:00,ridge_regression,4346.987456616842
148,Day of Year,-360.44124802674787,228.0,2024-08-15 06:30:00,ridge_regression,4346.987456616842
149,Day of Year,1015.4269011461685,76.0,2024-03-16 22:00:00,ridge_regression,4346.987456616842
150,Day of Year,-360.44124802674736,228.0,2024-08-15 18:15:00,ridge_regression,4346.987456616842
151,Day of Year,508.5281093456209,132.0,2024-05-11 03:00:00,ridge_regression,4346.987456616842
152,Day of Year,-423.8035970018157,235.0,2024-08-22 13:15:00,ridge_regression,4346.987456616842
153,Day of Year,-1102.685907448976,310.0,2024-11-05 19:30:00,ridge_regression,4346.987456616842
154,Day of Year,236.9751851667557,162.0,2024-06-10 03:00:00,ridge_regression,4346.987456616842
155,Day of Year,752.9257411065995,105.0,2024-04-14 12:00:00,ridge_regression,4346.987456616842
156,Day of Year,-97.94008798717678,199.0,2024-07-17 00:30:00,ridge_regression,4346.987456616842
157,Day of Year,-405.7000687232245,233.0,2024-08-20 05:45:00,ridge_regression,4346.987456616842
158,Day of Year,-1229.4106053991134,324.0,2024-11-19 00:00:00,ridge_regression,4346.987456616842
159,Day of Year,-1338.0317750706597,336.0,2024-12-01 21:00:00,ridge_regression,4346.987456616842
160,Day of Year,861.5469107781441,93.0,2024-04-02 14:30:00,ridge_regression,4346.987456616842
161,Day of Year,-315.18242733026943,223.0,2024-08-10 14:15:00,ridge_regression,4346.987456616842
162,Day of Year,943.0127880318037,84.0,2024-03-24 01:15:00,ridge_regression,4346.987456616842
163,Day of Year,-1166.048256424045,317.0,2024-11-12 20:15:00,ridge_regression,4346.987456616842
164,Day of Year,264.1304775846419,159.0,2024-06-07 14:00:00,ridge_regression,4346.987456616842
165,Day of Year,517.579873484917,131.0,2024-05-10 12:45:00,ridge_regression,4346.987456616842
166,Day of Year,653.3563355743482,116.0,2024-04-25 01:30:00,ridge_regression,4346.987456616842
167,Day of Year,-1410.445888185024,344.0,2024-12-09 21:15:00,ridge_regression,4346.987456616842
168,Day of Year,915.8574956139174,87.0,2024-03-27 10:00:00,ridge_regression,4346.987456616842
169,Day of Year,1196.462183932079,56.0,2024-02-25 16:15:00,ridge_regression,4346.987456616842
170,Day of Year,653.3563355743481,116.0,2024-04-25 04:00:00,ridge_regression,4346.987456616842
171,Day of Year,-1582.4294068316383,363.0,2024-12-28 21:15:00,ridge_regression,4346.987456616842
172,Day of Year,1187.4104197927834,57.0,2024-02-26 19:00:00,ridge_regression,4346.987456616842
173,Day of Year,-469.0624176982929,240.0,2024-08-27 13:00:00,ridge_regression,4346.987456616842
174,Day of Year,671.4598638529392,114.0,2024-04-23 21:45:00,ridge_regression,4346.987456616842
175,Day of Year,1268.876297046442,48.0,2024-02-17 16:15:00,ridge_regression,4346.987456616842
176,Day of Year,-396.6483045839285,232.0,2024-08-19 20:15:00,ridge_regression,4346.987456616842
177,Day of Year,-297.07889905167775,221.0,2024-08-08 07:45:00,ridge_regression,4346.987456616842
178,Day of Year,961.1163163103951,82.0,2024-03-22 20:15:00,ridge_regression,4346.987456616842
179,Day of Year,-450.9588894197015,238.0,2024-08-25 11:45:00,ridge_regression,4346.987456616842
180,Day of Year,-1057.4270867525001,305.0,2024-10-31 09:00:00,ridge_regression,4346.987456616842
181,Day of Year,-1473.808237160092,351.0,2024-12-16 02:15:00,ridge_regression,4346.987456616842
182,Day of Year,-106.99185212647332,200.0,2024-07-18 00:00:00,ridge_regression,4346.987456616842
183,Day of Year,-378.5447763053375,230.0,2024-08-17 22:30:00,ridge_regression,4346.987456616842
184,Day of Year,1296.0315894643293,45.0,2024-02-14 13:45:00,ridge_regression,4346.987456616842
185,Day of Year,255.0787134453477,160.0,2024-06-08 10:30:00,ridge_regression,4346.987456616842
186,Day of Year,-351.38948388745104,227.0,2024-08-14 20:30:00,ridge_regression,4346.987456616842
187,Day of Year,1169.3068915141905,59.0,2024-02-28 03:15:00,ridge_regression,4346.987456616842
188,Day of Year,-921.6506246630664,290.0,2024-10-16 23:30:00,ridge_regression,4346.987456616842
189,Day of Year,553.7869300420979,127.0,2024-05-06 03:00:00,ridge_regression,4346.987456616842
190,Day of Year,-387.5965404446324,231.0,2024-08-18 20:15:00,ridge_regression,4346.987456616842
191,Day of Year,-1075.53061503109,307.0,2024-11-02 00:45:00,ridge_regression,4346.987456616842
192,Day of Year,-1537.17058613516,358.0,2024-12-23 18:30:00,ridge_regression,4346.987456616842
193,Day of Year,1241.7210046285543,51.0,2024-02-20 05:30:00,ridge_regression,4346.987456616842
194,Day of Year,318.4410624204155,153.0,2024-06-01 18:45:00,ridge_regression,4346.987456616842
195,Day of Year,952.0645521710992,83.0,2024-03-23 23:15:00,ridge_regression,4346.987456616842
196,Day of Year,-1057.4270867524997,305.0,2024-10-31 11:15:00,ridge_regression,4346.987456616842
197,Day of Year,1069.7374859819404,70.0,2024-03-10 10:15:00,ridge_regression,4346.987456616842
198,Day of Year,1178.3586556534872,58.0,2024-02-27 18:30:00,ridge_regression,4346.987456616842
199,Day of Year,-1455.7047088815018,349.0,2024-12-14 09:30:00,ridge_regression,4346.987456616842
0,Vessel External Conditions Wave Period (Provider S),704.9257118145531,8.2771,2024-12-22 11:30:00,ridge_regression,4346.987456616842
1,Vessel External Conditions Wave Period (Provider S),-302.12047545503765,2.3437,2024-03-09 10:00:00,ridge_regression,4346.987456616842
2,Vessel External Conditions Wave Period (Provider S),115.64058655753053,4.8051,2024-04-12 18:15:00,ridge_regression,4346.987456616842
3,Vessel External Conditions Wave Period (Provider S),-419.16282060977375,1.6541,2024-08-05 02:15:00,ridge_regression,4346.987456616842
4,Vessel External Conditions Wave Period (Provider S),241.86505304763628,5.5488,2024-08-24 05:00:00,ridge_regression,4346.987456616842
5,Vessel External Conditions Wave Period (Provider S),390.84963915092345,6.4266,2024-04-28 22:15:00,ridge_regression,4346.987456616842
6,Vessel External Conditions Wave Period (Provider S),595.7586056609484,7.6339,2024-04-29 15:00:00,ridge_regression,4346.987456616842
7,Vessel External Conditions Wave Period (Provider S),222.2448455361987,5.4332,2024-08-24 07:30:00,ridge_regression,4346.987456616842
8,Vessel External Conditions Wave Period (Provider S),567.4145342560163,7.4669,2024-12-20 13:45:00,ridge_regression,4346.987456616842
9,Vessel External Conditions Wave Period (Provider S),16.215694168255002,4.2193,2024-12-24 11:45:00,ridge_regression,4346.987456616842
10,Vessel External Conditions Wave Period (Provider S),149.0933798144886,5.0022,2024-09-14 02:00:00,ridge_regression,4346.987456616842
11,Vessel External Conditions Wave Period (Provider S),224.026957810161,5.4437,2024-02-10 19:00:00,ridge_regression,4346.987456616842
12,Vessel External Conditions Wave Period (Provider S),-406.9426221597434,1.7261,2024-09-12 02:45:00,ridge_regression,4346.987456616842
13,Vessel External Conditions Wave Period (Provider S),312.36880910517345,5.9642,2024-05-05 15:30:00,ridge_regression,4346.987456616842
14,Vessel External Conditions Wave Period (Provider S),389.7124817951567,6.4199,2024-09-15 02:15:00,ridge_regression,4346.987456616842
15,Vessel External Conditions Wave Period (Provider S),73.02264446304952,4.554,2024-04-02 01:45:00,ridge_regression,4346.987456616842
16,Vessel External Conditions Wave Period (Provider S),-204.9020077859068,2.9165,2024-12-27 03:45:00,ridge_regression,4346.987456616842
17,Vessel External Conditions Wave Period (Provider S),-249.81123708976887,2.6519,2024-03-12 02:45:00,ridge_regression,4346.987456616842
18,Vessel External Conditions Wave Period (Provider S),54.21711684828094,4.4432,2024-03-17 07:45:00,ridge_regression,4346.987456616842
19,Vessel External Conditions Wave Period (Provider S),-71.14175225161547,3.7046,2024-12-14 15:15:00,ridge_regression,4346.987456616842
20,Vessel External Conditions Wave Period (Provider S),-217.88596863906395,2.84,2024-10-26 01:45:00,ridge_regression,4346.987456616842
21,Vessel External Conditions Wave Period (Provider S),99.97497104450542,4.7128,2024-04-01 22:00:00,ridge_regression,4346.987456616842
22,Vessel External Conditions Wave Period (Provider S),-230.59836952666566,2.7651,2024-05-11 08:45:00,ridge_regression,4346.987456616842
23,Vessel External Conditions Wave Period (Provider S),-28.88023261192693,3.9536,2024-04-30 21:45:00,ridge_regression,4346.987456616842
24,Vessel External Conditions Wave Period (Provider S),328.0174521203509,6.0564,2024-08-02 07:15:00,ridge_regression,4346.987456616842
25,Vessel External Conditions Wave Period (Provider S),-295.2126688312001,2.3844,2024-02-28 08:00:00,ridge_regression,4346.987456616842
26,Vessel External Conditions Wave Period (Provider S),320.46469057831797,6.0119,2024-03-03 03:45:00,ridge_regression,4346.987456616842
27,Vessel External Conditions Wave Period (Provider S),-223.2492779588002,2.8084,2024-11-11 13:30:00,ridge_regression,4346.987456616842
28,Vessel External Conditions Wave Period (Provider S),-422.93071513186635,1.6319,2024-02-28 17:45:00,ridge_regression,4346.987456616842
29,Vessel External Conditions Wave Period (Provider S),224.51916024773186,5.4466,2024-02-17 22:00:00,ridge_regression,4346.987456616842
30,Vessel External Conditions Wave Period (Provider S),-227.25478745075426,2.7848,2024-11-20 07:00:00,ridge_regression,4346.987456616842
31,Vessel External Conditions Wave Period (Provider S),-44.800435592661465,3.8598,2024-02-25 02:30:00,ridge_regression,4346.987456616842
32,Vessel External Conditions Wave Period (Provider S),-280.87090815026255,2.4689,2024-03-10 23:15:00,ridge_regression,4346.987456616842
33,Vessel External Conditions Wave Period (Provider S),-153.1358893517502,3.2215,2024-03-20 15:30:00,ridge_regression,4346.987456616842
34,Vessel External Conditions Wave Period (Provider S),-39.53896126000893,3.8908,2024-08-17 00:15:00,ridge_regression,4346.987456616842
35,Vessel External Conditions Wave Period (Provider S),-94.92022173563299,3.5645,2024-06-05 05:15:00,ridge_regression,4346.987456616842
36,Vessel External Conditions Wave Period (Provider S),-328.20720464628306,2.19,2024-07-20 01:30:00,ridge_regression,4346.987456616842
37,Vessel External Conditions Wave Period (Provider S),-236.6575512581392,2.7294,2024-11-11 15:15:00,ridge_regression,4346.987456616842
38,Vessel External Conditions Wave Period (Provider S),279.52702577071636,5.7707,2024-02-14 05:30:00,ridge_regression,4346.987456616842
39,Vessel External Conditions Wave Period (Provider S),-92.18764958222279,3.5806,2024-02-16 01:00:00,ridge_regression,4346.987456616842
40,Vessel External Conditions Wave Period (Provider S),-400.57793546701856,1.7636,2024-09-12 03:30:00,ridge_regression,4346.987456616842
41,Vessel External Conditions Wave Period (Provider S),607.9109141195893,7.7055,2024-05-02 05:30:00,ridge_regression,4346.987456616842
42,Vessel External Conditions Wave Period (Provider S),365.10235991662364,6.2749,2024-09-15 14:15:00,ridge_regression,4346.987456616842
43,Vessel External Conditions Wave Period (Provider S),-274.77778142309484,2.5048,2024-08-22 00:30:00,ridge_regression,4346.987456616842
44,Vessel External Conditions Wave Period (Provider S),322.73900528985155,6.0253,2024-07-25 09:45:00,ridge_regression,4346.987456616842
45,Vessel External Conditions Wave Period (Provider S),98.37955624686228,4.7034,2024-12-28 23:30:00,ridge_regression,4346.987456616842
46,Vessel External Conditions Wave Period (Provider S),342.12159783142755,6.1395,2024-09-15 19:00:00,ridge_regression,4346.987456616842
47,Vessel External Conditions Wave Period (Provider S),-474.91747603803765,1.3256,2024-04-10 16:45:00,ridge_regression,4346.987456616842
48,Vessel External Conditions Wave Period (Provider S),191.42278944556537,5.2516,2024-10-20 09:15:00,ridge_regression,4346.987456616842
49,Vessel External Conditions Wave Period (Provider S),40.48636608984323,4.3623,2024-07-24 18:30:00,ridge_regression,4346.987456616842
50,Vessel External Conditions Wave Period (Provider S),-11.262779846466628,4.0574,2024-02-23 12:30:00,ridge_regression,4346.987456616842
51,Vessel External Conditions Wave Period (Provider S),285.84079496989773,5.8079,2024-11-03 22:00:00,ridge_regression,4346.987456616842
52,Vessel External Conditions Wave Period (Provider S),-352.4948490657194,2.0469,2024-02-28 14:30:00,ridge_regression,4346.987456616842
53,Vessel External Conditions Wave Period (Provider S),-87.84269013332444,3.6062,2024-11-09 07:30:00,ridge_regression,4346.987456616842
54,Vessel External Conditions Wave Period (Provider S),-298.1489109587782,2.3671,2024-08-23 03:15:00,ridge_regression,4346.987456616842
55,Vessel External Conditions Wave Period (Provider S),-302.10350295719036,2.3438,2024-02-29 22:45:00,ridge_regression,4346.987456616842
56,Vessel External Conditions Wave Period (Provider S),-562.3088674536025,0.8107,2024-12-16 01:30:00,ridge_regression,4346.987456616842
57,Vessel External Conditions Wave Period (Provider S),-278.2741159796311,2.4842,2024-09-18 22:45:00,ridge_regression,4346.987456616842
58,Vessel External Conditions Wave Period (Provider S),45.06894050860459,4.3893,2024-04-24 16:30:00,ridge_regression,4346.987456616842
59,Vessel External Conditions Wave Period (Provider S),15.87624421130931,4.2173,2024-02-24 23:15:00,ridge_regression,4346.987456616842
60,Vessel External Conditions Wave Period (Provider S),332.27754908001384,6.0815,2024-09-14 11:00:00,ridge_regression,4346.987456616842
61,Vessel External Conditions Wave Period (Provider S),623.5765296326141,7.7978,2024-04-27 12:45:00,ridge_regression,4346.987456616842
62,Vessel External Conditions Wave Period (Provider S),-398.33756575118093,1.7768,2024-07-16 23:30:00,ridge_regression,4346.987456616842
63,Vessel External Conditions Wave Period (Provider S),-339.39208072763,2.1241,2024-07-18 08:00:00,ridge_regression,4346.987456616842
64,Vessel External Conditions Wave Period (Provider S),-189.5928147276743,3.0067,2024-04-03 06:15:00,ridge_regression,4346.987456616842
65,Vessel External Conditions Wave Period (Provider S),-362.5765127869932,1.9875,2024-08-04 14:45:00,ridge_regression,4346.987456616842
66,Vessel External Conditions Wave Period (Provider S),-76.776621536907,3.6714,2024-03-17 21:45:00,ridge_regression,4346.987456616842
67,Vessel External Conditions Wave Period (Provider S),-255.70069384276914,2.6172,2024-08-08 08:30:00,ridge_regression,4346.987456616842
68,Vessel External Conditions Wave Period (Provider S),-212.06440187745272,2.8743,2024-12-25 00:15:00,ridge_regression,4346.987456616842
69,Vessel External Conditions Wave Period (Provider S),-531.8262613199156,0.9903,2024-12-17 16:45:00,ridge_regression,4346.987456616842
70,Vessel External Conditions Wave Period (Provider S),-356.4494410641315,2.0236,2024-08-22 22:45:00,ridge_regression,4346.987456616842
71,Vessel External Conditions Wave Period (Provider S),207.51271740477324,5.3464,2024-03-17 20:15:00,ridge_regression,4346.987456616842
72,Vessel External Conditions Wave Period (Provider S),207.83519486387195,5.3483,2024-02-17 09:15:00,ridge_regression,4346.987456616842
73,Vessel External Conditions Wave Period (Provider S),-401.20591788736783,1.7599,2024-03-01 06:00:00,ridge_regression,4346.987456616842
74,Vessel External Conditions Wave Period (Provider S),-278.51173094949297,2.4828,2024-08-15 18:00:00,ridge_regression,4346.987456616842
75,Vessel External Conditions Wave Period (Provider S),-349.7962219080034,2.0628,2024-07-17 19:00:00,ridge_regression,4346.987456616842
76,Vessel External Conditions Wave Period (Provider S),-29.20271007102471,3.9517,2024-04-02 12:15:00,ridge_regression,4346.987456616842
77,Vessel External Conditions Wave Period (Provider S),-155.34231407189498,3.2085,2024-08-06 22:30:00,ridge_regression,4346.987456616842
78,Vessel External Conditions Wave Period (Provider S),-337.71180344075145,2.134,2024-12-17 15:00:00,ridge_regression,4346.987456616842
79,Vessel External Conditions Wave Period (Provider S),-205.8694401632017,2.9108,2024-02-20 16:15:00,ridge_regression,4346.987456616842
80,Vessel External Conditions Wave Period (Provider S),142.8135556110009,4.9652,2024-09-19 23:30:00,ridge_regression,4346.987456616842
81,Vessel External Conditions Wave Period (Provider S),78.97999120743987,4.5891,2024-11-11 06:00:00,ridge_regression,4346.987456616842
82,Vessel External Conditions Wave Period (Provider S),99.87313605742148,4.7122,2024-08-19 12:30:00,ridge_regression,4346.987456616842
83,Vessel External Conditions Wave Period (Provider S),210.82235448498918,5.3659,2024-09-17 09:00:00,ridge_regression,4346.987456616842
84,Vessel External Conditions Wave Period (Provider S),-141.9000957768617,3.2877,2024-11-13 04:45:00,ridge_regression,4346.987456616842
85,Vessel External Conditions Wave Period (Provider S),-171.09279207415568,3.1157,2024-05-11 13:15:00,ridge_regression,4346.987456616842
86,Vessel External Conditions Wave Period (Provider S),48.25977010388999,4.4081,2024-04-15 05:00:00,ridge_regression,4346.987456616842
87,Vessel External Conditions Wave Period (Provider S),306.95458229189563,5.9323,2024-09-14 10:00:00,ridge_regression,4346.987456616842
88,Vessel External Conditions Wave Period (Provider S),327.304607210766,6.0522,2024-05-08 14:30:00,ridge_regression,4346.987456616842
89,Vessel External Conditions Wave Period (Provider S),154.677331606239,5.0351,2024-12-26 19:15:00,ridge_regression,4346.987456616842
90,Vessel External Conditions Wave Period (Provider S),-335.1150112701199,2.1493,2024-02-28 15:45:00,ridge_regression,4346.987456616842
91,Vessel External Conditions Wave Period (Provider S),-312.76223160527223,2.281,2024-07-20 22:15:00,ridge_regression,4346.987456616842
92,Vessel External Conditions Wave Period (Provider S),215.2458117364323,5.3919625,2024-03-15 00:15:00,ridge_regression,4346.987456616842
93,Vessel External Conditions Wave Period (Provider S),351.965646582841,6.1975,2024-04-26 14:00:00,ridge_regression,4346.987456616842
94,Vessel External Conditions Wave Period (Provider S),-27.658212766923874,3.9608,2024-08-20 10:00:00,ridge_regression,4346.987456616842
95,Vessel External Conditions Wave Period (Provider S),352.01656407638285,6.1978,2024-09-14 14:30:00,ridge_regression,4346.987456616842
96,Vessel External Conditions Wave Period (Provider S),-279.6319158074125,2.4762,2024-11-30 23:30:00,ridge_regression,4346.987456616842
97,Vessel External Conditions Wave Period (Provider S),80.86393846848634,4.6002,2024-04-28 19:00:00,ridge_regression,4346.987456616842
98,Vessel External Conditions Wave Period (Provider S),312.3688091051737,5.9642,2024-05-05 15:45:00,ridge_regression,4346.987456616842
99,Vessel External Conditions Wave Period (Provider S),-481.12941025013606,1.289,2024-07-16 12:00:00,ridge_regression,4346.987456616842
100,Vessel External Conditions Wave Period (Provider S),174.38240160691305,5.1512,2024-07-23 00:30:00,ridge_regression,4346.987456616842
101,Vessel External Conditions Wave Period (Provider S),686.6463316330484,8.1694,2024-12-22 13:15:00,ridge_regression,4346.987456616842
102,Vessel External Conditions Wave Period (Provider S),151.7241169808143,5.0177,2024-03-26 15:00:00,ridge_regression,4346.987456616842
103,Vessel External Conditions Wave Period (Provider S),-161.2317708248951,3.1738,2024-08-08 16:15:00,ridge_regression,4346.987456616842
104,Vessel External Conditions Wave Period (Provider S),367.85190456788024,6.2911,2024-08-14 09:30:00,ridge_regression,4346.987456616842
105,Vessel External Conditions Wave Period (Provider S),-70.46285233772453,3.7086,2024-02-26 12:00:00,ridge_regression,4346.987456616842
106,Vessel External Conditions Wave Period (Provider S),-213.96532163634518,2.8631,2024-02-28 09:30:00,ridge_regression,4346.987456616842
107,Vessel External Conditions Wave Period (Provider S),140.04703846189759,4.9489,2024-02-09 05:45:00,ridge_regression,4346.987456616842
108,Vessel External Conditions Wave Period (Provider S),-311.91360671290886,2.286,2024-08-04 02:30:00,ridge_regression,4346.987456616842
109,Vessel External Conditions Wave Period (Provider S),-393.1439814099175,1.8074,2024-07-20 09:00:00,ridge_regression,4346.987456616842
110,Vessel External Conditions Wave Period (Provider S),-349.2191569811966,2.0662,2024-03-01 09:30:00,ridge_regression,4346.987456616842
111,Vessel External Conditions Wave Period (Provider S),-226.96625498735136,2.7865,2024-09-19 01:00:00,ridge_regression,4346.987456616842
112,Vessel External Conditions Wave Period (Provider S),-259.4516158670154,2.5951,2024-08-04 01:45:00,ridge_regression,4346.987456616842
113,Vessel External Conditions Wave Period (Provider S),668.1972264730724,8.0607,2024-12-22 01:45:00,ridge_regression,4346.987456616842
114,Vessel External Conditions Wave Period (Provider S),280.4265681566217,5.776,2024-02-13 18:00:00,ridge_regression,4346.987456616842
115,Vessel External Conditions Wave Period (Provider S),76.29833654757124,4.5733,2024-08-17 03:45:00,ridge_regression,4346.987456616842
116,Vessel External Conditions Wave Period (Provider S),269.3774720580515,5.7109,2024-12-01 21:30:00,ridge_regression,4346.987456616842
117,Vessel External Conditions Wave Period (Provider S),-1.045336142412907,4.1176,2024-03-27 03:00:00,ridge_regression,4346.987456616842
118,Vessel External Conditions Wave Period (Provider S),308.97430953572075,5.9442,2024-10-23 08:00:00,ridge_regression,4346.987456616842
119,Vessel External Conditions Wave Period (Provider S),229.89944206531507,5.4783,2024-02-17 12:45:00,ridge_regression,4346.987456616842
120,Vessel External Conditions Wave Period (Provider S),-181.97216319425277,3.0516,2024-09-19 03:30:00,ridge_regression,4346.987456616842
121,Vessel External Conditions Wave Period (Provider S),142.83052810884814,4.9653,2024-02-23 13:30:00,ridge_regression,4346.987456616842
122,Vessel External Conditions Wave Period (Provider S),-363.3233026922727,1.9831,2024-04-28 09:30:00,ridge_regression,4346.987456616842
123,Vessel External Conditions Wave Period (Provider S),-457.7413082166064,1.4268,2024-04-28 04:30:00,ridge_regression,4346.987456616842
124,Vessel External Conditions Wave Period (Provider S),578.2090428868771,7.5305,2024-04-26 23:15:00,ridge_regression,4346.987456616842
125,Vessel External Conditions Wave Period (Provider S),-248.70802472969658,2.6584,2024-09-18 01:00:00,ridge_regression,4346.987456616842
126,Vessel External Conditions Wave Period (Provider S),389.08449937480833,6.4162,2024-08-14 04:30:00,ridge_regression,4346.987456616842
127,Vessel External Conditions Wave Period (Provider S),-87.79177263978143,3.6065,2024-11-13 15:00:00,ridge_regression,4346.987456616842
128,Vessel External Conditions Wave Period (Provider S),-273.33511910607604,2.5133,2024-05-06 15:00:00,ridge_regression,4346.987456616842
129,Vessel External Conditions Wave Period (Provider S),-361.2356854570595,1.9954,2024-04-28 11:45:00,ridge_regression,4346.987456616842
130,Vessel External Conditions Wave Period (Provider S),-51.79310470573402,3.8186,2024-11-06 06:45:00,ridge_regression,4346.987456616842
131,Vessel External Conditions Wave Period (Provider S),-10.889384893826616,4.0596,2024-08-21 08:30:00,ridge_regression,4346.987456616842
132,Vessel External Conditions Wave Period (Provider S),-346.65630980626,2.0813,2024-04-11 21:30:00,ridge_regression,4346.987456616842
133,Vessel External Conditions Wave Period (Provider S),-156.75103139321737,3.2002,2024-11-11 10:30:00,ridge_regression,4346.987456616842
134,Vessel External Conditions Wave Period (Provider S),-300.60992314663144,2.3526,2024-12-15 14:45:00,ridge_regression,4346.987456616842
135,Vessel External Conditions Wave Period (Provider S),-171.50013202248988,3.1133,2024-04-03 04:45:00,ridge_regression,4346.987456616842
136,Vessel External Conditions Wave Period (Provider S),-43.90089320675611,3.8651,2024-10-26 06:15:00,ridge_regression,4346.987456616842
137,Vessel External Conditions Wave Period (Provider S),11.310642290395663,4.1904,2024-04-25 14:30:00,ridge_regression,4346.987456616842
138,Vessel External Conditions Wave Period (Provider S),-173.80839172971815,3.0997,2024-10-18 10:45:00,ridge_regression,4346.987456616842
139,Vessel External Conditions Wave Period (Provider S),166.88055755842225,5.107,2024-06-02 01:30:00,ridge_regression,4346.987456616842
140,Vessel External Conditions Wave Period (Provider S),-287.2695398386811,2.4312,2024-08-22 23:30:00,ridge_regression,4346.987456616842
141,Vessel External Conditions Wave Period (Provider S),686.646331633048,8.1694,2024-12-22 13:45:00,ridge_regression,4346.987456616842
142,Vessel External Conditions Wave Period (Provider S),-357.8072408919125,2.0156,2024-08-22 17:45:00,ridge_regression,4346.987456616842
143,Vessel External Conditions Wave Period (Provider S),-500.5120027917112,1.1748,2024-03-22 19:00:00,ridge_regression,4346.987456616842
144,Vessel External Conditions Wave Period (Provider S),315.96697864879263,5.9854,2024-08-02 04:45:00,ridge_regression,4346.987456616842
145,Vessel External Conditions Wave Period (Provider S),-1.0453361424126797,4.1176,2024-03-27 03:15:00,ridge_regression,4346.987456616842
146,Vessel External Conditions Wave Period (Provider S),334.45002880446435,6.0943,2024-03-02 08:15:00,ridge_regression,4346.987456616842
147,Vessel External Conditions Wave Period (Provider S),-462.3069101375198,1.3999,2024-02-29 02:45:00,ridge_regression,4346.987456616842
148,Vessel External Conditions Wave Period (Provider S),295.65089872561765,5.8657,2024-08-15 06:30:00,ridge_regression,4346.987456616842
149,Vessel External Conditions Wave Period (Provider S),138.96079859967168,4.9425,2024-03-16 22:00:00,ridge_regression,4346.987456616842
150,Vessel External Conditions Wave Period (Provider S),-278.51173094949297,2.4828,2024-08-15 18:15:00,ridge_regression,4346.987456616842
151,Vessel External Conditions Wave Period (Provider S),-259.21400089715326,2.5965,2024-05-11 03:00:00,ridge_regression,4346.987456616842
152,Vessel External Conditions Wave Period (Provider S),-361.7618328903249,1.9923,2024-08-22 13:15:00,ridge_regression,4346.987456616842
153,Vessel External Conditions Wave Period (Provider S),121.39426332775271,4.839,2024-11-05 19:30:00,ridge_regression,4346.987456616842
154,Vessel External Conditions Wave Period (Provider S),-150.91249213375735,3.2346,2024-06-10 03:00:00,ridge_regression,4346.987456616842
155,Vessel External Conditions Wave Period (Provider S),-101.98078084009519,3.5229,2024-04-14 12:00:00,ridge_regression,4346.987456616842
156,Vessel External Conditions Wave Period (Provider S),-394.6205887226292,1.7987,2024-07-17 00:30:00,ridge_regression,4346.987456616842
157,Vessel External Conditions Wave Period (Provider S),-179.34142602792627,3.0671,2024-08-20 05:45:00,ridge_regression,4346.987456616842
158,Vessel External Conditions Wave Period (Provider S),-41.9999734478632,3.8763,2024-11-19 00:00:00,ridge_regression,4346.987456616842
159,Vessel External Conditions Wave Period (Provider S),269.37747205805204,5.7109,2024-12-01 21:00:00,ridge_regression,4346.987456616842
160,Vessel External Conditions Wave Period (Provider S),-24.31463069101218,3.9805,2024-04-02 14:30:00,ridge_regression,4346.987456616842
161,Vessel External Conditions Wave Period (Provider S),-203.59512545166712,2.9242,2024-08-10 14:15:00,ridge_regression,4346.987456616842
162,Vessel External Conditions Wave Period (Provider S),-376.2563460518875,1.9069,2024-03-24 01:15:00,ridge_regression,4346.987456616842
163,Vessel External Conditions Wave Period (Provider S),123.3461005801882,4.8505,2024-11-12 20:15:00,ridge_regression,4346.987456616842
164,Vessel External Conditions Wave Period (Provider S),88.82403995885224,4.6471,2024-06-07 14:00:00,ridge_regression,4346.987456616842
165,Vessel External Conditions Wave Period (Provider S),-225.13322521984608,2.7973,2024-05-10 12:45:00,ridge_regression,4346.987456616842
166,Vessel External Conditions Wave Period (Provider S),-212.18320936238268,2.8736,2024-04-25 01:30:00,ridge_regression,4346.987456616842
167,Vessel External Conditions Wave Period (Provider S),92.8634944465011,4.6709,2024-12-09 21:15:00,ridge_regression,4346.987456616842
168,Vessel External Conditions Wave Period (Provider S),-263.9663002943874,2.5685,2024-03-27 10:00:00,ridge_regression,4346.987456616842
169,Vessel External Conditions Wave Period (Provider S),-116.66199147797884,3.4364,2024-02-25 16:15:00,ridge_regression,4346.987456616842
170,Vessel External Conditions Wave Period (Provider S),-198.28273362547358,2.9555,2024-04-25 04:00:00,ridge_regression,4346.987456616842
171,Vessel External Conditions Wave Period (Provider S),157.17228878978722,5.0498,2024-12-28 21:15:00,ridge_regression,4346.987456616842
172,Vessel External Conditions Wave Period (Provider S),-214.42357907822247,2.8604,2024-02-26 19:00:00,ridge_regression,4346.987456616842
173,Vessel External Conditions Wave Period (Provider S),420.26297792023354,6.5999,2024-08-27 13:00:00,ridge_regression,4346.987456616842
174,Vessel External Conditions Wave Period (Provider S),301.08209803674237,5.8977,2024-04-23 21:45:00,ridge_regression,4346.987456616842
175,Vessel External Conditions Wave Period (Provider S),235.50036635491264,5.5113,2024-02-17 16:15:00,ridge_regression,4346.987456616842
176,Vessel External Conditions Wave Period (Provider S),-122.67025571591036,3.401,2024-08-19 20:15:00,ridge_regression,4346.987456616842
177,Vessel External Conditions Wave Period (Provider S),-205.81852266965848,2.9111,2024-08-08 07:45:00,ridge_regression,4346.987456616842
178,Vessel External Conditions Wave Period (Provider S),-522.8138649630177,1.0434,2024-03-22 20:15:00,ridge_regression,4346.987456616842
179,Vessel External Conditions Wave Period (Provider S),371.2633766351806,6.3112,2024-08-25 11:45:00,ridge_regression,4346.987456616842
180,Vessel External Conditions Wave Period (Provider S),-117.57850636173056,3.431,2024-10-31 09:00:00,ridge_regression,4346.987456616842
181,Vessel External Conditions Wave Period (Provider S),-568.554746661396,0.7739,2024-12-16 02:15:00,ridge_regression,4346.987456616842
182,Vessel External Conditions Wave Period (Provider S),-271.2984193644051,2.5253,2024-07-18 00:00:00,ridge_regression,4346.987456616842
183,Vessel External Conditions Wave Period (Provider S),192.3562768271652,5.2571,2024-08-17 22:30:00,ridge_regression,4346.987456616842
184,Vessel External Conditions Wave Period (Provider S),299.1981507756964,5.8866,2024-02-14 13:45:00,ridge_regression,4346.987456616842
185,Vessel External Conditions Wave Period (Provider S),124.33050545532947,4.8563,2024-06-08 10:30:00,ridge_regression,4346.987456616842
186,Vessel External Conditions Wave Period (Provider S),456.70293079830986,6.8146,2024-08-14 20:30:00,ridge_regression,4346.987456616842
187,Vessel External Conditions Wave Period (Provider S),-364.63018502651187,1.9754,2024-02-28 03:15:00,ridge_regression,4346.987456616842
188,Vessel External Conditions Wave Period (Provider S),-265.7993300618916,2.5577,2024-10-16 23:30:00,ridge_regression,4346.987456616842
189,Vessel External Conditions Wave Period (Provider S),-226.96625498735054,2.7865,2024-05-06 03:00:00,ridge_regression,4346.987456616842
190,Vessel External Conditions Wave Period (Provider S),213.77556911041316,5.3833,2024-08-18 20:15:00,ridge_regression,4346.987456616842
191,Vessel External Conditions Wave Period (Provider S),-251.6442668572732,2.6411,2024-11-02 00:45:00,ridge_regression,4346.987456616842
192,Vessel External Conditions Wave Period (Provider S),156.90072882422953,5.0482,2024-12-23 18:30:00,ridge_regression,4346.987456616842
193,Vessel External Conditions Wave Period (Provider S),99.63552108755997,4.7108,2024-02-20 05:30:00,ridge_regression,4346.987456616842
194,Vessel External Conditions Wave Period (Provider S),199.04344097898777,5.2965,2024-06-01 18:45:00,ridge_regression,4346.987456616842
195,Vessel External Conditions Wave Period (Provider S),-377.1389159399459,1.9017,2024-03-23 23:15:00,ridge_regression,4346.987456616842
196,Vessel External Conditions Wave Period (Provider S),-112.57161949678776,3.4605,2024-10-31 11:15:00,ridge_regression,4346.987456616842
197,Vessel External Conditions Wave Period (Provider S),-249.86215458330952,2.6516,2024-03-10 10:15:00,ridge_regression,4346.987456616842
198,Vessel External Conditions Wave Period (Provider S),-285.11403261207795,2.4439,2024-02-27 18:30:00,ridge_regression,4346.987456616842
199,Vessel External Conditions Wave Period (Provider S),-93.51150441430971,3.5728,2024-12-14 09:30:00,ridge_regression,4346.987456616842
0,longitudinal_wave_force (calculated),286.4130836917983,2.5597507258003733,2024-12-22 11:30:00,ridge_regression,4346.987456616842
1,longitudinal_wave_force (calculated),-212.06829870924787,-1.4216665921290124,2024-03-09 10:00:00,ridge_regression,4346.987456616842
2,longitudinal_wave_force (calculated),-121.8907638536814,-0.7014102061577555,2024-04-12 18:15:00,ridge_regression,4346.987456616842
3,longitudinal_wave_force (calculated),-127.89172446620005,-0.7493404385604426,2024-08-05 02:15:00,ridge_regression,4346.987456616842
4,longitudinal_wave_force (calculated),186.93791703219011,1.7652332869848957,2024-08-24 05:00:00,ridge_regression,4346.987456616842
5,longitudinal_wave_force (calculated),71.53101883364494,0.8434676216695733,2024-04-28 22:15:00,ridge_regression,4346.987456616842
6,longitudinal_wave_force (calculated),369.05301117553995,3.219803538307385,2024-04-29 15:00:00,ridge_regression,4346.987456616842
7,longitudinal_wave_force (calculated),191.1589457360478,1.7989470371355385,2024-08-24 07:30:00,ridge_regression,4346.987456616842
8,longitudinal_wave_force (calculated),244.89893940185985,2.228173381389132,2024-12-20 13:45:00,ridge_regression,4346.987456616842
9,longitudinal_wave_force (calculated),3.909590786677427,0.3033689656425226,2024-12-24 11:45:00,ridge_regression,4346.987456616842
10,longitudinal_wave_force (calculated),0.0656280700306695,0.2726668767183282,2024-09-14 02:00:00,ridge_regression,4346.987456616842
11,longitudinal_wave_force (calculated),133.03637223614592,1.334716618778699,2024-02-10 19:00:00,ridge_regression,4346.987456616842
12,longitudinal_wave_force (calculated),-132.65953340895297,-0.7874213735029306,2024-09-12 02:45:00,ridge_regression,4346.987456616842
13,longitudinal_wave_force (calculated),240.07858123227072,2.1896727308681805,2024-05-05 15:30:00,ridge_regression,4346.987456616842
14,longitudinal_wave_force (calculated),26.311602716433754,0.4822959254097678,2024-09-15 02:15:00,ridge_regression,4346.987456616842
15,longitudinal_wave_force (calculated),91.9871955301051,1.0068530138493437,2024-04-02 01:45:00,ridge_regression,4346.987456616842
16,longitudinal_wave_force (calculated),-158.90756278465983,-0.9970668335090578,2024-12-27 03:45:00,ridge_regression,4346.987456616842
17,longitudinal_wave_force (calculated),-213.19924839399434,-1.4306995927976982,2024-03-12 02:45:00,ridge_regression,4346.987456616842
18,longitudinal_wave_force (calculated),115.23818450051837,1.1925608324641428,2024-03-17 07:45:00,ridge_regression,4346.987456616842
19,longitudinal_wave_force (calculated),102.10835405649708,1.0876916514738637,2024-12-14 15:15:00,ridge_regression,4346.987456616842
20,longitudinal_wave_force (calculated),179.74491819650152,1.7077821340565422,2024-10-26 01:45:00,ridge_regression,4346.987456616842
21,longitudinal_wave_force (calculated),88.3406340708419,0.9777275871887282,2024-04-01 22:00:00,ridge_regression,4346.987456616842
22,longitudinal_wave_force (calculated),-113.78551241755544,-0.636672806581216,2024-05-11 08:45:00,ridge_regression,4346.987456616842
23,longitudinal_wave_force (calculated),-465.55984102755406,-3.4463271956473025,2024-04-30 21:45:00,ridge_regression,4346.987456616842
24,longitudinal_wave_force (calculated),-252.27188148695194,-1.742776359444616,2024-08-02 07:15:00,ridge_regression,4346.987456616842
25,longitudinal_wave_force (calculated),-22.904265396514003,0.0892041941238625,2024-02-28 08:00:00,ridge_regression,4346.987456616842
26,longitudinal_wave_force (calculated),277.17576485641484,2.485971398265036,2024-03-03 03:45:00,ridge_regression,4346.987456616842
27,longitudinal_wave_force (calculated),-289.32644260212345,-2.038734596884911,2024-11-11 13:30:00,ridge_regression,4346.987456616842
28,longitudinal_wave_force (calculated),-54.87422705451424,-0.1661428729734088,2024-02-28 17:45:00,ridge_regression,4346.987456616842
29,longitudinal_wave_force (calculated),109.01941978376829,1.1428909783561778,2024-02-17 22:00:00,ridge_regression,4346.987456616842
30,longitudinal_wave_force (calculated),-97.40685970360855,-0.5058549789513076,2024-11-20 07:00:00,ridge_regression,4346.987456616842
31,longitudinal_wave_force (calculated),216.28747899338788,1.999650977176462,2024-02-25 02:30:00,ridge_regression,4346.987456616842
32,longitudinal_wave_force (calculated),49.70006067147479,0.6691017216329546,2024-03-10 23:15:00,ridge_regression,4346.987456616842
33,longitudinal_wave_force (calculated),-98.18821718755215,-0.512095754089352,2024-03-20 15:30:00,ridge_regression,4346.987456616842
34,longitudinal_wave_force (calculated),228.20293072070967,2.094820802034528,2024-08-17 00:15:00,ridge_regression,4346.987456616842
35,longitudinal_wave_force (calculated),-103.74208689955596,-0.5564550297485267,2024-06-05 05:15:00,ridge_regression,4346.987456616842
36,longitudinal_wave_force (calculated),24.328272473980405,0.4664548816852418,2024-07-20 01:30:00,ridge_regression,4346.987456616842
37,longitudinal_wave_force (calculated),-209.47793849439583,-1.4009771433688438,2024-11-11 15:15:00,ridge_regression,4346.987456616842
38,longitudinal_wave_force (calculated),217.82056770123478,2.011895899748985,2024-02-14 05:30:00,ridge_regression,4346.987456616842
39,longitudinal_wave_force (calculated),95.68842727680675,1.0364150971973882,2024-02-16 01:00:00,ridge_regression,4346.987456616842
40,longitudinal_wave_force (calculated),-107.37672759873375,-0.5854852441859377,2024-09-12 03:30:00,ridge_regression,4346.987456616842
41,longitudinal_wave_force (calculated),137.80081446921852,1.3727706634967989,2024-05-02 05:30:00,ridge_regression,4346.987456616842
42,longitudinal_wave_force (calculated),-7.516026307584607,0.2121114957085165,2024-09-15 14:15:00,ridge_regression,4346.987456616842
43,longitudinal_wave_force (calculated),183.6750543463972,1.7391724982335297,2024-08-22 00:30:00,ridge_regression,4346.987456616842
44,longitudinal_wave_force (calculated),167.76821343478738,1.612123075496855,2024-07-25 09:45:00,ridge_regression,4346.987456616842
45,longitudinal_wave_force (calculated),77.1508282912976,0.8883535642305359,2024-12-28 23:30:00,ridge_regression,4346.987456616842
46,longitudinal_wave_force (calculated),61.154982711566255,0.7605932529039421,2024-09-15 19:00:00,ridge_regression,4346.987456616842
47,longitudinal_wave_force (calculated),95.96722132160994,1.0386418512494024,2024-04-10 16:45:00,ridge_regression,4346.987456616842
48,longitudinal_wave_force (calculated),-7.111034793566432,0.215346200723494,2024-10-20 09:15:00,ridge_regression,4346.987456616842
49,longitudinal_wave_force (calculated),76.33798764916853,0.8818613301701581,2024-07-24 18:30:00,ridge_regression,4346.987456616842
50,longitudinal_wave_force (calculated),241.3046927505638,2.199465797981594,2024-02-23 12:30:00,ridge_regression,4346.987456616842
51,longitudinal_wave_force (calculated),-224.632812944412,-1.5220205398056526,2024-11-03 22:00:00,ridge_regression,4346.987456616842
52,longitudinal_wave_force (calculated),-47.19164340489976,-0.1047813604497456,2024-02-28 14:30:00,ridge_regression,4346.987456616842
53,longitudinal_wave_force (calculated),-69.0805943883711,-0.2796104545618046,2024-11-09 07:30:00,ridge_regression,4346.987456616842
54,longitudinal_wave_force (calculated),163.7438269227362,1.5799799248821995,2024-08-23 03:15:00,ridge_regression,4346.987456616842
55,longitudinal_wave_force (calculated),-280.63707629289826,-1.969331817309189,2024-02-29 22:45:00,ridge_regression,4346.987456616842
56,longitudinal_wave_force (calculated),147.2175229735883,1.447982793058392,2024-12-16 01:30:00,ridge_regression,4346.987456616842
57,longitudinal_wave_force (calculated),-233.7299224418672,-1.594680002275063,2024-09-18 22:45:00,ridge_regression,4346.987456616842
58,longitudinal_wave_force (calculated),-354.2066704278741,-2.556939030945044,2024-04-24 16:30:00,ridge_regression,4346.987456616842
59,longitudinal_wave_force (calculated),220.0598014929608,2.029780869001649,2024-02-24 23:15:00,ridge_regression,4346.987456616842
60,longitudinal_wave_force (calculated),-15.97078294371647,0.1445825654848207,2024-09-14 11:00:00,ridge_regression,4346.987456616842
61,longitudinal_wave_force (calculated),-589.5884124134448,-4.43695496925699,2024-04-27 12:45:00,ridge_regression,4346.987456616842
62,longitudinal_wave_force (calculated),72.4215772123514,0.8505805945443682,2024-07-16 23:30:00,ridge_regression,4346.987456616842
63,longitudinal_wave_force (calculated),-79.25418779869221,-0.3608678944973172,2024-07-18 08:00:00,ridge_regression,4346.987456616842
64,longitudinal_wave_force (calculated),8.637326198507907,0.341129829553996,2024-04-03 06:15:00,ridge_regression,4346.987456616842
65,longitudinal_wave_force (calculated),-161.68293051456405,-1.0192339545562623,2024-08-04 14:45:00,ridge_regression,4346.987456616842
66,longitudinal_wave_force (calculated),73.08965771559991,0.8559166158669554,2024-03-17 21:45:00,ridge_regression,4346.987456616842
67,longitudinal_wave_force (calculated),102.8090958652621,1.0932885416914573,2024-08-08 08:30:00,ridge_regression,4346.987456616842
68,longitudinal_wave_force (calculated),-139.7772674205994,-0.8442713792581796,2024-12-25 00:15:00,ridge_regression,4346.987456616842
69,longitudinal_wave_force (calculated),-49.80226316829799,-0.1256326241147154,2024-12-17 16:45:00,ridge_regression,4346.987456616842
70,longitudinal_wave_force (calculated),163.3844853775443,1.5771098304281437,2024-08-22 22:45:00,ridge_regression,4346.987456616842
71,longitudinal_wave_force (calculated),79.34910748867438,0.905911425316388,2024-03-17 20:15:00,ridge_regression,4346.987456616842
72,longitudinal_wave_force (calculated),81.53980465802746,0.9234087280368805,2024-02-17 09:15:00,ridge_regression,4346.987456616842
73,longitudinal_wave_force (calculated),-282.85423969970225,-1.987040508337946,2024-03-01 06:00:00,ridge_regression,4346.987456616842
74,longitudinal_wave_force (calculated),193.09563600889962,1.8144155630705605,2024-08-15 18:00:00,ridge_regression,4346.987456616842
75,longitudinal_wave_force (calculated),53.16920954012983,0.6968101373768091,2024-07-17 19:00:00,ridge_regression,4346.987456616842
76,longitudinal_wave_force (calculated),23.393105773069934,0.4589856179782992,2024-04-02 12:15:00,ridge_regression,4346.987456616842
77,longitudinal_wave_force (calculated),33.48170872480273,0.5395642311900238,2024-08-06 22:30:00,ridge_regression,4346.987456616842
78,longitudinal_wave_force (calculated),-36.97289611852722,-0.0231632722925921,2024-12-17 15:00:00,ridge_regression,4346.987456616842
79,longitudinal_wave_force (calculated),-97.60832063884713,-0.507464066240747,2024-02-20 16:15:00,ridge_regression,4346.987456616842
80,longitudinal_wave_force (calculated),-267.72895994054767,-1.8662334874587307,2024-09-19 23:30:00,ridge_regression,4346.987456616842
81,longitudinal_wave_force (calculated),-218.9284478375053,-1.4764592433836403,2024-11-11 06:00:00,ridge_regression,4346.987456616842
82,longitudinal_wave_force (calculated),98.50160508430665,1.0588842108626697,2024-08-19 12:30:00,ridge_regression,4346.987456616842
83,longitudinal_wave_force (calculated),19.648976964170828,0.4290809117914648,2024-09-17 09:00:00,ridge_regression,4346.987456616842
84,longitudinal_wave_force (calculated),46.76681133684604,0.6456735854757999,2024-11-13 04:45:00,ridge_regression,4346.987456616842
85,longitudinal_wave_force (calculated),-89.75009849505153,-0.4446997126740392,2024-05-11 13:15:00,ridge_regression,4346.987456616842
86,longitudinal_wave_force (calculated),-292.02892564503344,-2.060319581135732,2024-04-15 05:00:00,ridge_regression,4346.987456616842
87,longitudinal_wave_force (calculated),27.405904963339445,0.4910362195725996,2024-09-14 10:00:00,ridge_regression,4346.987456616842
88,longitudinal_wave_force (calculated),-23.66037375343563,0.0831650861195112,2024-05-08 14:30:00,ridge_regression,4346.987456616842
89,longitudinal_wave_force (calculated),-120.86321834803759,-0.69320310431692,2024-12-26 19:15:00,ridge_regression,4346.987456616842
90,longitudinal_wave_force (calculated),-44.417421231956716,-0.0826233890728817,2024-02-28 15:45:00,ridge_regression,4346.987456616842
91,longitudinal_wave_force (calculated),89.63609445038414,0.988074550128362,2024-07-20 22:15:00,ridge_regression,4346.987456616842
92,longitudinal_wave_force (calculated),201.87721354880068,1.884554842350552,2024-03-15 00:15:00,ridge_regression,4346.987456616842
93,longitudinal_wave_force (calculated),-455.1155900733735,-3.3629079886520894,2024-04-26 14:00:00,ridge_regression,4346.987456616842
94,longitudinal_wave_force (calculated),113.06937681587173,1.175238363100659,2024-08-20 10:00:00,ridge_regression,4346.987456616842
95,longitudinal_wave_force (calculated),-11.430206575262446,0.1808485726517613,2024-09-14 14:30:00,ridge_regression,4346.987456616842
96,longitudinal_wave_force (calculated),72.79596204723464,0.8535708411569821,2024-11-30 23:30:00,ridge_regression,4346.987456616842
97,longitudinal_wave_force (calculated),-34.222977710368056,-0.0011994173530111,2024-04-28 19:00:00,ridge_regression,4346.987456616842
98,longitudinal_wave_force (calculated),240.52538087695388,2.1932413613241764,2024-05-05 15:45:00,ridge_regression,4346.987456616842
99,longitudinal_wave_force (calculated),-20.829875090277195,0.1057725430752564,2024-07-16 12:00:00,ridge_regression,4346.987456616842
100,longitudinal_wave_force (calculated),199.1752003967178,1.8629736111616144,2024-07-23 00:30:00,ridge_regression,4346.987456616842
101,longitudinal_wave_force (calculated),322.5432186058783,2.848325484908043,2024-12-22 13:15:00,ridge_regression,4346.987456616842
102,longitudinal_wave_force (calculated),62.45983010895213,0.7710151908310596,2024-03-26 15:00:00,ridge_regression,4346.987456616842
103,longitudinal_wave_force (calculated),83.24028325777165,0.9369906092962738,2024-08-08 16:15:00,ridge_regression,4346.987456616842
104,longitudinal_wave_force (calculated),-337.80406044751345,-2.425929854392676,2024-08-14 09:30:00,ridge_regression,4346.987456616842
105,longitudinal_wave_force (calculated),119.57824418463287,1.227225294161695,2024-02-26 12:00:00,ridge_regression,4346.987456616842
106,longitudinal_wave_force (calculated),-11.178801571495468,0.1828565678771604,2024-02-28 09:30:00,ridge_regression,4346.987456616842
107,longitudinal_wave_force (calculated),129.35218592933379,1.3052906789496752,2024-02-09 05:45:00,ridge_regression,4346.987456616842
108,longitudinal_wave_force (calculated),-216.44355202263878,-1.456612148627752,2024-08-04 02:30:00,ridge_regression,4346.987456616842
109,longitudinal_wave_force (calculated),45.68733508118312,0.637051707888544,2024-07-20 09:00:00,ridge_regression,4346.987456616842
110,longitudinal_wave_force (calculated),-309.51526538672147,-2.199984608422024,2024-03-01 09:30:00,ridge_regression,4346.987456616842
111,longitudinal_wave_force (calculated),-244.88228060441884,-1.6837549276218426,2024-09-19 01:00:00,ridge_regression,4346.987456616842
112,longitudinal_wave_force (calculated),-216.62641540204453,-1.4580726955032872,2024-08-04 01:45:00,ridge_regression,4346.987456616842
113,longitudinal_wave_force (calculated),250.275309055474,2.2711149475182038,2024-12-22 01:45:00,ridge_regression,4346.987456616842
114,longitudinal_wave_force (calculated),228.66590614397512,2.0985186299435274,2024-02-13 18:00:00,ridge_regression,4346.987456616842
115,longitudinal_wave_force (calculated),231.70267762150348,2.1227736071163803,2024-08-17 03:45:00,ridge_regression,4346.987456616842
116,longitudinal_wave_force (calculated),294.0878642843891,2.6210499145794324,2024-12-01 21:30:00,ridge_regression,4346.987456616842
117,longitudinal_wave_force (calculated),72.17371803111875,0.8486009201344359,2024-03-27 03:00:00,ridge_regression,4346.987456616842
118,longitudinal_wave_force (calculated),-230.37341253655575,-1.567871244442543,2024-10-23 08:00:00,ridge_regression,4346.987456616842
119,longitudinal_wave_force (calculated),80.72791556431825,0.9169240940825244,2024-02-17 12:45:00,ridge_regression,4346.987456616842
120,longitudinal_wave_force (calculated),-245.21415740389452,-1.686405658588943,2024-09-19 03:30:00,ridge_regression,4346.987456616842
121,longitudinal_wave_force (calculated),241.1979149032677,2.1986129533510743,2024-02-23 13:30:00,ridge_regression,4346.987456616842
122,longitudinal_wave_force (calculated),-64.10157445136875,-0.2398425576986996,2024-04-28 09:30:00,ridge_regression,4346.987456616842
123,longitudinal_wave_force (calculated),-358.50344079763505,-2.5912577368492284,2024-04-28 04:30:00,ridge_regression,4346.987456616842
124,longitudinal_wave_force (calculated),-623.987336711344,-4.711702387622172,2024-04-26 23:15:00,ridge_regression,4346.987456616842
125,longitudinal_wave_force (calculated),94.55041597506543,1.0273256947348013,2024-09-18 01:00:00,ridge_regression,4346.987456616842
126,longitudinal_wave_force (calculated),-317.44939441988913,-2.2633552373975383,2024-08-14 04:30:00,ridge_regression,4346.987456616842
127,longitudinal_wave_force (calculated),144.51149641322482,1.4263695064030082,2024-11-13 15:00:00,ridge_regression,4346.987456616842
128,longitudinal_wave_force (calculated),-41.646364406092104,-0.0604906996185261,2024-05-06 15:00:00,ridge_regression,4346.987456616842
129,longitudinal_wave_force (calculated),-76.98656875782332,-0.3427562096109205,2024-04-28 11:45:00,ridge_regression,4346.987456616842
130,longitudinal_wave_force (calculated),-217.795131388252,-1.4674073391459728,2024-11-06 06:45:00,ridge_regression,4346.987456616842
131,longitudinal_wave_force (calculated),196.46873847743018,1.8413568472538733,2024-08-21 08:30:00,ridge_regression,4346.987456616842
132,longitudinal_wave_force (calculated),-92.7769834904494,-0.4688757255915277,2024-04-11 21:30:00,ridge_regression,4346.987456616842
133,longitudinal_wave_force (calculated),-271.50214357286217,-1.8963702572314836,2024-11-11 10:30:00,ridge_regression,4346.987456616842
134,longitudinal_wave_force (calculated),97.82131614232452,1.0534506796006635,2024-12-15 14:45:00,ridge_regression,4346.987456616842
135,longitudinal_wave_force (calculated),22.603680187158623,0.4526804021569451,2024-04-03 04:45:00,ridge_regression,4346.987456616842
136,longitudinal_wave_force (calculated),194.76179582704452,1.8277233370188064,2024-10-26 06:15:00,ridge_regression,4346.987456616842
137,longitudinal_wave_force (calculated),214.5163957871604,1.98550517033649,2024-04-25 14:30:00,ridge_regression,4346.987456616842
138,longitudinal_wave_force (calculated),5.614441440797009,0.3169857669081975,2024-10-18 10:45:00,ridge_regression,4346.987456616842
139,longitudinal_wave_force (calculated),69.49889461207512,0.8272368558805455,2024-06-02 01:30:00,ridge_regression,4346.987456616842
140,longitudinal_wave_force (calculated),167.0176727959236,1.606128437376198,2024-08-22 23:30:00,ridge_regression,4346.987456616842
141,longitudinal_wave_force (calculated),320.67610443278267,2.833412669774391,2024-12-22 13:45:00,ridge_regression,4346.987456616842
142,longitudinal_wave_force (calculated),149.0789230630209,1.4628499692726082,2024-08-22 17:45:00,ridge_regression,4346.987456616842
143,longitudinal_wave_force (calculated),-14.181569866917243,0.1588731772928683,2024-03-22 19:00:00,ridge_regression,4346.987456616842
144,longitudinal_wave_force (calculated),-176.24351504988672,-1.135530701987184,2024-08-02 04:45:00,ridge_regression,4346.987456616842
145,longitudinal_wave_force (calculated),71.00594347632463,0.839273795792304,2024-03-27 03:15:00,ridge_regression,4346.987456616842
146,longitudinal_wave_force (calculated),322.9777816413045,2.8517963804240254,2024-03-02 08:15:00,ridge_regression,4346.987456616842
147,longitudinal_wave_force (calculated),-118.77474740329887,-0.6765222919918432,2024-02-29 02:45:00,ridge_regression,4346.987456616842
148,longitudinal_wave_force (calculated),-322.6196118166133,-2.3046502462133702,2024-08-15 06:30:00,ridge_regression,4346.987456616842
149,longitudinal_wave_force (calculated),128.97597521537554,1.3022858488705025,2024-03-16 22:00:00,ridge_regression,4346.987456616842
150,longitudinal_wave_force (calculated),193.7811083761714,1.8198904948340573,2024-08-15 18:15:00,ridge_regression,4346.987456616842
151,longitudinal_wave_force (calculated),-194.2807770773356,-1.279595996980169,2024-05-11 03:00:00,ridge_regression,4346.987456616842
152,longitudinal_wave_force (calculated),165.75520267217425,1.5960449706881257,2024-08-22 13:15:00,ridge_regression,4346.987456616842
153,longitudinal_wave_force (calculated),-204.84499776012098,-1.3639734133929375,2024-11-05 19:30:00,ridge_regression,4346.987456616842
154,longitudinal_wave_force (calculated),-38.405969457257655,-0.0346093627788664,2024-06-10 03:00:00,ridge_regression,4346.987456616842
155,longitudinal_wave_force (calculated),-188.37360411978665,-1.2324148553296863,2024-04-14 12:00:00,ridge_regression,4346.987456616842
156,longitudinal_wave_force (calculated),82.0236441814761,0.9272731994610228,2024-07-17 00:30:00,ridge_regression,4346.987456616842
157,longitudinal_wave_force (calculated),62.932304764014496,0.7747888899908741,2024-08-20 05:45:00,ridge_regression,4346.987456616842
158,longitudinal_wave_force (calculated),-43.816217307282244,-0.0778215172240679,2024-11-19 00:00:00,ridge_regression,4346.987456616842
159,longitudinal_wave_force (calculated),293.886643535893,2.619442745683921,2024-12-01 21:00:00,ridge_regression,4346.987456616842
160,longitudinal_wave_force (calculated),20.499203941656333,0.4358717540011054,2024-04-02 14:30:00,ridge_regression,4346.987456616842
161,longitudinal_wave_force (calculated),53.4723436538822,0.6992312978308615,2024-08-10 14:15:00,ridge_regression,4346.987456616842
162,longitudinal_wave_force (calculated),-54.263259315682184,-0.1612630166297966,2024-03-24 01:15:00,ridge_regression,4346.987456616842
163,longitudinal_wave_force (calculated),168.6766540215217,1.6193788752358846,2024-11-12 20:15:00,ridge_regression,4346.987456616842
164,longitudinal_wave_force (calculated),-8.325603090000984,0.2056453304002352,2024-06-07 14:00:00,ridge_regression,4346.987456616842
165,longitudinal_wave_force (calculated),284.049839288254,2.5408752722188286,2024-05-10 12:45:00,ridge_regression,4346.987456616842
166,longitudinal_wave_force (calculated),287.5655742399685,2.5689557753553456,2024-04-25 01:30:00,ridge_regression,4346.987456616842
167,longitudinal_wave_force (calculated),-42.93643102346495,-0.0707945820763776,2024-12-09 21:15:00,ridge_regression,4346.987456616842
168,longitudinal_wave_force (calculated),65.50004387100812,0.7952976618516506,2024-03-27 10:00:00,ridge_regression,4346.987456616842
169,longitudinal_wave_force (calculated),157.21679906307278,1.5278479442856476,2024-02-25 16:15:00,ridge_regression,4346.987456616842
170,longitudinal_wave_force (calculated),276.57686655624116,2.481187941654268,2024-04-25 04:00:00,ridge_regression,4346.987456616842
171,longitudinal_wave_force (calculated),-18.824130793800553,0.1217926099408752,2024-12-28 21:15:00,ridge_regression,4346.987456616842
172,longitudinal_wave_force (calculated),44.77758027735805,0.6297854113749823,2024-02-26 19:00:00,ridge_regression,4346.987456616842
173,longitudinal_wave_force (calculated),300.04145099278213,2.6686017671890814,2024-08-27 13:00:00,ridge_regression,4346.987456616842
174,longitudinal_wave_force (calculated),-305.040257213448,-2.1642423005486124,2024-04-23 21:45:00,ridge_regression,4346.987456616842
175,longitudinal_wave_force (calculated),71.57593271010657,0.8438263529920943,2024-02-17 16:15:00,ridge_regression,4346.987456616842
176,longitudinal_wave_force (calculated),73.97352656462297,0.862976158843924,2024-08-19 20:15:00,ridge_regression,4346.987456616842
177,longitudinal_wave_force (calculated),99.40952464537834,1.0661358491211086,2024-08-08 07:45:00,ridge_regression,4346.987456616842
178,longitudinal_wave_force (calculated),-38.427589314795426,-0.0347820425985199,2024-03-22 20:15:00,ridge_regression,4346.987456616842
179,longitudinal_wave_force (calculated),256.44671022460324,2.3204065045515154,2024-08-25 11:45:00,ridge_regression,4346.987456616842
180,longitudinal_wave_force (calculated),-222.2171776226658,-1.5027266350714874,2024-10-31 09:00:00,ridge_regression,4346.987456616842
181,longitudinal_wave_force (calculated),153.8098707735488,1.5006364901135472,2024-12-16 02:15:00,ridge_regression,4346.987456616842
182,longitudinal_wave_force (calculated),-42.78804887952957,-0.0696094400462236,2024-07-18 00:00:00,ridge_regression,4346.987456616842
183,longitudinal_wave_force (calculated),10.369808779461437,0.3549673295978202,2024-08-17 22:30:00,ridge_regression,4346.987456616842
184,longitudinal_wave_force (calculated),257.37613147553435,2.327829878813328,2024-02-14 13:45:00,ridge_regression,4346.987456616842
185,longitudinal_wave_force (calculated),-33.243293096076656,0.0066254150823783,2024-06-08 10:30:00,ridge_regression,4346.987456616842
186,longitudinal_wave_force (calculated),-384.59309083880214,-2.79963820633093,2024-08-14 20:30:00,ridge_regression,4346.987456616842
187,longitudinal_wave_force (calculated),-52.42250679127509,-0.1465607544442154,2024-02-28 03:15:00,ridge_regression,4346.987456616842
188,longitudinal_wave_force (calculated),59.07699252039799,0.7439961513356664,2024-10-16 23:30:00,ridge_regression,4346.987456616842
189,longitudinal_wave_force (calculated),-108.40596311137473,-0.5937058442703759,2024-05-06 03:00:00,ridge_regression,4346.987456616842
190,longitudinal_wave_force (calculated),15.4217853201589,0.3953179376627052,2024-08-18 20:15:00,ridge_regression,4346.987456616842
191,longitudinal_wave_force (calculated),248.53803290348924,2.2572391607752365,2024-11-02 00:45:00,ridge_regression,4346.987456616842
192,longitudinal_wave_force (calculated),-34.754013511781274,-0.0054408498534678,2024-12-23 18:30:00,ridge_regression,4346.987456616842
193,longitudinal_wave_force (calculated),-111.15865572597359,-0.615691857055666,2024-02-20 05:30:00,ridge_regression,4346.987456616842
194,longitudinal_wave_force (calculated),128.37805626997437,1.297510214457697,2024-06-01 18:45:00,ridge_regression,4346.987456616842
195,longitudinal_wave_force (calculated),-44.44972346802888,-0.0828813900467416,2024-03-23 23:15:00,ridge_regression,4346.987456616842
196,longitudinal_wave_force (calculated),-234.92760310039733,-1.6042459894584786,2024-10-31 11:15:00,ridge_regression,4346.987456616842
197,longitudinal_wave_force (calculated),-12.729026633290639,0.1704747756465448,2024-03-10 10:15:00,ridge_regression,4346.987456616842
198,longitudinal_wave_force (calculated),4.669232954352765,0.3094362985231281,2024-02-27 18:30:00,ridge_regression,4346.987456616842
199,longitudinal_wave_force (calculated),80.82932990446335,0.9177340998809232,2024-12-14 09:30:00,ridge_regression,4346.987456616842
0,longitudinal_wind_force (calculated),-3.7972542144616455,1.0549932058652811,2024-12-22 11:30:00,ridge_regression,4346.987456616842
1,longitudinal_wind_force (calculated),-111.32794824151244,-4.485637055853089,2024-03-09 10:00:00,ridge_regression,4346.987456616842
2,longitudinal_wind_force (calculated),-50.28608167321125,-1.3403917265983405,2024-04-12 18:15:00,ridge_regression,4346.987456616842
3,longitudinal_wind_force (calculated),-43.65846292425318,-0.9988968135796268,2024-08-05 02:15:00,ridge_regression,4346.987456616842
4,longitudinal_wind_force (calculated),136.25065462376915,8.271106603257492,2024-08-24 05:00:00,ridge_regression,4346.987456616842
5,longitudinal_wind_force (calculated),68.51244554195482,4.780825297913236,2024-04-28 22:15:00,ridge_regression,4346.987456616842
6,longitudinal_wind_force (calculated),194.52811277066357,11.273912928523831,2024-04-29 15:00:00,ridge_regression,4346.987456616842
7,longitudinal_wind_force (calculated),153.9010149632102,9.180559680927944,2024-08-24 07:30:00,ridge_regression,4346.987456616842
8,longitudinal_wind_force (calculated),123.66122833737573,7.622423388746474,2024-12-20 13:45:00,ridge_regression,4346.987456616842
9,longitudinal_wind_force (calculated),-117.33035116112873,-4.794917076412453,2024-12-24 11:45:00,ridge_regression,4346.987456616842
10,longitudinal_wind_force (calculated),17.288661871131865,2.14146684780519,2024-09-14 02:00:00,ridge_regression,4346.987456616842
11,longitudinal_wind_force (calculated),112.52429997811595,7.048581632695111,2024-02-10 19:00:00,ridge_regression,4346.987456616842
12,longitudinal_wind_force (calculated),-40.388184719897964,-0.8303923456485095,2024-09-12 02:45:00,ridge_regression,4346.987456616842
13,longitudinal_wind_force (calculated),104.83525952413281,6.652395868171014,2024-05-05 15:30:00,ridge_regression,4346.987456616842
14,longitudinal_wind_force (calculated),41.34039476801609,3.3807572694007453,2024-09-15 02:15:00,ridge_regression,4346.987456616842
15,longitudinal_wind_force (calculated),119.65412907015548,7.415953453231269,2024-04-02 01:45:00,ridge_regression,4346.987456616842
16,longitudinal_wind_force (calculated),-198.05856005906168,-8.954521561822839,2024-12-27 03:45:00,ridge_regression,4346.987456616842
17,longitudinal_wind_force (calculated),-17.796805606650327,0.3336518363533787,2024-03-12 02:45:00,ridge_regression,4346.987456616842
18,longitudinal_wind_force (calculated),36.332050988637555,3.1226971745022944,2024-03-17 07:45:00,ridge_regression,4346.987456616842
19,longitudinal_wind_force (calculated),104.52054275766298,6.63617976117058,2024-12-14 15:15:00,ridge_regression,4346.987456616842
20,longitudinal_wind_force (calculated),77.81456551859138,5.260126653744906,2024-10-26 01:45:00,ridge_regression,4346.987456616842
21,longitudinal_wind_force (calculated),116.81191608075382,7.269505488379794,2024-04-01 22:00:00,ridge_regression,4346.987456616842
22,longitudinal_wind_force (calculated),-64.4715564457615,-2.0713129906409526,2024-05-11 08:45:00,ridge_regression,4346.987456616842
23,longitudinal_wind_force (calculated),-176.15337093367677,-7.825834028882349,2024-04-30 21:45:00,ridge_regression,4346.987456616842
24,longitudinal_wind_force (calculated),-175.40933763291235,-7.787496943278615,2024-08-02 07:15:00,ridge_regression,4346.987456616842
25,longitudinal_wind_force (calculated),-1.332776522107224,1.181977968728947,2024-02-28 08:00:00,ridge_regression,4346.987456616842
26,longitudinal_wind_force (calculated),147.4722172687184,8.849309228442158,2024-03-03 03:45:00,ridge_regression,4346.987456616842
27,longitudinal_wind_force (calculated),-103.26068465460395,-4.069962953092833,2024-11-11 13:30:00,ridge_regression,4346.987456616842
28,longitudinal_wind_force (calculated),-25.286302335599984,-0.0522522312891338,2024-02-28 17:45:00,ridge_regression,4346.987456616842
29,longitudinal_wind_force (calculated),76.75901157345868,5.205738144638792,2024-02-17 22:00:00,ridge_regression,4346.987456616842
30,longitudinal_wind_force (calculated),-162.24446347245453,-7.109163181694259,2024-11-20 07:00:00,ridge_regression,4346.987456616842
31,longitudinal_wind_force (calculated),100.64870355013055,6.436679240171807,2024-02-25 02:30:00,ridge_regression,4346.987456616842
32,longitudinal_wind_force (calculated),23.389082222401612,2.4557973179400205,2024-03-10 23:15:00,ridge_regression,4346.987456616842
33,longitudinal_wind_force (calculated),-65.57529501365269,-2.1281842622868408,2024-03-20 15:30:00,ridge_regression,4346.987456616842
34,longitudinal_wind_force (calculated),72.75325311021966,4.999337295435939,2024-08-17 00:15:00,ridge_regression,4346.987456616842
35,longitudinal_wind_force (calculated),-69.6368595873556,-2.3374605790687446,2024-06-05 05:15:00,ridge_regression,4346.987456616842
36,longitudinal_wind_force (calculated),28.006532112559796,2.6937162007749587,2024-07-20 01:30:00,ridge_regression,4346.987456616842
37,longitudinal_wind_force (calculated),-77.61723124042967,-2.748657485039177,2024-11-11 15:15:00,ridge_regression,4346.987456616842
38,longitudinal_wind_force (calculated),170.967586685956,10.059932446131548,2024-02-14 05:30:00,ridge_regression,4346.987456616842
39,longitudinal_wind_force (calculated),84.3859145702567,5.598722212393585,2024-02-16 01:00:00,ridge_regression,4346.987456616842
40,longitudinal_wind_force (calculated),-22.556882457210918,0.0883839518209221,2024-09-12 03:30:00,ridge_regression,4346.987456616842
41,longitudinal_wind_force (calculated),20.837535909382055,2.32432625431482,2024-05-02 05:30:00,ridge_regression,4346.987456616842
42,longitudinal_wind_force (calculated),-4.402460181019023,1.023809342288313,2024-09-15 14:15:00,ridge_regression,4346.987456616842
43,longitudinal_wind_force (calculated),57.78166373864896,4.227910663359336,2024-08-22 00:30:00,ridge_regression,4346.987456616842
44,longitudinal_wind_force (calculated),140.53714218292458,8.491972309571645,2024-07-25 09:45:00,ridge_regression,4346.987456616842
45,longitudinal_wind_force (calculated),145.38353908243633,8.741687923933602,2024-12-28 23:30:00,ridge_regression,4346.987456616842
46,longitudinal_wind_force (calculated),27.490109764448448,2.667107004994496,2024-09-15 19:00:00,ridge_regression,4346.987456616842
47,longitudinal_wind_force (calculated),3.2865071841829376,1.4199913408373488,2024-04-10 16:45:00,ridge_regression,4346.987456616842
48,longitudinal_wind_force (calculated),-46.350276621613546,-1.1375952993045688,2024-10-20 09:15:00,ridge_regression,4346.987456616842
49,longitudinal_wind_force (calculated),68.34069658535732,4.771975755231908,2024-07-24 18:30:00,ridge_regression,4346.987456616842
50,longitudinal_wind_force (calculated),122.90607191323406,7.5835131727027,2024-02-23 12:30:00,ridge_regression,4346.987456616842
51,longitudinal_wind_force (calculated),-107.18786666273043,-4.272315069150234,2024-11-03 22:00:00,ridge_regression,4346.987456616842
52,longitudinal_wind_force (calculated),-22.48152289874523,0.0922669310383115,2024-02-28 14:30:00,ridge_regression,4346.987456616842
53,longitudinal_wind_force (calculated),-32.13882428363877,-0.4053355143268578,2024-11-09 07:30:00,ridge_regression,4346.987456616842
54,longitudinal_wind_force (calculated),77.9198400883894,5.265551034871523,2024-08-23 03:15:00,ridge_regression,4346.987456616842
55,longitudinal_wind_force (calculated),-111.59768528228918,-4.4995355359508284,2024-02-29 22:45:00,ridge_regression,4346.987456616842
56,longitudinal_wind_force (calculated),99.46935862261766,6.37591227262352,2024-12-16 01:30:00,ridge_regression,4346.987456616842
57,longitudinal_wind_force (calculated),-37.79716108061547,-0.6968871719440891,2024-09-18 22:45:00,ridge_regression,4346.987456616842
58,longitudinal_wind_force (calculated),-159.39059777643328,-6.962114799078249,2024-04-24 16:30:00,ridge_regression,4346.987456616842
59,longitudinal_wind_force (calculated),122.24458751613696,7.549429504766132,2024-02-24 23:15:00,ridge_regression,4346.987456616842
60,longitudinal_wind_force (calculated),5.803858766256781,1.5497004855724985,2024-09-14 11:00:00,ridge_regression,4346.987456616842
61,longitudinal_wind_force (calculated),-237.2047267722845,-10.971568302607338,2024-04-27 12:45:00,ridge_regression,4346.987456616842
62,longitudinal_wind_force (calculated),68.48784550298109,4.779557755453726,2024-07-16 23:30:00,ridge_regression,4346.987456616842
63,longitudinal_wind_force (calculated),43.66003446205045,3.5002791045505903,2024-07-18 08:00:00,ridge_regression,4346.987456616842
64,longitudinal_wind_force (calculated),12.31588554633946,1.8852394028026296,2024-04-03 06:15:00,ridge_regression,4346.987456616842
65,longitudinal_wind_force (calculated),-76.03435100823411,-2.66709794341689,2024-08-04 14:45:00,ridge_regression,4346.987456616842
66,longitudinal_wind_force (calculated),14.541696939543044,1.9999266376768217,2024-03-17 21:45:00,ridge_regression,4346.987456616842
67,longitudinal_wind_force (calculated),56.07887374643906,4.14017264729282,2024-08-08 08:30:00,ridge_regression,4346.987456616842
68,longitudinal_wind_force (calculated),-61.17267280146709,-1.901334597821592,2024-12-25 00:15:00,ridge_regression,4346.987456616842
69,longitudinal_wind_force (calculated),109.3866961578629,6.886913349670743,2024-12-17 16:45:00,ridge_regression,4346.987456616842
70,longitudinal_wind_force (calculated),81.86243519054248,5.4686973265452,2024-08-22 22:45:00,ridge_regression,4346.987456616842
71,longitudinal_wind_force (calculated),19.96494103925945,2.279364900839282,2024-03-17 20:15:00,ridge_regression,4346.987456616842
72,longitudinal_wind_force (calculated),90.28485214754568,5.902671074143661,2024-02-17 09:15:00,ridge_regression,4346.987456616842
73,longitudinal_wind_force (calculated),-100.2750393043946,-3.916124487454637,2024-03-01 06:00:00,ridge_regression,4346.987456616842
74,longitudinal_wind_force (calculated),24.119796832299425,2.493448144217233,2024-08-15 18:00:00,ridge_regression,4346.987456616842
75,longitudinal_wind_force (calculated),53.787132513166064,4.022088309197604,2024-07-17 19:00:00,ridge_regression,4346.987456616842
76,longitudinal_wind_force (calculated),57.75964527534323,4.226776139257043,2024-04-02 12:15:00,ridge_regression,4346.987456616842
77,longitudinal_wind_force (calculated),8.406487489772871,1.683803623248692,2024-08-06 22:30:00,ridge_regression,4346.987456616842
78,longitudinal_wind_force (calculated),133.9911519790128,8.154683391789877,2024-12-17 15:00:00,ridge_regression,4346.987456616842
79,longitudinal_wind_force (calculated),-60.3037971712234,-1.8565648820287897,2024-02-20 16:15:00,ridge_regression,4346.987456616842
80,longitudinal_wind_force (calculated),-137.37662374024913,-5.827822011059229,2024-09-19 23:30:00,ridge_regression,4346.987456616842
81,longitudinal_wind_force (calculated),-53.18646203027146,-1.4898368252487395,2024-11-11 06:00:00,ridge_regression,4346.987456616842
82,longitudinal_wind_force (calculated),98.77067706728599,6.33991198262444,2024-08-19 12:30:00,ridge_regression,4346.987456616842
83,longitudinal_wind_force (calculated),88.16431383909773,5.793408143877798,2024-09-17 09:00:00,ridge_regression,4346.987456616842
84,longitudinal_wind_force (calculated),19.45761574676635,2.253224440261395,2024-11-13 04:45:00,ridge_regression,4346.987456616842
85,longitudinal_wind_force (calculated),-99.69692021705772,-3.886336303353731,2024-05-11 13:15:00,ridge_regression,4346.987456616842
86,longitudinal_wind_force (calculated),-97.16008720860908,-3.755623357969051,2024-04-15 05:00:00,ridge_regression,4346.987456616842
87,longitudinal_wind_force (calculated),0.30880426050441656,1.2665621169434784,2024-09-14 10:00:00,ridge_regression,4346.987456616842
88,longitudinal_wind_force (calculated),33.096305696696774,2.955972050611357,2024-05-08 14:30:00,ridge_regression,4346.987456616842
89,longitudinal_wind_force (calculated),-186.29029397075828,-8.348149476096296,2024-12-26 19:15:00,ridge_regression,4346.987456616842
90,longitudinal_wind_force (calculated),-14.557050338325544,0.5005835784262374,2024-02-28 15:45:00,ridge_regression,4346.987456616842
91,longitudinal_wind_force (calculated),47.4038737437636,3.6931842969419937,2024-07-20 22:15:00,ridge_regression,4346.987456616842
92,longitudinal_wind_force (calculated),67.19079721748913,4.712726000608954,2024-03-15 00:15:00,ridge_regression,4346.987456616842
93,longitudinal_wind_force (calculated),-278.24536613555966,-13.086229706719813,2024-04-26 14:00:00,ridge_regression,4346.987456616842
94,longitudinal_wind_force (calculated),27.464482980877165,2.665786558457341,2024-08-20 10:00:00,ridge_regression,4346.987456616842
95,longitudinal_wind_force (calculated),16.148990327711402,2.082744092418676,2024-09-14 14:30:00,ridge_regression,4346.987456616842
96,longitudinal_wind_force (calculated),106.4773981328593,6.737008758953199,2024-11-30 23:30:00,ridge_regression,4346.987456616842
97,longitudinal_wind_force (calculated),10.340085682509425,1.783434270643072,2024-04-28 19:00:00,ridge_regression,4346.987456616842
98,longitudinal_wind_force (calculated),105.06249283687795,6.664104299707303,2024-05-05 15:45:00,ridge_regression,4346.987456616842
99,longitudinal_wind_force (calculated),38.988104965946704,3.259553103654359,2024-07-16 12:00:00,ridge_regression,4346.987456616842
100,longitudinal_wind_force (calculated),75.6706370499671,5.149658521276307,2024-07-23 00:30:00,ridge_regression,4346.987456616842
101,longitudinal_wind_force (calculated),-18.44636468600038,0.300182632751663,2024-12-22 13:15:00,ridge_regression,4346.987456616842
102,longitudinal_wind_force (calculated),64.10772297732773,4.553867410615389,2024-03-26 15:00:00,ridge_regression,4346.987456616842
103,longitudinal_wind_force (calculated),55.06662535453529,4.08801550162103,2024-08-08 16:15:00,ridge_regression,4346.987456616842
104,longitudinal_wind_force (calculated),-222.71680854512687,-10.225063326656002,2024-08-14 09:30:00,ridge_regression,4346.987456616842
105,longitudinal_wind_force (calculated),52.28666740723569,3.944775292223327,2024-02-26 12:00:00,ridge_regression,4346.987456616842
106,longitudinal_wind_force (calculated),2.5266440130910723,1.3808386047873584,2024-02-28 09:30:00,ridge_regression,4346.987456616842
107,longitudinal_wind_force (calculated),168.07050913726465,9.910657528099442,2024-02-09 05:45:00,ridge_regression,4346.987456616842
108,longitudinal_wind_force (calculated),-101.01330604108367,-3.954164444878254,2024-08-04 02:30:00,ridge_regression,4346.987456616842
109,longitudinal_wind_force (calculated),-34.687188699736865,-0.5366426274211286,2024-07-20 09:00:00,ridge_regression,4346.987456616842
110,longitudinal_wind_force (calculated),-113.29216116447078,-4.586845158896338,2024-03-01 09:30:00,ridge_regression,4346.987456616842
111,longitudinal_wind_force (calculated),-83.60300647399643,-3.0570807468718253,2024-09-19 01:00:00,ridge_regression,4346.987456616842
112,longitudinal_wind_force (calculated),-115.43829039775288,-4.697426688040836,2024-08-04 01:45:00,ridge_regression,4346.987456616842
113,longitudinal_wind_force (calculated),77.02563648150696,5.219476268877847,2024-12-22 01:45:00,ridge_regression,4346.987456616842
114,longitudinal_wind_force (calculated),152.17371130441876,9.09155857282881,2024-02-13 18:00:00,ridge_regression,4346.987456616842
115,longitudinal_wind_force (calculated),87.52831982549671,5.76063789432334,2024-08-17 03:45:00,ridge_regression,4346.987456616842
116,longitudinal_wind_force (calculated),259.73341255373015,14.633683461685264,2024-12-01 21:30:00,ridge_regression,4346.987456616842
117,longitudinal_wind_force (calculated),76.16953301831072,5.17536465220633,2024-03-27 03:00:00,ridge_regression,4346.987456616842
118,longitudinal_wind_force (calculated),-121.65868023983316,-5.017938710310927,2024-10-23 08:00:00,ridge_regression,4346.987456616842
119,longitudinal_wind_force (calculated),72.05812427757655,4.963520063149044,2024-02-17 12:45:00,ridge_regression,4346.987456616842
120,longitudinal_wind_force (calculated),-94.6086237962755,-3.624156565887467,2024-09-19 03:30:00,ridge_regression,4346.987456616842
121,longitudinal_wind_force (calculated),127.65040272598222,7.827969726345889,2024-02-23 13:30:00,ridge_regression,4346.987456616842
122,longitudinal_wind_force (calculated),-6.271428416143181,0.9275088203265224,2024-04-28 09:30:00,ridge_regression,4346.987456616842
123,longitudinal_wind_force (calculated),-71.21165493180128,-2.418603538485105,2024-04-28 04:30:00,ridge_regression,4346.987456616842
124,longitudinal_wind_force (calculated),-315.8450319293069,-15.02359138760812,2024-04-26 23:15:00,ridge_regression,4346.987456616842
125,longitudinal_wind_force (calculated),69.82703760651458,4.848561014125388,2024-09-18 01:00:00,ridge_regression,4346.987456616842
126,longitudinal_wind_force (calculated),-259.97781653249814,-12.144975313693164,2024-08-14 04:30:00,ridge_regression,4346.987456616842
127,longitudinal_wind_force (calculated),86.15559026157007,5.689906583306824,2024-11-13 15:00:00,ridge_regression,4346.987456616842
128,longitudinal_wind_force (calculated),-15.377902614607605,0.4582883156315617,2024-05-06 15:00:00,ridge_regression,4346.987456616842
129,longitudinal_wind_force (calculated),-13.842823925979701,0.5373848332658161,2024-04-28 11:45:00,ridge_regression,4346.987456616842
130,longitudinal_wind_force (calculated),-152.39372434843168,-6.601593656688529,2024-11-06 06:45:00,ridge_regression,4346.987456616842
131,longitudinal_wind_force (calculated),95.65030933592887,6.179131806912991,2024-08-21 08:30:00,ridge_regression,4346.987456616842
132,longitudinal_wind_force (calculated),-76.21817485014587,-2.6765696570567563,2024-04-11 21:30:00,ridge_regression,4346.987456616842
133,longitudinal_wind_force (calculated),-84.84499764508263,-3.121075626934384,2024-11-11 10:30:00,ridge_regression,4346.987456616842
134,longitudinal_wind_force (calculated),115.99919599558011,7.227629245145589,2024-12-15 14:45:00,ridge_regression,4346.987456616842
135,longitudinal_wind_force (calculated),38.68022804842072,3.2436894269472942,2024-04-03 04:45:00,ridge_regression,4346.987456616842
136,longitudinal_wind_force (calculated),87.28491319106446,5.748096115654068,2024-10-26 06:15:00,ridge_regression,4346.987456616842
137,longitudinal_wind_force (calculated),106.83515709842956,6.755442659794021,2024-04-25 14:30:00,ridge_regression,4346.987456616842
138,longitudinal_wind_force (calculated),31.362084727483122,2.866614520935989,2024-10-18 10:45:00,ridge_regression,4346.987456616842
139,longitudinal_wind_force (calculated),48.253546843847104,3.736964582501248,2024-06-02 01:30:00,ridge_regression,4346.987456616842
140,longitudinal_wind_force (calculated),57.57440794822935,4.217231594329747,2024-08-22 23:30:00,ridge_regression,4346.987456616842
141,longitudinal_wind_force (calculated),-18.50509850448202,0.2971563119880402,2024-12-22 13:45:00,ridge_regression,4346.987456616842
142,longitudinal_wind_force (calculated),60.81385693732045,4.384147555048227,2024-08-22 17:45:00,ridge_regression,4346.987456616842
143,longitudinal_wind_force (calculated),-19.153323221356043,0.2637558627934617,2024-03-22 19:00:00,ridge_regression,4346.987456616842
144,longitudinal_wind_force (calculated),-177.44914845248246,-7.892600306158872,2024-08-02 04:45:00,ridge_regression,4346.987456616842
145,longitudinal_wind_force (calculated),74.40999991818602,5.084702888797668,2024-03-27 03:15:00,ridge_regression,4346.987456616842
146,longitudinal_wind_force (calculated),174.18411752953858,10.225667525691424,2024-03-02 08:15:00,ridge_regression,4346.987456616842
147,longitudinal_wind_force (calculated),-52.1854817600058,-1.4382602812024117,2024-02-29 02:45:00,ridge_regression,4346.987456616842
148,longitudinal_wind_force (calculated),-217.64381648736835,-9.963672162328525,2024-08-15 06:30:00,ridge_regression,4346.987456616842
149,longitudinal_wind_force (calculated),47.379601680693874,3.6919336537802656,2024-03-16 22:00:00,ridge_regression,4346.987456616842
150,longitudinal_wind_force (calculated),24.162170626123437,2.4956314977842107,2024-08-15 18:15:00,ridge_regression,4346.987456616842
151,longitudinal_wind_force (calculated),-51.54039071115495,-1.4050212974948475,2024-05-11 03:00:00,ridge_regression,4346.987456616842
152,longitudinal_wind_force (calculated),76.62986211243911,5.199083585040851,2024-08-22 13:15:00,ridge_regression,4346.987456616842
153,longitudinal_wind_force (calculated),-134.54516003887346,-5.681927914394561,2024-11-05 19:30:00,ridge_regression,4346.987456616842
154,longitudinal_wind_force (calculated),1.2708416342134115,1.3161320879541294,2024-06-10 03:00:00,ridge_regression,4346.987456616842
155,longitudinal_wind_force (calculated),-105.80915237133262,-4.201275388858992,2024-04-14 12:00:00,ridge_regression,4346.987456616842
156,longitudinal_wind_force (calculated),74.33857495504354,5.081022643675053,2024-07-17 00:30:00,ridge_regression,4346.987456616842
157,longitudinal_wind_force (calculated),13.646302399897536,1.9537905076403943,2024-08-20 05:45:00,ridge_regression,4346.987456616842
158,longitudinal_wind_force (calculated),12.310612676747041,1.8849677127415416,2024-11-19 00:00:00,ridge_regression,4346.987456616842
159,longitudinal_wind_force (calculated),259.6712332669521,14.63047960960281,2024-12-01 21:00:00,ridge_regression,4346.987456616842
160,longitudinal_wind_force (calculated),60.66392181825213,4.376421992914346,2024-04-02 14:30:00,ridge_regression,4346.987456616842
161,longitudinal_wind_force (calculated),-11.171700758480313,0.6750172180330821,2024-08-10 14:15:00,ridge_regression,4346.987456616842
162,longitudinal_wind_force (calculated),-27.817007162983145,-0.1826494158041908,2024-03-24 01:15:00,ridge_regression,4346.987456616842
163,longitudinal_wind_force (calculated),129.0014432887511,7.897583489138177,2024-11-12 20:15:00,ridge_regression,4346.987456616842
164,longitudinal_wind_force (calculated),2.334935570170728,1.3709606289230174,2024-06-07 14:00:00,ridge_regression,4346.987456616842
165,longitudinal_wind_force (calculated),39.43015060317266,3.282329962455794,2024-05-10 12:45:00,ridge_regression,4346.987456616842
166,longitudinal_wind_force (calculated),41.899602665382986,3.4095710348727843,2024-04-25 01:30:00,ridge_regression,4346.987456616842
167,longitudinal_wind_force (calculated),-50.76065920511046,-1.3648448249305136,2024-12-09 21:15:00,ridge_regression,4346.987456616842
168,longitudinal_wind_force (calculated),70.12026776830032,4.863670001589265,2024-03-27 10:00:00,ridge_regression,4346.987456616842
169,longitudinal_wind_force (calculated),108.8619830269812,6.859876962730319,2024-02-25 16:15:00,ridge_regression,4346.987456616842
170,longitudinal_wind_force (calculated),63.47119839971589,4.521069823201381,2024-04-25 04:00:00,ridge_regression,4346.987456616842
171,longitudinal_wind_force (calculated),42.76875418628577,3.4543549662172848,2024-12-28 21:15:00,ridge_regression,4346.987456616842
172,longitudinal_wind_force (calculated),16.502608605762845,2.100964640051118,2024-02-26 19:00:00,ridge_regression,4346.987456616842
173,longitudinal_wind_force (calculated),165.3999614319896,9.773054794618677,2024-08-27 13:00:00,ridge_regression,4346.987456616842
174,longitudinal_wind_force (calculated),-204.55690766521712,-9.289355645463884,2024-04-23 21:45:00,ridge_regression,4346.987456616842
175,longitudinal_wind_force (calculated),69.98751019819383,4.856829530437694,2024-02-17 16:15:00,ridge_regression,4346.987456616842
176,longitudinal_wind_force (calculated),25.823125316294863,2.581213906630123,2024-08-19 20:15:00,ridge_regression,4346.987456616842
177,longitudinal_wind_force (calculated),57.98984586127722,4.238637462614343,2024-08-08 07:45:00,ridge_regression,4346.987456616842
178,longitudinal_wind_force (calculated),-28.269626856639558,-0.2059711138031846,2024-03-22 20:15:00,ridge_regression,4346.987456616842
179,longitudinal_wind_force (calculated),151.03177336297244,9.032719038939144,2024-08-25 11:45:00,ridge_regression,4346.987456616842
180,longitudinal_wind_force (calculated),-119.34638907241398,-4.898795515597697,2024-10-31 09:00:00,ridge_regression,4346.987456616842
181,longitudinal_wind_force (calculated),93.19597377613053,6.052669627922399,2024-12-16 02:15:00,ridge_regression,4346.987456616842
182,longitudinal_wind_force (calculated),61.02451207955767,4.3950017791972105,2024-07-18 00:00:00,ridge_regression,4346.987456616842
183,longitudinal_wind_force (calculated),-89.93739288964085,-3.3834665605364043,2024-08-17 22:30:00,ridge_regression,4346.987456616842
184,longitudinal_wind_force (calculated),158.69179195085633,9.427409421786267,2024-02-14 13:45:00,ridge_regression,4346.987456616842
185,longitudinal_wind_force (calculated),-16.97669538505329,0.3759088640126798,2024-06-08 10:30:00,ridge_regression,4346.987456616842
186,longitudinal_wind_force (calculated),-282.3725534768919,-13.298887304497567,2024-08-14 20:30:00,ridge_regression,4346.987456616842
187,longitudinal_wind_force (calculated),-31.282116528743927,-0.3611927609002645,2024-02-28 03:15:00,ridge_regression,4346.987456616842
188,longitudinal_wind_force (calculated),41.877328441302325,3.408423332431968,2024-10-16 23:30:00,ridge_regression,4346.987456616842
189,longitudinal_wind_force (calculated),-36.83234934335066,-0.6471742489808755,2024-05-06 03:00:00,ridge_regression,4346.987456616842
190,longitudinal_wind_force (calculated),12.351049524722242,1.8870512631697136,2024-08-18 20:15:00,ridge_regression,4346.987456616842
191,longitudinal_wind_force (calculated),74.9028963192593,5.110099885816879,2024-11-02 00:45:00,ridge_regression,4346.987456616842
192,longitudinal_wind_force (calculated),-15.581636073424534,0.4477907383820597,2024-12-23 18:30:00,ridge_regression,4346.987456616842
193,longitudinal_wind_force (calculated),-31.25472157752347,-0.3597812076956969,2024-02-20 05:30:00,ridge_regression,4346.987456616842
194,longitudinal_wind_force (calculated),160.68979629346842,9.530358662687986,2024-06-01 18:45:00,ridge_regression,4346.987456616842
195,longitudinal_wind_force (calculated),-49.64382296513493,-1.307298682179541,2024-03-23 23:15:00,ridge_regression,4346.987456616842
196,longitudinal_wind_force (calculated),-108.53191511197315,-4.341568556058981,2024-10-31 11:15:00,ridge_regression,4346.987456616842
197,longitudinal_wind_force (calculated),-11.886705990817518,0.6381758336877144,2024-03-10 10:15:00,ridge_regression,4346.987456616842
198,longitudinal_wind_force (calculated),-21.48434312458942,0.1436476505906193,2024-02-27 18:30:00,ridge_regression,4346.987456616842
199,longitudinal_wind_force (calculated),101.4709380446444,6.479045723190872,2024-12-14 09:30:00,ridge_regression,4346.987456616842
